ˆVc„–˘*í¶#pW!Ï*Ùƒp®¶3¯ÎøïÍùÊ)Identifier (RIC),Company Name,Date,ESG_score,Social_score,Gov_score,Env_score,BVPS,Market_cap,Shares,Industry,Net_income,RETURN_ON_ASSET,QUICK_RATIO,ASSET_GROWTH,FNCL_LVRG,PE_RATIO,Scope_1,Scope_2,CO2_emissions,Energy_use,Water_use,Water_recycle,Toxic_chem_red,Injury_rate,Women_Employees,Human_Rights,Strikes,Turnover_empl,Board_Size,Shareholder_Rights,Board_gen_div,Bribery,Recycling_Initiatives,Total_assets
AAL,American Airlines Group Inc,2021,59.0291072058579,64.2860182802019,56.3981161168075,54.3851524650897,-11.3972500641,10198305438.07,644015000,Airlines,-1993000000,-3.1032,0.7333,7.1507,34.6286,5.8534,898.957503058906,6.47021936724349,41439616,551629386,1873777.95,,0,,41,1,1,5.8,10,1,20,1,0,66467000000
AAL,American Airlines Group Inc,2020,69.4011781123426,68.8144850874914,83.9436149187121,56.9660014781965,-14.1913004662,10626751115.29,483888000,Airlines,-8885000000,-14.5652,0.4953,3.3553,34.6286,5.8534,904.245526593476,7.36400170629308,40604000,540190224,1729932.37,,0,,41.618,1,0,5.5,12,1,16.6666666666667,1,0,62008000000
AAL,American Airlines Group Inc,2019,69.3692279763464,72.4450593436002,77.107110446003,58.2181463760411,-0.266147604,10574818305.93,444269000,Airlines,1686000000,2.7966,0.3045,-0.9657,34.6286,5.8534,916.475059828258,7.64863216179438,39388000,564200000,1627726.3,,0,41.872,41.654,1,1,4.242,13,1,15.3846153846154,1,0,59995000000
AAL,American Airlines Group Inc,2018,71.6330221889981,72.0457414297103,83.0696231390639,60.6837354728334,-0.36403898,11198012018.25,465660000,Airlines,1412000000,2.4911,0.3573,14.7675,34.6286,7.0665,969.383687907927,9.11763240496238,39279000,562000000,1767786.47,,0,41.942,42.452,1,0,5.613,13,1,15.3846153846154,1,0,60580000000
AAL,American Airlines Group Inc,2017,69.7913714893476,73.9831179674454,78.6320457179353,56.144229177016,-1.594557245,11334335642.82,491692000,Airlines,2105000000,2.464,0.4439,2.9469,34.6286,9.8649,1015.24762137107,10.3195901439375,42038000,617300000,1608799.25,,0,30.7,42.505,1,0,7.139,13,1,15.3846153846154,1,0,52785000000
AAL,American Airlines Group Inc,2016,70.3178444988802,78.1502353706609,71.8204158172332,58.4691252144082,6.853060249,11009755584.32,556099000,Airlines,2584000000,5.3687,0.5733,5.9052,10.5827,8.1442,979.202813599062,12.168815943728,42282000,619000000,1767786.47,,0,38.95,42,1,0,,11,1,9.09090909090909,1,0,51274000000
AAL,American Airlines Group Inc,2015,51.7939064055515,54.3094313196976,35.9484536082474,62.8321256038647,8.430668783,10802024346.88,687355000,Airlines,7610000000,16.6085,0.5644,12.0069,11.9697,4.2243,1581.7223198594,,42300000,,,56781.15,0,,41,0,0,,12,1,8.33333333333333,1,0,48415000000
AAL,American Airlines Group Inc,2014,44.3093523127522,52.9531734730203,34.8529997669645,41.3372859025032,2.816897482,11314860839.31,734016000,Airlines,2882000000,6.7413,0.677,2.2399,28.1404,10.4955,1074.83403741702,18.5878092939046,27177000,389700000,1935858.67,98420.66,0,,41,0,1,,11,1,18.1818181818182,1,0,43225000000
AAL,American Airlines Group Inc,2013,46.8520213467207,51.2592460741268,31.0526163603848,55.3165584415584,-16.749874269,11600491290.79,163046000,Airlines,-1834000000,-5.5755,0.7831,79.8299,28.1404,,1128.90445806748,19.3085616581175,27533000,394700000,2018280.61,,0,,39,0,0,,11,1,18.1818181818182,1,0,42278000000
AAL,American Airlines Group Inc,2012,51.2468455113652,70.8696488696488,24.1237519536043,49.641360412637,-63.778138001,11797714590.84,125231000,Airlines,-1876000000,-7.9226,0.5391,-1.4173,28.1404,,,,27400000,469631498,2022924,,1,,39,0,0,,12,1,16.6666666666667,1,0,23510000000
ALK,Alaska Air Group Inc,2021,50.4825494508621,39.6399251380531,86.0630969029461,32.6481903676261,30.3926820882,6474416944.92,126775000,Airlines,464000000,3.4147,0.9176,-0.6763,4.1239,10.5475,905.454390160574,2.88463728504726,7976125,107090478,59089.504,,0,28.803,,1,0,,12,1,41.6666666666667,1,0,13951000000
ALK,Alaska Air Group Inc,2020,54.7647844652084,44.8279250680601,87.8670199175905,37.9711751662971,24.2041312272,6625511856.12,123450000,Airlines,-1324000000,-9.7933,0.8912,8.1044,3.6944,10.5475,937.954380445305,1.3000968054211,7761999,112275897,61424.924,,0,27.16,,1,0,,12,1,41.6666666666667,1,0,14046000000
ALK,Alaska Air Group Inc,2019,54.7808697365712,47.5337875422759,83.238381665594,38.6097820308346,35.131693151,6590256376.84,124289000,Airlines,769000000,6.4338,0.5761,19.0707,2.9578,10.5475,949.274005573854,1.25487712186471,7503475,108025619.48,63348.931,,0,27.506,,1,0,,11,1,36.3636363636364,1,0,12993000000
ALK,Alaska Air Group Inc,2018,61.1043032438357,55.1417419612012,89.2996458616732,43.4523692473075,30.439016473,7068723595.64,123975000,Airlines,437000000,4.0355,0.5445,1.5448,3.0035,13.6321,858.581772151899,2.1157805907173,5099633,73414401,68202.958,,0,32.976,54,1,0,,10,1,40,1,0,10912000000
ALK,Alaska Air Group Inc,2017,64.7690558317892,67.1789604694351,85.4188325047221,42.7711541645967,28.081908271,7248778364.82,123854000,Airlines,723000000,9.2718,0.7305,7.8699,3.2402,11.512,862.806359414076,1.87888531618435,4840510,69695200,82806.8,,0,32.853,54,0,0,,11,1,45.4545454545455,1,0,10746000000
ALK,Alaska Air Group Inc,2016,55.6621801114458,51.0891155421179,87.3416989757773,32.9831332189822,23.721844978,7076278341.2,124389000,Airlines,797000000,9.5683,0.7424,52.5574,3.0872,12.3738,,,,,,,,,,,,,,,,,,9962000000
ALK,Alaska Air Group Inc,2015,,,,,18.781207886,7028431619.32,129372000,Airlines,848000000,13.4667,0.8532,7.6847,2.7752,12.0625,,,,,,,,,,,,,,,,,,6533000000
ALK,Alaska Air Group Inc,2014,,,,,15.703791207,7281515595.58,136801000,Airlines,605000000,10.1664,0.8833,3.8712,2.8638,14.7979,,,,,,,,,,,,,,,,,,6064000000
ALK,Alaska Air Group Inc,2013,,,,,14.502179973,7402391524.54,141878000,Airlines,508000000,8.9571,0.938,6.049,3.2878,13.6386,,,,,,,,,,,,,,,,,,5838000000
ALK,Alaska Air Group Inc,2012,,,,,10.048367936,7414982767.14,143568000,Airlines,316000000,5.922,0.9207,6.5415,4.1125,9.1566,,,,,,,,,,,,,,,,,,5505000000
ALLE,Allegion PLC,2021,73.4037521550928,83.3829037232871,66.4458095655989,68.2678765371545,8.4438264739,10385605327.82,90500000,Building Products,483300000,15.7833,1.1331,-0.5995,3.8529,24.4624,,,100618,408600,394439.722,,1,1.95,36,1,0,,8,1,12.5,1,0,3051000000
ALLE,Allegion PLC,2020,59.5252119242063,62.2743592841454,67.2435897435897,41.1070135167732,8.985915493,10355606977.54,92800000,Building Products,314500000,10.4131,1.5383,3.4443,3.8043,22.7661,,,,,,,1,,,1,0,,7,1,28.5714285714286,1,0,3069400000
ALLE,Allegion PLC,2019,59.5789725449186,59.9790296691347,67.4,45.0790204858485,8.091880342,10113855566.46,94300000,Building Products,402100000,13.9094,1.3513,5.5868,4.1021,25.4909,8.62869275542702,28.8344254493539,102338,462330,,,1,,,1,0,,7,1,28.5714285714286,1,0,2967200000
ALLE,Allegion PLC,2018,47.4772630396032,58.8408969307845,45.4761904761904,31.1779123414071,6.852631579,10104150217.84,95700000,Building Products,413500000,16.2513,1.1688,10.5507,5.0847,17.1241,,,,,,,1,,,1,0,,7,1,28.5714285714286,1,0,2810200000
ALLE,Allegion PLC,2017,37.2050588751705,43.2674146620852,46.3333333333333,10.5169340463458,4.222923239,10155323874.2,96000000,Building Products,329000000,11.4127,1.6554,13.1085,9.3016,21.1839,,,,,,,1,,,1,0,,6,1,16.6666666666667,1,0,2542000000
ALLE,Allegion PLC,2016,33.0096531395577,46.7541872036254,36.1788617886179,3.43137254901961,1.182672234,9855340371.4,96900000,Building Products,231200000,10.1587,1.3324,-0.6894,32.4723,19.1713,8.8279096755476,28.7447415502152,77704,,,,0,,,1,0,,6,1,16.6666666666667,1,0,2247400000
ALLE,Allegion PLC,2015,28.5436102798803,30.9420916162489,38.5087719298245,6.77244582043343,0.266944734,9666527225.52,96900000,Building Products,154700000,7.1934,1.1253,12.2576,205.7163,21.7584,,,,,,,0,,,0,0,,6,1,16.6666666666667,1,0,2263000000
ALLE,Allegion PLC,2014,41.9183994959042,32.5793844650708,73.0555555555556,3.26797385620915,-0.049947971,10015037471.42,97200000,Building Products,183700000,8.724,0.9782,0.7648,3.1199,21.3734,,,,,,,0,,,0,0,,5,1,20,1,0,2015900000
ALLE,Allegion PLC,2013,,,,,-0.688541667,10069740345.46,96100000,Building Products,48400000,1.6213,0.9937,0.8469,3.1199,26.9942,,,,,,,,,,,,,,,,,,2000600000
ALLE,Allegion PLC,2012,,,,,13.991666667,10110326348.78,96000000,Building Products,230000000,10.9502,1.5827,-2.5734,1.4581,,,,,,,,,,,,,,,,,,,1983800000
AME,AMETEK Inc,2021,48.4331111646141,50.3798513303674,64.3690660200305,33.0261549002958,29.7542118595,30364402027.65,232813000,Electrical Equipment,990053000,8.8971,0.7522,14.8753,1.7358,34.7739,,,,,,,0,,,0,0,,8,1,37.5,1,0,11898187000
AME,AMETEK Inc,2020,46.5743169357756,50.9293626328754,58.7534861096353,31.6667186218391,25.9304203805,30350499974.07,231150000,Electrical Equipment,872439000,8.6371,1.6826,5.2102,1.8258,27.7144,,,,,,,0,,,0,0,,9,1,33.3333333333333,1,0,10357483000
AME,AMETEK Inc,2019,42.2657363212711,40.4512617141124,65.3863523586817,24.9810378053244,22.46010915,29516376759.27,229395000,Electrical Equipment,861297000,9.3079,0.798,13.6485,1.9778,26.7282,,,,,,,0,,,0,0,,9,1,33.3333333333333,1,0,9844559000
AME,AMETEK Inc,2018,26.1727710588502,29.150262345635,26.4202200825309,22.7133786146661,18.37738007,30072458902.47,232712000,Electrical Equipment,766133000,9.4534,0.8634,11.111,1.9902,20.5798,,,,,,,0,,,0,0,,9,1,33.3333333333333,1,0,8662288000
AME,AMETEK Inc,2017,30.6650290846918,29.5596904937361,44.8033748033748,20.0907590759076,17.494029857,30090994973.91,231845000,Electrical Equipment,589870000,9.1493,1.1544,9.7933,2.0451,27.7205,,,,,,,0,,,0,0,,9,1,33.3333333333333,1,0,7796064000
AME,AMETEK Inc,2016,33.2022516289273,26.6121385981309,56.6625539790253,20.8523083523083,14.000907164,29567350955.73,233730000,Electrical Equipment,512158000,7.4435,1.4166,6.6095,2.1135,21.136,,,,,,,0,,,0,0,,8,1,25,1,0,7100674000
AME,AMETEK Inc,2015,32.4411626694892,29.9132985122271,53.0481099656357,18.0306322426721,13.566255117,28909320419.61,241586000,Electrical Equipment,590859000,9.0336,0.9612,3.7298,2.0143,20.998,,,,,,,0,,,0,0,,7,1,14.2857142857143,1,0,6660450000
AME,AMETEK Inc,2014,29.5434301143586,33.9181356533367,37.7789220734638,17.9007492817765,13.228907446,29527961803.92,247102000,Electrical Equipment,584460000,9.5043,1.0288,9.239,1.929,21.6921,,,,,,,0,,,0,0,,7,1,14.2857142857143,1,0,6420963000
AME,AMETEK Inc,2013,25.6644714510956,33.6850535667343,27.2798903734155,15.5550604080015,12.857433942,29708688500.46,246065000,Electrical Equipment,516999000,9.3423,0.9512,13.2532,1.9516,25.4523,,,,,,,0,,,0,0,,7,1,14.2857142857143,1,0,5877902000
AME,AMETEK Inc,2012,12.242475831001,22.7973765791013,10.331641285956,2.30263157894736,10.496998079,29731858589.76,243986000,Electrical Equipment,459132000,9.6562,0.7567,20.1544,2.0727,19.984,,,,,,,0,,,0,0,,8,1,12.5,1,0,5190056000
AOS,A O Smith Corp,2021,54.001542945164,46.2908335963267,58.0778252383837,59.0293049523216,11.4579220913,10784338541.12,161319900,Building Products,487100000,14.6825,1.1314,9.925,1.8028,29.695,22.0005346342767,24.3636181374678,138754,2030842.8,1370806.738,,0,,42,1,0,,10,1,20,1,0,3474400000
AOS,A O Smith Corp,2020,52.0480514549293,41.103657087584,56.7458402106282,60.0909917080205,11.4424147154,10897395089.6,162604150,Building Products,344900000,11.0924,1.4381,3.3584,1.7691,25.3944,20.7663352049939,24.3241632422598,143744,1902160.8,964340.768,,0,,,1,0,,10,1,20,1,0,3160700000
AOS,A O Smith Corp,2019,41.5641387092263,32.6595043266645,58.3755837224816,37.2837387643126,10.07431591,10462441423.92,166710900,Building Products,370000000,12.0728,1.4885,-0.4395,1.8114,21.4595,22.1019788433944,27.5913504855341,148916,1894870.8,1048918.184,,0,,,1,0,,11,1,18.1818181818182,1,0,3058000000
AOS,A O Smith Corp,2018,40.3537901631491,34.8192539379106,54.6228794131132,34.5098757379767,10.065106644,10768636242.72,172194040,Building Products,444200000,14.1715,1.6456,-3.9376,1.8647,16.1191,,,,,,,0,,,0,0,,10,1,20,1,0,3071500000
AOS,A O Smith Corp,2017,39.2115411077585,31.5473266191762,60.6249106249106,29.7409304883976,9.526481348,10895824859.76,174605190,Building Products,378300000,9.7398,1.7797,10.5984,1.9266,35.9134,,,,,,,0,,,0,0,,10,1,10,1,0,3197400000
AOS,A O Smith Corp,2016,26.9423801242972,27.9911875735886,50.8801151552539,5.84834834834835,8.673096881,10641447625.68,176825280,Building Products,326500000,11.8293,1.6631,9.9574,1.8664,25.4379,,,,,,,,,,,,,,,,,,2891000000
AOS,A O Smith Corp,2015,,,,,8.120039896,10660290383.76,179009180,Building Products,282900000,10.9982,1.7554,4.5283,1.822,24.5036,,,,,,,,,,,,,,,,,,2629200000
AOS,A O Smith Corp,2014,,,,,7.648944406,10917808077.52,181973960,Building Products,207800000,8.4699,1.6809,5.1767,1.8106,24.7412,,,,,,,,,,,,,,,,,,2515300000
AOS,A O Smith Corp,2013,,,,,7.211933413,11180036460.8,185575340,Building Products,169700000,7.2672,1.5987,4.9456,1.8512,27.8981,,,,,,,,,,,,,,,,,,2391500000
AOS,A O Smith Corp,2012,,,,,6.461914721,11156483013.2,186216240,Building Products,162600000,6.8586,1.7545,-2.9885,2.0298,41.5125,,,,,,,,,,,,,,,,,,2278800000
BA,Boeing Co,2021,82.8826962405959,92.7226163974665,70.1542164133532,82.0507708665604,-25.5258679374,110099505620.25,587600000,Aerospace & Defense,-4290000000,-2.8911,0.2318,-8.9289,115.1484,20.1204,7.22723950104931,10.2690466646231,1484000,,,,1,,,1,0,,13,1,30.7692307692308,1,1,138552000000
BA,Boeing Co,2020,79.9387906558899,89.3883737496191,71.1226333250687,74.4934122064804,-32.2124516356,115323183514.65,568600000,Aerospace & Defense,-11941000000,-8.3097,0.3168,13.8529,115.1484,20.1204,10.9268543514591,8.61293225350302,1976000,,,,1,,,1,0,,13,1,23.0769230769231,1,1,152136000000
BA,Boeing Co,2019,77.7170174126221,79.6271768142054,77.1899702295328,74.9048174048174,-15.224381625,113632484196.15,566000000,Aerospace & Defense,-636000000,-0.5068,0.1383,13.86,115.1484,20.1204,11.8717089516515,9.48885697569278,2008000,,,,1,,,1,1,,13,1,23.0769230769231,1,1,133625000000
BA,Boeing Co,2018,80.2568033270239,80.7719900434409,78.3249928437713,81.9387755102041,0.585290055,119713171745.1,585500000,Aerospace & Defense,10460000000,9.1067,0.1581,4.4472,115.1484,20.1204,7.87824880208779,12.6529477196885,1919584.75,,,,1,,,1,0,,13,1,15.3846153846154,1,1,117359000000
BA,Boeing Co,2017,69.4911847083903,57.8790118329221,78.8101773991344,78.2483930211203,2.748547718,117462792652.2,610000000,Aerospace & Defense,7187000000,8.3594,0.1768,24.8508,81.8273,27.5553,7.40932642487047,11.2262521588946,1791140,,6435200,,1,,,1,0,,13,1,15.3846153846154,1,1,112362000000
BA,Boeing Co,2016,66.4973355591246,60.7371629641966,61.4891197622812,83.9743125030206,1.285601888,115684643368.95,642800000,Aerospace & Defense,5034000000,5.4597,0.3847,-4.6723,25.7837,14.6815,7.54208809854344,12.8616381304951,1851883,,6624467.5,,1,,,1,0,,11,1,18.1818181818182,1,1,89997000000
BA,Boeing Co,2015,73.2870964065821,64.0143942423031,78.3610792923508,83.5084782902619,9.222594264,114512813841.3,695000000,Aerospace & Defense,5176000000,5.5261,0.4161,1.6003,12.4886,15.7112,7.76247647853342,13.0562437227988,1803380,14570322,6775883.9,,1,,,1,0,,11,1,18.1818181818182,1,1,94408000000
BA,Boeing Co,2014,58.8007745277658,53.4203626241811,45.5903438149147,86.7606081094925,11.909015943,115865373296.1,736700000,Aerospace & Defense,5446000000,5.869,0.4356,0.2784,7.8838,16.3193,7.46652304829984,12.558446963206,1636000,13335907,7201000,,1,,,1,0,5.64,11,1,18.1818181818182,1,1,92921000000
BA,Boeing Co,2013,66.3082138941948,55.9063554065553,66.1789477985108,85.7121636533401,19.60073791,121864440877.95,767600000,Aerospace & Defense,4586000000,5.0507,0.4302,4.2375,8.7532,21.7131,10.4459154724667,15.6397759511166,1793000,13578569,6283784,,1,,,1,0,2.89,12,1,16.6666666666667,1,1,92663000000
BA,Boeing Co,2012,69.4601515037032,60.0770218228498,70.2602782190878,85.7136426655143,7.763662829,124517089808.7,761500000,Aerospace & Defense,3903000000,4.6186,0.4342,11.1394,18.0006,14.4657,,,1717000,12945536,6170222,,1,,,1,1,,14,1,14.2857142857143,1,1,88896000000
CARR,Carrier Global Corp,2021,53.5433210994275,75.7519016869705,32.1684648403724,47.0907706733617,7.7987783796,39135942486.84,890300000,Building Products,1701000000,6.4918,0.8133,4.3,3.9377,24.2071,10.7018790100825,11.2301214482126,382845,4194215,3885000,,0,,27,1,0,8.7,138,1,12.5,1,1,26172000000
CARR,Carrier Global Corp,2020,,,,,7.2152336988,38308526091.63,880200000,Building Products,2006000000,8.3454,1.1538,11.9923,2.3336,58.2924,,,,,,,,,,,,,,,,,,25093000000
CARR,Carrier Global Corp,2019,,,,,16.279864235,37293448245.96,866223440,Building Products,2155000000,9.587,0.823,3.0777,1.5755,,,,,,,,,,,,,,,,,,,22406000000
CARR,Carrier Global Corp,2018,,,,,16.066293473,38282935893.84,866223440,Building Products,2769000000,,0.8513,,,,,,,,,,,,,,,,,,,,,21737000000
CARR,Carrier Global Corp,2017,,,,,,38581488201.39,866223440,Building Products,1267000000,,,,,,,,,,,,,,,,,,,,,,,0
CARR,Carrier Global Corp,2016,,,,,,38137924773.03,,Building Products,,,,,,,,,,,,,,,,,,,,,,,,0
CARR,Carrier Global Corp,2015,,,,,,37395809037.12,,Building Products,,,,,,,,,,,,,,,,,,,,,,,,0
CARR,Carrier Global Corp,2014,,,,,,38632668596.97,,Building Products,,,,,,,,,,,,,,,,,,,,,,,,0
CARR,Carrier Global Corp,2013,,,,,,37711058662.8,,Building Products,,,,,,,,,,,,,,,,,,,,,,,,0
CARR,Carrier Global Corp,2012,,,,,,38138815680.3,,Building Products,,,,,,,,,,,,,,,,,,,,,,,,0
CAT,Caterpillar Inc,2021,72.1356065934007,77.4650797633598,79.5052117245401,60.1713260761998,30.3014705882,104417786737.35,548500000,Machinery,6426000000,8.055,0.8838,5.7058,5.0642,18.5357,16.6235508287822,19.8093321835777,1521000,19340000,12794685.8,,1,2.1,20,1,0,,11,1,27.2727272727273,1,1,82793000000
CAT,Caterpillar Inc,2020,68.4515215715141,79.3507719830241,63.7336214122953,60.4746647731023,28.1768057342,103217397503.11,548600000,Machinery,2909000000,3.8245,1.0103,-0.1644,5.24,26.5407,16.82156133829,17.2118959107807,1831000,23950000,14157433.4,,1,2.15,20,1,0,,12,1,25,1,1,78324000000
CAT,Caterpillar Inc,2019,69.2406221569023,81.5048390460153,64.4573063070902,59.8269261714186,25.975783476,97976412364.33,567500000,Machinery,5888000000,7.7637,0.9806,-0.0713,5.483,12.3515,16.9949928730675,24.1219253682248,2250000,25160000,14573828.5,,1,2.65,20,1,0,,12,1,25,1,1,78453000000
CAT,Caterpillar Inc,2018,65.0926586459166,81.8568694721988,55.7859882308535,54.5317647556794,23.738586405,100521880606.58,599400000,Machinery,6020000000,7.9076,0.8938,2.0101,5.6054,11.3253,18.9168976287889,28.3753464431833,2150000,23690000,15293056.4,,1,2.45,,1,0,,13,1,23.0769230769231,1,1,78509000000
CAT,Caterpillar Inc,2017,72.7907718739038,80.1526849569565,84.7509779718368,54.7803617571059,23.144643461,100243218820.06,599300000,Machinery,3114000000,0.9943,0.9058,3.0226,5.652,22.9005,22.3940628486909,34.0971014868827,2177000,23050000,14649536.7,,1,2.5,,1,0,,12,1,16.6666666666667,1,1,76962000000
CAT,Caterpillar Inc,2016,74.7807004579392,78.1741432572806,74.4336543136237,71.3622551122551,22.483313366,98973164139.19,584300000,Machinery,-53000000,-0.0876,0.8269,-4.6437,5.4765,28.2767,18.9317393801451,29.7802641934866,2290000,24680800,14460300,,1,2.95,,1,0,,12,1,16.6666666666667,1,1,74704000000
CAT,Caterpillar Inc,2015,69.009366688565,70.0284844974819,46.5041364388443,86.6502446609972,24.918391385,100034222480.17,601300000,Machinery,2523000000,3.0818,0.8432,-7.4857,5.1663,12.7028,17.9399826036532,26.8193679327341,2470000,27400000,16428700,,1,3.55,,1,0,,12,1,8.33333333333333,1,1,78342000000
CAT,Caterpillar Inc,2014,74.6556917008916,69.6478489369653,69.9077254993347,84.0838621109233,27.132209981,102467154231.71,628900000,Machinery,2460000000,2.8919,0.8601,-0.2533,4.5152,12.8009,18.3268650280293,26.052896363375,2470000,27883656,15671597.4,,1,3.9,,1,0,,15,1,6.66666666666667,1,1,84681000000
CAT,Caterpillar Inc,2013,76.3932904781254,71.2215260814785,70.5077521207149,86.9485372463779,32.255114693,102863711389.45,658600000,Machinery,3809000000,4.3585,0.8443,-4.5791,4.5345,16.2604,,,2608650,27469900,18397100,,1,5.1,,1,1,,16,1,6.25,1,1,84896000000
CAT,Caterpillar Inc,2012,72.7949240181486,66.5416848015425,66.8247245579365,84.6023330827655,26.864848299,104358839051.74,669600000,Machinery,5708000000,6.6672,0.8077,9.238,5.603,10.5012,,,2838510,28445300,19532700,,1,5.15,,1,0,,15,1,6.66666666666667,1,1,88970000000
CHRW,CH Robinson Worldwide Inc,2021,40.5702370323305,49.3426575691221,43.0290053412728,29.0178078600209,15.2619525671,13210868196.63,133834000,Air Freight & Logistics,844245000,13.8715,1.2689,36.6205,3.1196,16.7406,0.126179220398756,1.94883651652553,33630,334656,,,0,1.1,46.78,1,0,18.02,10,1,30,1,0,7028112000
CHRW,CH Robinson Worldwide Inc,2020,43.8957636705158,60.8400306161499,40.8456468199152,28.0812385215794,13.870768527,13258523663.46,136173000,Air Freight & Logistics,506421000,10.3506,1.464,10.8423,2.7559,24.5958,0.125412260145787,1.95499424279343,31850,297864,,,0,0.95,45.72,0,0,19.2,10,1,30,1,0,5144258000
CHRW,CH Robinson Worldwide Inc,2019,42.3106737804967,57.3576190081043,44.210584834334,24.4265572390572,12.199116498,13500664954.38,137735000,Air Freight & Logistics,576968000,12.7247,1.5567,4.8256,2.7768,18.3744,0.131680215498581,1.80684496608783,32240,302184,,,0,1.45,44.84,0,0,21.3,9,1,33.3333333333333,1,0,4641060000
CHRW,CH Robinson Worldwide Inc,2018,39.7227310949394,64.8810576396782,29.9828060522696,20.5844815403639,11.474620531,12452244684.12,140405000,Air Freight & Logistics,667905000,15.3408,1.7728,4.5228,2.8678,17.6735,,,,309564,,,0,1.15,44.83,0,0,20.7,9,1,22.2222222222222,1,0,4427412000
CHRW,CH Robinson Worldwide Inc,2017,33.6378666816211,57.9963221663626,29.5309595309595,10.671962532036,10.139712681,12466412525.61,141382000,Air Freight & Logistics,492793000,12.744,1.2316,14.862,2.9526,26.6332,,,,,,,0,,43.6,0,0,17.9,8,1,25,1,0,4235834000
CHRW,CH Robinson Worldwide Inc,2016,30.7766508322708,59.1323401752961,20.2282541640962,8.84831793413883,8.814254481,12390421375.8,142991000,Air Freight & Logistics,513384000,14.9411,1.0613,15.8085,2.8535,20.3921,,,,,,,0,,43.28,0,0,16.6,9,1,33.3333333333333,1,0,3687758000
CHRW,CH Robinson Worldwide Inc,2015,21.7980916489939,43.3204050851109,17.5429553264604,2.02819902864506,7.935944042,11903562822.78,145349000,Air Freight & Logistics,509699000,15.9313,1.1555,-0.9327,2.9119,17.5592,,,,,,,0,,,0,0,,10,1,30,1,0,3184358000
CHRW,CH Robinson Worldwide Inc,2014,23.9320569812386,39.4073783359497,30.7346378304153,1.49830813932105,7.112777,11897122894.83,147542000,Air Freight & Logistics,449711000,14.9476,1.0791,14.6824,3.0287,24.5289,,,,,,,0,,,0,0,,10,1,30,1,0,3214338000
CHRW,CH Robinson Worldwide Inc,2013,23.853809135861,39.8015355642474,28.1911613566289,2.96264532113589,5.988745499,11846891456.82,157080000,Air Freight & Logistics,415904000,14.8351,1.269,-0.0502,2.2941,21.8377,,,,,,,0,,,0,0,,10,1,20,1,0,2802818000
CHRW,CH Robinson Worldwide Inc,2012,22.5596681779305,36.2104357957224,27.4890016920473,3.66355866355866,9.311710418,11701349085.15,161946000,Air Freight & Logistics,593804000,24.0296,1.3165,31.1586,1.7953,22.7703,,,,,,,0,,,0,0,,8,1,12.5,1,0,2804225000
CMI,Cummins Inc,2021,69.1727611134861,76.5471813293316,68.4102518329614,60.7334939080491,58.6030428769,29765763347.65,145900000,Machinery,2164000000,9.1984,1.0131,4.8002,2.802,15.1761,12.5498716923983,23.5868074544613,859005,15191627.47,3643429.314,53657.574,0,,26.87,1,0,,12,1,25,1,1,23710000000
CMI,Cummins Inc,2020,70.4178303223089,80.8649262408277,65.880477309981,60.9315807002206,54.3994601889,29493728283.8,149000000,Machinery,1811000000,8.4464,1.2126,14.6273,2.7209,18.9351,14.9209907969454,26.4669081652634,845472,14382914.484,3649135.24,53657.574,0,,26.4,1,0,12,12,1,25,1,1,22624000000
CMI,Cummins Inc,2019,71.4056032009196,81.9681631786441,70.9876672214327,58.83624829277,48.307593308,27925609931.45,156100000,Machinery,2259000000,11.6498,0.7759,3.5411,2.6118,12.4136,17.3593009309498,30.4507396196242,837107,13599136.786,3536437.577,53657.574,0,3.135,25.8,1,0,,10,1,20,1,1,19737000000
CMI,Cummins Inc,2018,76.7427312821083,78.7517792250276,82.7065496697398,70.0353303763551,45.309685969,29072145148.2,162773350,Machinery,2199000000,11.5303,0.8083,5.4606,2.5424,8.8985,15.2805860805861,28.1358974358974,829690,13623360.964,3605992.843,95142.264,0,2.94,26.08,1,0,,10,1,20,1,1,19062000000
CMI,Cummins Inc,2017,73.7290860700523,75.336341708918,77.0295160238209,69.4135905430283,43.564807557,29033689929.75,167270870,Machinery,1775000000,6.0388,0.8593,20.4117,2.3409,16.6524,15.2038395504917,28.856667186931,846887,13440273.237,3679418.52,,0,3.05,25.91,1,0,,8,1,25,1,1,18075000000
CMI,Cummins Inc,2016,75.3957958248109,74.9470684039088,73.2576046837215,77.4697391724821,40.671229693,28951082423.45,169336620,Machinery,1456000000,9.2486,0.9672,-0.8127,2.1108,15.6984,15.6115831454829,30.5392751864054,798455,12733639.42,3633993.6,,0,3.25,25.81,1,0,,8,1,25,1,1,15011000000
CMI,Cummins Inc,2015,74.5514116454815,73.4975777244231,72.6940896710191,77.161907554879,41.597959262,29315694865.05,178406830,Machinery,1470000000,9.0556,1.1704,-3.9964,2.0388,9.4922,14.6724933656398,30.1513787931233,776977,6273060,3974680,,0,3.45,,1,0,,9,1,22.2222222222222,1,1,15134000000
CMI,Cummins Inc,2014,74.7419550121633,73.6483769642379,75.8128239217276,75.3093044446694,42.428291178,30492139696.15,183079300,Machinery,1736000000,10.8291,1.2778,7.0342,1.9983,16.4005,14.0318040780142,31.4340647163121,820568,6233730,4088250,,0,3.9,,1,0,,10,1,20,1,1,15764000000
CMI,Cummins Inc,2013,63.6629999312831,63.1174682963102,54.5038555430697,70.8698420019778,40.161634804,31056149566.75,187417840,Machinery,1588000000,10.874,1.5472,17.3733,1.9327,17.8374,,,759836,5845100,4315370,,0,5.75,,1,0,,10,1,20,1,1,14728000000
CMI,Cummins Inc,2012,68.5101685017183,65.5811705048433,69.4658626465661,71.3957932595279,34.883569812,31147302677.15,189668700,Machinery,1738000000,13.5861,1.228,7.542,2.0021,12.6315,,,597023,,4146200,,0,5.15,,1,0,,10,1,20,1,1,12548000000
CPRT,Copart Inc,2021,34.5763869791988,46.3405607736201,37.8630436946352,1.86046511627906,14.9382904695,28794173015.72,240290000,Commercial Services & Supplies,936495000,23.3616,3.6313,32.0347,1.3321,39.7286,,,,,,,0,,,0,0,,9,1,11.1111111111111,1,0,4562143000
CPRT,Copart Inc,2020,30.8341823084057,34.9083260338389,41.7244471010161,,10.67536299,29178918646.58,238656000,Commercial Services & Supplies,699907000,23.319,2.3253,35.6272,1.4065,36.6673,,,,,,,0,,,0,0,,9,1,11.1111111111111,1,0,3455261000
CPRT,Copart Inc,2019,38.5170449457457,36.7302293553684,59.7609180745935,,7.715687083,28699174094.52,240453000,Commercial Services & Supplies,592793000,24.373,1.963,10.3965,1.4453,35.0292,,,,,,,0,,,0,0,,7,1,,1,0,2547617000
CPRT,Copart Inc,2018,35.5873379963136,38.2549941245593,50.4169446297531,,6.821168025,29183668592.64,241877000,Commercial Services & Supplies,426107000,19.4801,2.2583,16.4034,1.6013,33.7124,,,,,,,0,,,0,0,,8,1,,1,0,2307698000
CPRT,Copart Inc,2017,32.0786472405035,39.0639819505342,40.3564878496102,,4.801631932,29575029202.09,237019000,Commercial Services & Supplies,394261000,21.7066,1.7274,20.1647,1.9398,24.8812,,,,,,,0,,,0,0,,8,1,,1,0,1982501000
CPRT,Copart Inc,2016,37.7821936988637,40.2669196710942,53.9124839124839,,3.384179754,28842116857.6,244294000,Commercial Services & Supplies,270360000,15.68,1.5141,-8.275,1.9831,23.9294,,,,,,,0,,,0,0,,8,1,,1,0,1649820000
CPRT,Copart Inc,2015,31.8171195796845,34.4044074465586,44.8509150730002,,3.829852121,27938428821.19,262850000,Commercial Services & Supplies,219783000,13.2982,3.1517,19.3692,1.6796,21.5958,,,,,,,0,,,0,0,,8,1,,1,0,1799952000
CPRT,Copart Inc,2014,22.6327063365614,34.0951073135998,21.2130584192439,,3.9918651,28877695126.75,262460000,Commercial Services & Supplies,178687000,12.5779,1.4559,12.9131,1.609,19.7907,,,,,,,0,,,0,0,,8,1,,1,0,1506804000
CPRT,Copart Inc,2013,26.270126610413,34.8954566487857,29.8214898729831,,3.051752434,29012892549.52,259562000,Commercial Services & Supplies,180025000,14.4687,1.0326,15.6396,1.8802,22.2786,,,,,,,0,,,0,0,,8,1,,1,0,1334481000
CPRT,Copart Inc,2012,27.1967810835304,36.7891056387941,30.1370332305584,,2.189810334,29601119932.8,262856000,Commercial Services & Supplies,182119000,16.272,1.4921,6.4148,2.0052,16.3463,,,,,,,0,,,0,0,,8,1,,1,0,1154000000
CSX,CSX Corp,2021,52.1074863142892,51.4720920615702,28.7604208203683,72.2517179996688,5.9955555556,77404713478.76,2255000000,Road & Rail,3781000000,9.4144,1.5513,1.8546,3.0207,25.0427,360.494472266843,17.5012756307285,4000329,56043630,2028979.76,,0,4.05,5,1,0,,12,1,25,1,0,40531000000
CSX,CSX Corp,2020,55.567820003194,54.6047342586894,35.8407225587078,73.0504107634789,5.7009873765,75913208656.84,2304023040,Road & Rail,2765000000,7.0852,2.0025,4.015,3.1284,25.463,361.00502638854,16.3865292787132,4504923,63133899,1815066.241,,0,4.45,5,1,0,,11,1,36.3636363636364,1,0,39793000000
CSX,CSX Corp,2019,56.7415840326209,58.2497979435992,33.8409246326118,74.1915684624018,4.9614244226,73127604062.96,2394023940,Road & Rail,3331000000,8.8843,1.3668,4.1602,3.0718,18.0744,379.488816326531,16.7084081632653,4853416,67896819,1841473.261,,0,5.2,6,1,0,9,13,1,23.0769230769231,1,0,38257000000
CSX,CSX Corp,2018,53.8515179731926,55.2144257541558,28.7007645132117,73.3339957604663,4.8863766516,74377836046.04,2583025830,Road & Rail,3309000000,9.1323,1.1076,2.7701,2.6576,16.7243,412.579505610098,19.3457223001403,4927403,68794471,7573810.474,,0,6.15,6,1,0,13,14,1,21.4285714285714,1,0,36729000000
CSX,CSX Corp,2017,67.7077565781128,63.6935039769047,62.5807095438997,76.3290694245991,5.3804804067,75255191823.64,2742027420,Road & Rail,1965000000,15.3781,0.7334,0.9177,2.6968,25.1791,431.366880477008,20.7080133706749,5004017,70065956,4538706.59,,0,5.25,6,1,1,10,12,1,16.6666666666667,1,0,35739000000
CSX,CSX Corp,2016,68.5150003303163,63.8454208375405,69.5252024681573,72.7318763326226,4.1108353436,73697885318.4,2844028440,Road & Rail,1714000000,4.886,0.9598,1.9255,3.0071,19.9617,448.742612818559,23.756498179663,5580687,77533379.911,6109651.74,,0,4.7,6,1,0,10,12,1,16.6666666666667,1,0,35414000000
CSX,CSX Corp,2015,66.3278693103789,64.8451403353364,60.7549955453735,72.5782205041794,3.9511303768,73259207429.6,2952029520,Road & Rail,1968000000,5.8055,1.2398,5.1191,2.9731,13.4653,435.125424263951,25.8527113426474,5840132,80637653.407,6594184.22,119584.89,0,4.75,7,1,0,10.1,12,1,16.6666666666667,1,0,34745000000
CSX,CSX Corp,2014,68.5076762396881,66.7565846851561,72.0488071343912,67.4537496781786,3.7135825778,75101654562.56,3006030060,Road & Rail,1927000000,5.9443,0.9919,3.9991,2.9968,18.7556,436.698320306004,26.0457342424746,5564960,76796642.063,5519127.78,89714.22,1,,6,1,0,6.9,13,1,15.3846153846154,1,0,33053000000
CSX,CSX Corp,2013,70.2856770433158,69.4213978112283,72.788073080199,69.136649514008,3.4291446421,76022878129.04,3057030570,Road & Rail,1864000000,5.9789,0.8791,3.9613,3.2024,15.9466,447.921873671682,25.5181501317691,5569075,78169012,4266163.11,58673.85,1,,7,1,0,8.86,13,1,15.3846153846154,1,0,31782000000
CSX,CSX Corp,2012,72.9063254419484,77.7233278485959,71.7582697201017,68.6446192696192,2.9293220234,76987969484.4,3120031200,Road & Rail,1863000000,6.2055,0.8881,4.1814,3.4349,11.5013,457.615684612124,27.0338278931751,5716441,75560577,5347413.05,,1,,6.39,1,0,10.28,13,1,15.3846153846154,1,0,30723000000
CTAS,Cintas Corp,2021,67.8015311705613,70.8236777209021,66.8289313486211,63.6743427687431,35.1645498408,39253444084.16,107707000,Commercial Services & Supplies,1110968000,13.9685,0.7215,7.3917,2.2976,34.9489,84.4743631723951,20.1081985908496,740980,15345334,13397000,,0,8.95,,1,0,,9,1,22.2222222222222,1,0,8236823000
CTAS,Cintas Corp,2020,67.3870331966758,59.4916066001552,86.7919052391171,54.0780740662022,31.162845804,39521074130.24,107012000,Commercial Services & Supplies,876360000,11.5981,1.1475,3.1361,2.4217,30.3201,90.1643470984952,22.9799821627111,779825,16279433,14813000,,0,10.85,,1,0,,8,1,12.5,1,0,7669885000
CTAS,Cintas Corp,2019,60.3185025426797,52.6837841273239,77.2064605249176,50.1292390405293,28.306193439,38604078158.4,109495000,Commercial Services & Supplies,883904000,12.2958,0.8927,6.876,2.3915,29.1882,,,,,,,0,11.85,,1,0,,9,1,11.1111111111111,1,0,7436662000
CTAS,Cintas Corp,2018,56.5595919762629,60.7105469216787,56.6611074049366,48.8374299555734,28.299475575,38932910424.32,109810000,Commercial Services & Supplies,622484000,12.2094,1.2158,1.668,2.5947,30.6818,,,,,,,0,11.35,,1,0,,9,1,11.1111111111111,1,0,6958214000
CTAS,Cintas Corp,2017,64.7794837179812,65.5769214448317,67.6123337918386,59.2769147459979,21.938883808,39140375576.32,107783000,Commercial Services & Supplies,457286000,8.7858,0.8202,66.9765,2.6397,26.2881,,,,,,,0,12.35,,1,0,,9,1,11.1111111111111,1,0,6844057000
CTAS,Cintas Corp,2016,65.1738935173183,64.9829720398159,68.5757185757186,60.6626508928227,17.026815498,38798058075.52,109956000,Commercial Services & Supplies,448605000,16.7289,0.9273,-2.2337,2.1963,25.3953,,,,,,,0,,,1,0,,9,1,11.1111111111111,1,0,4098815000
CTAS,Cintas Corp,2015,74.8455080954979,77.3031558337742,83.7091539983631,57.6969744262977,16.673468507,37749321732.16,117543000,Commercial Services & Supplies,402553000,9.9508,1.8269,-6.0503,2.098,25.3953,,,,,,,0,,,1,0,,9,1,11.1111111111111,1,1,4192460000
CTAS,Cintas Corp,2014,70.7929715993139,77.3360576901974,78.1090747104493,48.3976671476671,18.216586225,38381053120,121640000,Commercial Services & Supplies,374285000,8.5022,1.6214,2.6882,2.0044,20.7876,,,,,,,0,,,1,0,,9,1,11.1111111111111,1,1,4462452000
CTAS,Cintas Corp,2013,71.8520947709938,78.2328955632555,76.0110979976496,54.6494396102616,17.760269773,38543913264.32,124531000,Commercial Services & Supplies,315442000,7.4165,1.5353,4.4396,1.9597,18.312,,,,,,,0,,42,1,0,,10,1,10,1,1,4345632000
CTAS,Cintas Corp,2012,70.9740499105752,76.5185839591089,77.2193506007776,52.338394294916,16.468692981,38447441968.64,130033000,Commercial Services & Supplies,297637000,6.9927,1.1786,-4.3896,1.9165,16.2555,,,,,,,1,,42,1,0,,8,1,,1,0,4165706000
DAL,Delta Air Lines Inc,2021,66.7306672297395,77.7175613722005,42.4755116353203,74.0761271249075,6.1116352201,23395832025.6,641000000,Airlines,280000000,0.3877,0.6545,0.6431,26.6473,7.9959,1004.67417373501,16.0325241298625,17448981,539773807.5,,,0,11.8,42,1,0,,12,1,16.6666666666667,1,0,72459000000
DAL,Delta Air Lines Inc,2020,71.6080014708899,84.3856502767954,51.2485004365098,73.0152401205032,2.4119496855,24342928070.4,636000000,Airlines,-12385000000,-18.1428,0.9727,11.5664,8.0824,7.9959,794.103452677261,6.29457314867998,37624310,558965232,,,0,19.5,41,1,1,,13,1,15.3846153846154,1,0,71996000000
DAL,Delta Air Lines Inc,2019,73.9503027337067,82.0288001594473,58.2436651543592,77.4169337764405,23.59139785,24086956166.4,653000000,Airlines,4767000000,7.6395,0.2839,7.0786,4.2967,7.9959,832.494734236464,6.90235834195958,37301128,,,,0,19.75,40.9,1,1,,12,1,16.6666666666667,1,0,64532000000
DAL,Delta Air Lines Inc,2018,71.5733136125051,81.1830883156202,52.3447593079495,76.1922503725782,19.807525326,25545996019.2,694000000,Airlines,3935000000,6.9073,0.2197,12.2878,4.3459,8.8957,869.800233360883,7.20195439739414,36078116,481100623.2,,,0,19.55,41,1,0,,12,1,16.6666666666667,1,0,60266000000
DAL,Delta Air Lines Inc,2017,70.5532528368904,85.4003693214436,41.2957144977686,77.2798742138364,17.402777778,26582682230.4,723000000,Airlines,3599000000,6.1087,0.2646,4.7014,4.2282,11.777,898.272648922687,7.27117870722434,35723704,584307052.351,,,0,20.15,40.89,1,1,,13,1,15.3846153846154,1,0,53671000000
DAL,Delta Air Lines Inc,2016,61.9448453148727,69.6285212198086,37.2292223494972,74.1298858146684,16.360852197,25808367220.8,755000000,Airlines,4195000000,8.0368,0.3486,-3.525,4.512,9.686,861.343283215409,7.18489583333333,35352571,580183024.207,,,0,19.35,41.23,1,0,,15,1,13.3333333333333,1,0,51261000000
DAL,Delta Air Lines Inc,2015,69.2159882159915,74.0107435284544,54.4799301394955,76.1951816299642,13.613550816,25718777054.4,804000000,Airlines,4526000000,8.4488,0.3114,-1.6128,5.4488,10.9865,845.170556464001,8.34418512462217,34449562,500794807,792283.19,,0,16.8,,1,0,,16,1,12.5,1,0,53134000000
DAL,Delta Air Lines Inc,2014,70.5742499624063,71.1229777303113,65.4685122151296,74.4814213564213,10.541866029,26806657646.4,845000000,Airlines,659000000,1.2404,0.3325,3.3549,5.1944,15.0649,850.97670293596,9.0308686098536,32485066,470364339,768517.76,,0,17,,1,0,,14,1,14.2857142857143,1,0,54005000000
DAL,Delta Air Lines Inc,2013,65.6836354089098,65.127628486119,69.1457485695095,63.2804104878572,13.713780919,27414590918.4,858000000,Airlines,10540000000,21.7764,0.3824,17.2884,10.1768,8.7951,845.228633760567,10.0633215162258,31363556,455357633,851759.25,,0,19.1,,1,0,,14,1,14.2857142857143,1,0,52252000000
DAL,Delta Air Lines Inc,2012,57.9595468604317,66.7355577850415,36.88810720268,65.3697299077733,-2.521893491,27715357905.6,850000000,Airlines,1009000000,2.2919,0.3818,2.4161,76.162,6.4905,909.830784565001,11.9892923252171,32369712,554026224,1039409.03,,0,22.21,,0,0,,13,1,15.3846153846154,1,0,44550000000
DE,Deere & Co,2021,72.1739659313057,78.1641502138581,49.6461470768319,84.4023173346528,59.149550706,117170138011.11,314000000,Machinery,5944000000,7.491,0.4647,12.0161,5.0754,18.1098,9.89027774242,14.9868893358112,977200,12927000,23000000,,0,8.25,19.4,1,0,4.7,12,1,16.6666666666667,1,0,84114000000
DE,Deere & Co,2020,69.4173252643399,78.0883086325541,41.5334537597846,83.1800326528649,41.2663476874,115344771265.46,316600000,Machinery,2801000000,3.715,0.5059,2.8489,6.0822,22.4342,10.33337170423,15.5535983423773,967000,12780000,24500000,,0,8.4,19,1,1,,11,1,18.1818181818182,1,0,75091000000
DE,Deere & Co,2019,67.7640208360172,73.4821349823878,46.2965008399645,79.4060516728042,36.060031596,110028198878.55,320600000,Machinery,3168000000,4.5459,0.3882,4.1408,6.3045,17.0121,,,,,,,0,6.35,,1,0,,13,1,23.0769230769231,1,0,73011000000
DE,Deere & Co,2018,64.8535071370912,71.6303541349058,51.9621935804195,68.1919356033723,34.990080595,110448493406.54,327300000,Machinery,3047800000,3.4851,0.3721,6.5693,6.5192,14.2515,,,,,,,0,5.7,,1,0,,12,1,25,1,0,70108000000
DE,Deere & Co,2017,60.7640115794432,66.188833549327,49.5758027966616,64.1603985979993,29.913302034,106448025782.46,323300000,Machinery,2182700000,3.4906,0.6042,13.5843,7.6944,21.3695,,,,,,,0,5.95,,1,0,,14,1,21.4285714285714,1,0,65786300000
DE,Deere & Co,2016,61.4547404769967,67.4602385906912,51.0283489465663,63.5818373318373,20.685279188,105153395922.52,316600000,Machinery,1523900000,2.6305,0.4056,-0.0502,8.7358,18.2579,,,,,,,0,5.8,,1,0,,11,1,18.1818181818182,1,0,57918500000
DE,Deere & Co,2015,62.2341879217246,66.9956310712986,58.8683976072292,59.8366956685287,20.214028777,103545846049.04,336000000,Machinery,1940000000,3.2527,0.3749,-5.5249,7.5468,13.3623,,,,,,,0,,,1,0,,12,1,25,1,0,57947600000
DE,Deere & Co,2014,59.071203081887,62.9693540542893,59.8562321934645,54.1579212783182,24.96584022,108534159206.06,366100000,Machinery,3170900000,5.2321,0.3899,3.0495,6.2529,9.7202,12.1731831369219,29.1352459129742,1493593,,,,0,,,1,0,,12,1,25,1,0,61336400000
DE,Deere & Co,2013,62.7791898526024,68.4795369119364,64.6076292308224,55.0273333985173,26.643654295,113234095095.7,389200000,Machinery,3537500000,6.11,0.4043,5.7859,6.768,8.7654,13.120468566966,32.5206403748536,1461086,,,,0,,,1,0,,11,1,18.1818181818182,1,0,59521300000
DE,Deere & Co,2012,70.3721459976051,78.8827171335733,70.3615943994523,61.0823520141744,17.230168723,116740639953.31,401500000,Machinery,3075000000,5.867,0.5197,16.7161,7.658,11.0857,,,1336644,,,,0,,,0,0,,11,1,18.1818181818182,1,0,56265800000
DOV,Dover Corp,2021,58.5008641006277,44.0238464602243,65.4354105715534,68.5395576115934,29.1095099463,22626657121.49,145273000,Machinery,1123818000,11.4935,0.7701,13.6751,2.5815,25.7761,6.59646597575779,15.3976859751496,156959,,975000,,1,6.6,24,1,0,,9,1,22.2222222222222,1,0,10403627000
DOV,Dover Corp,2020,59.0364670127341,41.2542596928198,74.7470019835655,65.3730625347254,23.5041513363,22638181490.05,145393000,Machinery,683451000,7.6699,0.9491,5.5666,2.7766,25.3944,6.57669106842877,19.7909989505326,184366,,,,1,,,1,0,,11,1,18.1818181818182,1,0,9152074000
DOV,Dover Corp,2019,61.9625549791311,45.6692703999551,77.9351367029671,66.4539922494787,20.886375845,21848762243.69,146992000,Machinery,677918000,7.959,0.9226,3.6303,2.9364,22.051,,,,,,,1,,,1,0,,12,1,16.6666666666667,1,0,8669477000
DOV,Dover Corp,2018,63.3646350718008,56.0132010266053,70.5305743956051,65.4251413513444,18.473290898,22596405654.02,152133000,Machinery,586945000,5.9952,0.8909,-21.5098,2.66,16.4323,,,,,,,1,,,1,0,,12,1,16.6666666666667,1,0,8365771000
DOV,Dover Corp,2017,65.5410351774334,55.0766991080807,84.438597709696,61.2263224763224,28.154157433,22907563605.14,157744000,Machinery,695763000,7.8141,0.9045,5.3615,2.5387,28.3633,,,,,,,1,,,1,0,,13,1,15.3846153846154,1,0,10658359000
DOV,Dover Corp,2016,51.6146987995382,41.7966087991585,57.2532773323151,57.6430557633797,24.478010191,22380323743.52,156636000,Machinery,502128000,5.4363,0.832,17.5448,2.5149,25.1071,,,,,,,1,,,1,0,,12,1,16.6666666666667,1,0,10115991000
DOV,Dover Corp,2015,52.3155276396909,37.1124757574755,60.6397573424944,61.9894114253308,23.122688255,22315499170.37,159172000,Machinery,595881000,9.864,1.0845,-4.6977,2.401,15.9023,,,,,,,1,,,1,0,,13,1,15.3846153846154,1,0,8606076000
DOV,Dover Corp,2014,49.5208685028651,35.8806183738816,53.087358684481,61.452029603556,22.200975452,22783676643.12,168842000,Machinery,778140000,7.797,0.9164,-16.8112,2.1905,15.2726,17.5761561501381,37.267408801554,363429,,,,1,,,1,0,,12,1,16.6666666666667,1,0,9030291000
DOV,Dover Corp,2013,55.2662617842853,42.2076247864427,63.8320998178789,62.3958334761558,31.397002411,22909004151.21,173547000,Machinery,797527000,9.4194,1.401,3.9376,2.0686,22.5807,20.0674324352565,34.2017550454231,399918,,,,1,,,1,0,,12,1,16.6666666666667,1,0,10855181000
DOV,Dover Corp,2012,40.9672758012614,27.1809834890158,60.9602680067001,39.3692498230714,27.095581958,22960863809.73,183993000,Machinery,650075000,8.1333,1.0198,9.9299,2.0249,14.8637,,,386524,,,,0,,,0,0,,13,1,15.3846153846154,1,0,10443943000
EFX,Equifax Inc,2021,46.2767486458222,32.4306379567443,77.9029687188683,26.3710807516922,29.4044298605,27372588838.63,123600000,Professional Services,748500000,7.2068,0.4156,14.8682,3.0584,45.2843,0.193821926105391,6.57540884312538,27940,,,,0,,45,0,0,17,10,1,30,1,0,11040900000
EFX,Equifax Inc,2020,31.0942279589874,28.747432715401,41.2145361810647,20.9204773720902,26.0773662551,27416539295.71,122800000,Professional Services,526200000,5.9369,0.9324,21.5299,3.0487,38.7404,0.241475652868058,8.4285551374159,30411,,,,0,,,0,0,,10,1,30,1,0,9611800000
EFX,Equifax Inc,2019,33.3631387434265,30.1495371040069,58.7402712919724,2.97619047619047,21.3283705542,26741411441.12,120900000,Professional Services,-392800000,-5.1002,0.6868,10.5659,2.6488,29.671,,,,,,,0,,,0,0,,9,1,22.2222222222222,1,0,7909000000
EFX,Equifax Inc,2018,34.7211143075504,42.1218460650603,47.2867950481431,3.26086956521738,25.812292359,26655952219.02,121400000,Professional Services,306300000,4.3165,0.8378,-1.1087,2.2901,19.173,,,,,,,0,,,0,0,,12,1,16.6666666666667,1,0,7153200000
EFX,Equifax Inc,2017,32.0474797260725,40.5985340663001,40.7507507507507,4.00516795865632,26.431307244,26682810831.68,121500000,Professional Services,549700000,8.4519,0.4668,8.5444,2.3809,26.5692,,,,,,,0,,,0,0,,11,1,9.09090909090909,1,0,7233400000
EFX,Equifax Inc,2016,26.6483727620109,37.1070097879639,29.5846185482212,3.3625730994152,22.319362951,26360507479.76,121100000,Professional Services,495100000,8.7555,0.4466,48.0395,2.245,27.2124,,,,,,,0,,,0,0,,10,1,10,1,0,6664000000
EFX,Equifax Inc,2015,24.1909751193581,37.0327572733888,22.5945017182131,3.03030303030302,19.468407751,25413130960.48,120900000,Professional Services,434800000,9.3664,0.7339,-3.422,2.0311,30.6995,,,,,,,0,,,0,0,,10,1,10,1,0,4501500000
EFX,Equifax Inc,2014,32.8869431519187,43.3029646514187,40.3879162375558,3.1578947368421,18.152640264,25911236140.72,123500000,Professional Services,374000000,7.9862,0.5655,2.6675,2.0443,26.8628,,,,,,,0,,,0,0,,10,1,10,1,0,4661000000
EFX,Equifax Inc,2013,32.1449873068578,42.3820141211445,40.0102774922919,2.22222222222222,18.982673267,26008903823.12,123700000,Professional Services,341500000,7.766,0.8235,0.438,2.1399,24.4286,,,,,,,0,,,0,0,,9,1,11.1111111111111,1,0,4539900000
EFX,Equifax Inc,2012,36.2895400523588,43.2524196795538,50.3045685279188,3.55805243445692,16.123436197,25881935836,122500000,Professional Services,275300000,6.7697,0.7174,28.4594,2.2111,22.341,,,,,,,0,,,0,0,,9,1,11.1111111111111,1,0,4520100000
EMR,Emerson Electric Co,2021,71.3097725184848,68.2049935414404,72.3735663747044,73.8155361502576,16.5239926434,55372680000,601800000,Electrical Equipment,2327000000,9.6771,0.8525,8.0107,2.6026,23.4509,10.7207707380797,38.1861528412802,898518,8130643.2,,,1,2.25,,1,0,,10,1,30,1,0,24715000000
EMR,Emerson Electric Co,2020,71.4126743165533,68.0798072803705,80.2685509864343,67.6742429274818,13.940952065,55378620000,606600000,Electrical Equipment,1990000000,9.0597,1.0574,11.6358,2.6072,18.9509,11.6611902573529,40.7589613970588,912530,8215344,,,0,2.35,,1,0,,8,1,25,1,0,22882000000
EMR,Emerson Electric Co,2019,67.1562958366277,75.0087117762749,60.2224031323141,64.3550482672746,13.360921779,53168940000,620600000,Electrical Equipment,2328000000,11.2799,0.7495,0.5248,2.3799,18.1192,7.90218815513627,33.1930686582809,627278,,3793040.997,,0,2.3,30.6,1,0,,10,1,20,1,0,20497000000
EMR,Emerson Electric Co,2018,69.4278433986134,82.1751811021098,57.1433031631797,65.7373135113584,14.15664557,55194480000,635300000,Electrical Equipment,2035000000,11.0208,0.6677,4.089,2.2632,23.6376,12.0850433824542,41.6027406693293,779654,,4017839.932,,0,2.7,27.9,1,0,,10,1,10,1,0,20390000000
EMR,Emerson Electric Co,2017,67.1727206914006,84.0412067977311,43.7785769994359,68.2374574666769,13.577324404,55135080000,643400000,Electrical Equipment,1675000000,7.3474,1.2159,-9.861,2.5372,23.9957,10.5001538556219,35.918764231645,754261,,4502748.545,,0,3.1,27.8,1,0,,13,1,15.3846153846154,1,0,19589000000
EMR,Emerson Electric Co,2016,63.0770024400277,78.9554059868058,42.0566706567907,63.2453194953195,11.751552795,53460000000,646800000,Electrical Equipment,1619000000,7.4623,0.7346,-1.6117,2.8002,21.098,11.7832290080641,42.9705069644166,970948,,5310731.95,,0,3.8,,1,0,,13,1,15.3846153846154,1,0,21732000000
EMR,Emerson Electric Co,2015,47.6871754792102,47.9655344243121,31.8649611811124,60.5682211394583,12.002079311,54000540000,676500000,Electrical Equipment,2540000000,11.7151,0.7595,-8.6404,2.542,14.1655,,,,,,,0,4.1,,1,0,,13,1,7.69230769230769,1,0,22088000000
EMR,Emerson Electric Co,2014,38.3269325306251,52.0482124868681,14.4674264121819,43.2180854549141,14.451585261,55087560000,704100000,Electrical Equipment,2238000000,8.7833,0.9662,-2.161,2.3613,19.5647,,,,,,,0,4.95,,1,0,,15,1,13.3333333333333,1,0,24177000000
EMR,Emerson Electric Co,2013,41.6046327173103,51.6590179373544,25.1805412812607,44.3060287661925,14.74850216,55105380000,722900000,Electrical Equipment,2066000000,8.259,1.0601,3.7493,2.3242,17.9116,,,,,,,0,,,1,0,,13,1,15.3846153846154,1,0,24711000000
EMR,Emerson Electric Co,2012,48.2893003558005,65.0935084060578,28.9759238449516,46.0236275414122,14.091157952,55354860000,734600000,Electrical Equipment,2024000000,8.2552,1.0304,-0.1802,2.304,13.9921,,,,,,,0,,,1,0,,15,1,13.3333333333333,1,0,23818000000
ETN,Eaton Corporation PLC,2021,70.0789626725792,76.8717087146738,34.6102091560625,92.2145532607212,41.1662904439,61802036000,401600000,Electrical Equipment,2146000000,6.5117,0.5359,6.9224,2.101,38.3214,15.0489481065919,26.4201028517999,887023,10684954.62,3309000,,0,2.7,32,1,0,,13,1,23.0769230769231,1,1,34027000000
ETN,Eaton Corporation PLC,2020,70.0225830131101,77.3012934439178,35.9965034965034,90.4249841766219,37.1208354053,60685396000,404000000,Electrical Equipment,1415000000,4.3634,0.6812,-2.9904,2.084,29.04,14.2673423110741,29.0085149706141,935148,10645393.356,3472000,,0,3.2,33,1,0,,12,1,25,1,1,31824000000
ETN,Eaton Corporation PLC,2019,67.1032450000064,79.2355115815237,26.9703703703703,87.2916825930456,38.381861575,58404260000,420800000,Electrical Equipment,2213000000,6.9205,0.7849,5.5095,1.9851,16.7246,7.49852970005881,39.9431484022741,968000,8726400,4862000,,0,3.25,31.3,1,0,,12,1,25,1,0,32805000000
ETN,Eaton Corporation PLC,2018,73.2290654362816,81.1237002760444,51.3543266769073,82.8323948552788,37.087266866,61530852000,436900000,Electrical Equipment,2146000000,6.7331,0.8339,-4.693,1.9099,12.6945,7.5960905453993,41.7278573960602,974000,8708400,5093000,,0,3.45,31,1,0,,14,1,28.5714285714286,1,0,31092000000
ETN,Eaton Corporation PLC,2017,75.5607957109053,76.9728483216019,61.0462962962963,86.1134136669481,38.8143982,61463056000,447000000,Electrical Equipment,2924000000,9.4613,0.9927,7.0449,1.9592,16.2756,8.7672021098058,43.6168304962839,1092470,9955640,5668040,,0,3.95,30.4,1,0,,14,1,21.4285714285714,1,0,32623000000
ETN,Eaton Corporation PLC,2016,67.6601946805734,71.3357152342327,38.8100517368809,87.6861339361339,32.865934066,59943628000,456500000,Electrical Equipment,1919000000,6.2337,0.7851,-1.6776,2.0395,14.8857,7.6,37.4,1014840,9336528,5795864,,0,4.2,29.8,1,0,,14,1,21.4285714285714,1,0,30476000000
ETN,Eaton Corporation PLC,2015,64.4542143460963,60.1998701066088,40.7602339181286,88.8474630384724,32.622986037,59544828000,467100000,Electrical Equipment,1974000000,6.1124,0.8484,-7.5547,2.0833,11.6528,5.08028667331942,30.0734827179534,775000,9920700,6261064,,0,4.25,29.8,1,0,,13,1,15.3846153846154,1,0,30996000000
ETN,Eaton Corporation PLC,2014,69.1645324102656,55.7974075805168,64.520202020202,87.6396293085626,33.296772833,60521888000,476800000,Electrical Equipment,1803000000,5.1956,0.8764,-5.5282,2.1187,14.4747,6.49868187112991,42.4253571209613,798000,6768000,3946000,,0,4.4,30.1,1,0,,13,1,15.3846153846154,1,0,33529000000
ETN,Eaton Corporation PLC,2013,70.5944096921929,57.0512486772254,69.3855218855219,86.3989736029944,35.461457233,61159968000,476700000,Electrical Equipment,1873000000,5.2201,1.0902,-0.8908,2.2349,19.0741,7.16555548632314,44.0525889463518,822000,7106400,4135000,,0,4.4,,1,0,,12,1,8.33333333333333,1,0,35491000000
ETN,Eaton Corporation PLC,2012,63.7589858805856,58.2310663049663,40.0207039337474,89.5806514837201,43.453133985,60777120000,350900000,Electrical Equipment,1220000000,4.534,0.8301,100.3581,2.3772,13.449,,,782000,6822000,3989000,,0,5.1,,1,0,,12,1,8.33333333333333,1,0,35810000000
EXPD,Expeditors International of Washington Inc,2021,55.3591766556189,49.2052415507675,61.9022019438447,56.573418612353,20.659351444,17179241589.02,171250000,Air Freight & Logistics,1418845000,22.5803,1.4865,54.4378,2.0373,16.2382,0.653426819068805,3.83917194131042,45449.29,360907.2,214249.257,,0,2.95,,1,0,,8,1,25,1,0,7609929000
EXPD,Expeditors International of Washington Inc,2020,55.0182131142298,52.7806979928899,57.7850496463948,55.1364907188771,15.7998550492,17484168468.62,170896000,Air Freight & Logistics,698214000,16.1529,1.8625,33.4685,1.7755,23.3686,0.822282533044761,5.10700482152245,48474.45,378694.8,1377562.456,,0,3.6,,1,0,,10,1,20,1,0,4927503000
EXPD,Expeditors International of Washington Inc,2019,55.1947557694684,54.50548538674,58.6776286684921,53.0390712682379,12.844007279,17196181971.22,174209000,Air Freight & Logistics,592016000,16.8529,2.1788,11.3839,1.6754,23.0147,1.02745821795901,5.40264905788816,52330.56,390236.4,1393030.88,,0,2.5,,1,0,,10,1,20,1,0,3691884000
EXPD,Expeditors International of Washington Inc,2018,55.433129923045,48.2021809608016,72.5203160899886,49.0273361596891,11.409887844,17509579041.92,177833000,Air Freight & Logistics,638798000,19.2239,1.8881,6.3378,1.6165,19.5661,1.59115774312999,6.61287153147228,56779.66,366908.4,,,0,2.75,,0,0,,11,1,18.1818181818182,1,0,3314559000
EXPD,Expeditors International of Washington Inc,2017,57.5894691356761,49.3741750826771,76.4506750396321,50.7716994397949,11.112364503,17846692647.7,181666000,Air Freight & Logistics,451115000,16.5658,2.2558,11.6859,1.5399,24.0483,2.0033446828873,6.1256548623762,49570.94,303433.2,,,0,1.55,,0,0,,11,1,18.1818181818182,1,0,3117008000
EXPD,Expeditors International of Washington Inc,2016,49.3709399584664,36.8450897482568,69.4437385692477,46.2132788438758,10.175516598,17792483424.66,182704000,Air Freight & Logistics,432533000,16.0855,2.3277,8.7814,1.5146,22.4407,0.861918873529614,6.56119306620045,49116,,,,0,3.75,,0,0,,11,1,18.1818181818182,1,0,2790871000
EXPD,Expeditors International of Washington Inc,2015,35.9163004523768,34.5914434149728,30.3872979508718,41.9590643274853,8.955139435,17245309079.6,190223000,Air Freight & Logistics,459497000,16.7589,2.2291,-11.2535,1.5325,18.7917,0.950230786654909,6.40712682229755,48299,,,,0,3.75,,0,0,,11,1,9.09090909090909,1,0,2565577000
EXPD,Expeditors International of Washington Inc,2014,31.8490142515427,47.2856270713413,22.6582949326076,22.7849497958733,9.525565256,17570564417.84,196768070,Air Freight & Logistics,379460000,12.7635,2.2398,-4.1099,1.4939,23.2344,1.11607124501481,6.94082503420497,48988,,,,0,3.75,,0,0,,10,1,10,1,0,2890905000
EXPD,Expeditors International of Washington Inc,2013,34.8745515511684,46.2134381625907,32.5529290853032,24.5254431103487,10.120568174,17994073972.84,206895470,Air Freight & Logistics,350011000,11.678,2.6976,2.0543,1.4514,26.3393,1.14575661921343,7.08978733239712,49349.15,,,,0,3.75,,0,0,,9,1,,1,0,3014812000
EXPD,Expeditors International of Washington Inc,2012,36.010284262548,57.4654721911161,23.0266852662714,23.5868298368298,9.636301554,17966969361.32,211935170,Air Freight & Logistics,332969000,11.4538,2.7207,3.0451,1.4439,25.1911,1.00959224946633,6.38131524650424,45539.35,,,,0,3.75,,0,0,,8,1,,1,0,2954125000
FAST,Fastenal Co,2021,39.1918167517676,28.8353413654618,27.646941621837,60.127954319155,5.2926235212,30590675753.4,577100000,Trading Companies & Distributors,925000000,22.3871,1.6658,8.4319,1.4308,40.0752,23.8007543427833,11.1754289660546,197521,,30557.518,,0,1.68,24.4,1,0,,11,1,9.09090909090909,0,0,4299000000
FAST,Fastenal Co,2020,46.4415078045677,32.1253003922671,49.2455637020508,59.746576729364,4.7633321715,30256854644.52,575700000,Trading Companies & Distributors,859100000,22.1286,1.6568,4.337,1.4382,32.7718,,,,,,,0,2,24.53,1,0,,10,1,10,0,0,3964700000
FAST,Fastenal Co,2019,33.0126978308366,32.7380051776767,57.2014676450967,13.1555168103688,4.650366367,29675545472.16,574441630,Trading Companies & Distributors,790900000,22.2119,1.6829,14.4031,1.4334,26.9017,,,,,,,0,2.58,23.86,1,0,,9,1,11.1111111111111,0,0,3799900000
FAST,Fastenal Co,2018,36.6445407793773,36.0196250866937,64.8154516276937,13.8515599959348,4.012134988,29617990108.56,574325530,Trading Companies & Distributors,741600000,24.1303,2.0153,14.1213,1.4165,20.1846,,,,,,,0,2.21,22.72,1,0,,9,1,11.1111111111111,0,0,3321500000
FAST,Fastenal Co,2017,34.4377851728338,37.4612481894646,54.976404976405,14.0188553739094,3.637818581,29514390454.08,576685470,Trading Companies & Distributors,554300000,20.7406,2.0647,9.0531,1.3845,28.4353,,,,,,,0,,21.96,1,0,,9,1,11.1111111111111,0,0,2910500000
FAST,Fastenal Co,2016,38.1435163671333,40.3287818429271,67.4254575365001,11.3542938542938,3.345037511,29042436472.56,578315050,Trading Companies & Distributors,499478000,19.2027,2.2219,5.3869,1.3928,27.1561,,,,,,,0,,21.07,1,0,,10,1,20,0,0,2668884000
FAST,Fastenal Co,2015,33.2078327320609,30.6658428602781,63.1718213058419,11.0152015582655,3.09018667,28558971418.32,584090880,Trading Companies & Distributors,516361000,21.1123,1.6009,7.3486,1.3162,23.0621,,,,,,,0,,,1,0,,10,1,20,0,0,2532462000
FAST,Fastenal Co,2014,32.9872717376586,34.8835589908167,61.6855475454858,7.00017249157444,3.229817194,29381831175.6,594626000,Trading Companies & Distributors,494150000,22.2847,1.5361,13.6487,1.2025,28.6506,,,,,,,0,4,,1,0,,11,1,18.1818181818182,0,0,2359102000
FAST,Fastenal Co,2013,24.7821442024381,18.2788265954741,56.8311065433367,5.18015222966823,2.986810699,29468163686.4,595367180,Trading Companies & Distributors,448636000,23.0565,1.9734,14.3159,1.1676,31.4636,,,,,,,0,,,0,0,,11,1,18.1818181818182,0,0,2075784000
FAST,Fastenal Co,2012,21.6499638859151,17.617915295091,41.6886632825719,9.35643414534212,2.634947863,29514207692.16,594301900,Trading Companies & Distributors,420536000,24.0253,2.2144,7.7678,1.1595,32.8521,,,,,,,0,,,0,0,,9,1,11.1111111111111,0,0,1815832000
FBHS,Fortune Brands Home & Security Inc,2021,53.7991922513162,53.0802603864587,35.8221828769215,68.4940660687558,22.2894545455,11675847934.08,139500000,Building Products,772400000,10.1001,0.6885,7.8479,2.6189,18.6642,,,,,,,,,,,,,,,,,,7936200000
FBHS,Fortune Brands Home & Security Inc,2020,63.4479915968531,55.0253172110039,72.2143298031854,66.8550569800569,20.010814708,11581925921.28,140200000,Building Products,562000000,8.104,0.8579,16.9663,2.6239,20.6169,,,,,,,,,,,,,,,,,,7358700000
FBHS,Fortune Brands Home & Security Inc,2019,59.8954858628404,56.4898407698618,64.8571106419817,60.1830903755523,17.345246605,11250515390.4,141300000,Building Products,431300000,7.048,0.7186,5.4773,2.6615,19.2202,,,,,,,,,,,,,,,,,,6291300000
FBHS,Fortune Brands Home & Security Inc,2018,62.5359278481272,62.7216189871829,65.8857447924187,59.7353639541693,15.06362379,11659747017.6,146400000,Building Products,395500000,6.7898,0.5593,8.223,2.402,11.3314,,,,,,,,,,,,,,,,,,5964600000
FBHS,Fortune Brands Home & Security Inc,2017,59.7542900938454,60.7983699739018,61.5387254037561,57.1233974358974,16.968015666,11804655265.92,155800000,Building Products,449600000,8.8835,0.9686,7.4661,2.1447,22.2427,,,,,,,,,,,,,,,,,,5511400000
FBHS,Fortune Brands Home & Security Inc,2016,43.5763781618407,52.0136778115501,59.6144151063647,21.0713988830699,15.304601426,11411524555.2,157800000,Building Products,412400000,8.2605,0.9518,5.1849,2.0788,19.4576,,,,,,,,,,,,,,,,,,5128500000
FBHS,Fortune Brands Home & Security Inc,2015,35.3844107719315,48.6792144026186,43.4732086037928,13.1403157565948,15.366144201,11298818139.84,163000000,Building Products,306500000,7.056,0.9778,20.3015,1.8955,26.7695,,,,,,,,,,,,,,,,,,4875700000
FBHS,Fortune Brands Home & Security Inc,2014,24.6636920753572,38.1993386552657,26.3589471811487,7.04746021819192,13.964771323,11576558949.12,166300000,Building Products,273600000,3.8416,0.9302,-2.9966,1.6768,26.0289,,,,,,,,,,,,,,,,,,4052900000
FBHS,Fortune Brands Home & Security Inc,2013,26.9472756327931,39.7939732357754,31.9499828708461,7.61712167172228,16.008459215,11913336452.16,171300000,Building Products,209000000,5.7054,0.8721,7.8526,1.6006,33.3622,,,,,,,,,,,,,,,,,,4178100000
FBHS,Fortune Brands Home & Security Inc,2012,20.8134136798885,23.3217542336083,32.5766006639025,8.74193635821542,14.826276463,11991157548.48,166100000,Building Products,108300000,3.1604,1.1349,6.4873,1.6686,40.1157,,,,,,,,,,,,,,,,,,3873900000
FDX,FedEx Corp,2021,74.2999773050304,66.6269022761298,81.2121044226796,76.8523693216316,91.5454545455,58640365078.02,268000000,Air Freight & Logistics,4952000000,6.6929,1.4023,12.5651,3.6812,17.3364,220.109510669344,13.7001025759568,16183600,279445000,,,0,,29,1,0,65,13,1,30.7692307692308,1,0,82777000000
FDX,FedEx Corp,2020,75.652087095214,70.6901938333682,86.0330506853682,72.3766684704184,70.095785441,58094528233.5,262000000,Air Freight & Logistics,1286000000,2.0103,1.4485,35.1709,3.5488,13.7277,221.05768154621,14.2910765787095,16402161,278195559.892,,,0,,29,1,0,62,12,1,33.3333333333333,1,0,73537000000
FDX,FedEx Corp,2019,76.6426368756697,70.3133021654305,82.7068352396832,78.4459175084175,67.77480916,56944561289.22,265000000,Air Freight & Logistics,465000000,1.0119,1.2687,3.9614,2.8713,9.9162,231.510817417876,16.0425821237586,16202370,269840750.682,,,0,,28,1,0,51,13,1,30.7692307692308,1,0,54403000000
FDX,FedEx Corp,2018,79.7405986251436,73.539109566096,90.9451478236198,77.1217541070482,72.719101124,58894735646.34,272000000,Air Freight & Logistics,2953000000,9.0641,1.2201,7.7813,2.8426,17.3649,232.987930834397,18.1387125118122,15147708,251743995.283,,,0,,29,1,0,41,12,1,25,1,0,52330000000
FDX,FedEx Corp,2017,77.0084226161264,69.4846089582931,84.6318886809684,78.8063323580776,60.42481203,58484033166.24,270000000,Air Freight & Logistics,2997000000,6.3421,1.461,5.642,3.1655,16.1426,273.202918693537,19.031589397399,14718391,243292152.815,,,0,,28,1,0,38,13,1,23.0769230769231,1,0,48552000000
FDX,FedEx Corp,2016,77.0568584188245,65.3587130015961,89.7657266043227,79.1391257995735,49.942028986,57212180324.64,279000000,Air Freight & Logistics,1820000000,4.4127,1.3469,25.8082,2.8665,15.2796,289.595894885466,20.4619518260173,14713175,238461000,,,0,,27,0,0,33,12,1,25,1,0,45959000000
FDX,FedEx Corp,2015,72.5633586392536,58.2645023821494,86.9096347206313,76.0985561833019,52.978798587,56926013435.28,287000000,Air Freight & Logistics,1050000000,3.0172,1.592,10.4657,2.2993,18.1601,295.189588956921,21.0696117804552,14410983,204710000,,,0,,27,0,0,,13,1,23.0769230769231,1,0,36531000000
FDX,FedEx Corp,2014,70.5025868058262,62.5322693179836,80.5084807344875,70.7988524771047,49.762214984,57707672994.18,310000000,Air Freight & Logistics,2324000000,6.9751,1.5753,-1.4806,2.0394,19.1957,311.017928511753,21.9187346173821,14744766,208632000,,,0,,27.2,0,0,23.5,12,1,16.6666666666667,1,0,33070000000
FDX,FedEx Corp,2013,63.5619623012169,61.5348399246704,72.0896436193116,58.6516104440633,55.231746032,58884136872.66,317000000,Air Freight & Logistics,2716000000,8.5584,1.7323,12.253,1.9757,13.6512,331.210637300843,22.4720946579194,15095179,213247000,,,0,,27.5,0,0,26.21,12,1,16.6666666666667,1,0,33567000000
FDX,FedEx Corp,2012,66.7367996026938,61.0016921412521,85.3086501078519,57.4732905982906,46.752380952,59451171264.54,317000000,Air Freight & Logistics,2032000000,7.094,1.4044,9.1948,1.913,13.0136,351.171509261144,25.1850702218604,14792319,,,,0,,27.3,0,1,,11,1,18.1818181818182,1,0,29903000000
FTV,Fortive Corp,2021,52.6187779730486,55.7975816981331,69.3701485100865,35.1861651221841,27.2555873926,22578094980.48,352300000,Machinery,614200000,3.742,0.4709,2.5792,1.7599,35.5539,4.42976401761651,10.415872389842,67754,652419.709,,,1,,60,1,0,,8,1,25,1,0,16465500000
FTV,Fortive Corp,2020,45.3429047664033,47.8795778442713,62.558008004817,28.225435186351,26.5684647303,23052062623.2,359000000,Machinery,1452200000,9.6344,0.9211,-7.9563,2.0482,57.0415,3.69487422376592,12.654720555731,62135,653431.403,,,1,3.15,,1,0,,7,1,14.2857142857143,1,0,16051500000
FTV,Fortive Corp,2019,40.1301182264718,45.3109421046008,51.3838772786767,25.0914558901971,21.9982132222,22750446850.56,340000000,Machinery,268100000,4.8701,0.6045,35.1274,2.1702,19.0396,2.44401591355258,9.03354701968347,66066,653675.519,,,0,,,1,0,,7,1,14.2857142857143,1,0,17439000000
FTV,Fortive Corp,2018,26.9534715284379,37.9934161734971,35.26020174232,7.96903460837886,19.0897250362,23249549141,350700000,Machinery,471200000,24.8977,1.0828,22.9035,2.2537,41.6543,,,,,,,0,,,1,0,,7,1,14.2857142857143,1,0,12905600000
FTV,Fortive Corp,2017,27.8461800521684,42.5459939521764,34.2985842985843,6.40826873385012,10.907338129,23515258274.04,352600000,Machinery,814300000,11.1769,1.2373,28.2156,2.8851,31.4085,,,,,,,,,,,,,,,,,,10500600000
FTV,Fortive Corp,2016,,,,,7.775238646,23113103910.52,347300000,Machinery,740200000,11.3283,1.1924,13.58,1.9575,25.0727,,,,,,,,,,,,,,,,,,8189800000
FTV,Fortive Corp,2015,,,,,15.004345307,22432617909.12,345200000,Machinery,863800000,11.8603,0.7399,-1.9713,1.3994,,,,,,,,,,,,,,,,,,,7210600000
FTV,Fortive Corp,2014,,,,,15.199481974,22841396432.4,344044620,Machinery,883400000,12.1049,0.7442,1.5953,1.4098,,,,,,,,,,,,,,,,,,,7355600000
FTV,Fortive Corp,2013,,,,,14.891673063,22859325315,344044620,Machinery,830900000,,0.7138,,,,,,,,,,,,,,,,,,,,,7240100000
FTV,Fortive Corp,2012,,,,,,22723065807.24,344044620,Machinery,763700000,,,,,,,,,,,,,,,,,,,,,,,6762300000
GD,General Dynamics Corp,2021,63.2940894096531,62.2818545984522,84.774100284537,35.8742662009707,62.9076372817,66128216881.71,282017000,Aerospace & Defense,3257000000,6.4253,0.3322,-2.407,3.0443,18.0494,,,762200,,,,0,13.902,23,1,0,,12,1,25,1,0,50073000000
GD,General Dynamics Corp,2020,56.0799271835507,54.6246732629415,73.5078941516566,35.0045325045325,54.5827785949,65467295720.25,287913000,Aerospace & Defense,3167000000,6.2927,0.3749,3.9697,3.3961,13.5291,,,794161,,,,0,12.495,,1,0,,11,1,27.2727272727273,1,0,51308000000
GD,General Dynamics Corp,2019,62.7826126496285,62.7662877466678,80.3351204906259,38.8775510204081,48.4865723622,64792489660.44,290836000,Aerospace & Defense,3484000000,7.3535,0.2646,8.6791,3.6856,14.7204,,,784264,,,,0,11.004,,1,0,,13,1,23.0769230769231,1,0,49349000000
GD,General Dynamics Corp,2018,58.0237883702324,56.5392571237774,75.8344058344058,36.4807162534435,39.734202166,65106288363.15,299160000,Aerospace & Defense,3358000000,8.3153,0.3204,29.5669,3.4728,13.7685,,,821773,,,,0,12.829,,1,0,,14,1,21.4285714285714,1,0,45408000000
GD,General Dynamics Corp,2017,56.6330603058058,52.2662923219681,76.0127493316882,38.2781160891208,38.222159828,63309582516.66,304637000,Aerospace & Defense,3031000000,8.5373,0.5039,5.6493,3.1385,20.4459,,,817293,,,,0,15.39,,1,0,,13,1,23.0769230769231,1,0,35046000000
GD,General Dynamics Corp,2016,51.9892167400533,46.3564574170331,69.8753977345043,38.0110401932033,33.806246657,60685336728.51,310387000,Aerospace & Defense,2679000000,7.8933,0.4262,3.6722,3.0975,19.9838,,,873858,,,,0,,,1,0,,13,1,23.0769230769231,1,0,33172000000
GD,General Dynamics Corp,2015,40.3491768702205,36.0689698479582,51.0298661174047,33.6964984530907,33.419127144,60057739323.09,326652000,Aerospace & Defense,3036000000,9.0177,0.5007,-9.4518,2.9837,14.7858,,,,,,,0,,,0,0,,12,1,16.6666666666667,1,0,31997000000
GD,General Dynamics Corp,2014,37.0692543271264,40.650406504065,38.448098663926,28.5693065104829,35.290221724,60210473204.94,341331000,Aerospace & Defense,2673000000,7.1522,0.6136,-0.4423,2.6901,17.4529,,,,,,,0,,,0,0,,13,1,15.3846153846154,1,0,35337000000
GD,General Dynamics Corp,2013,46.0218368572463,40.7942086323365,59.3187378101548,37.5528907614469,41.347080527,59932775237.94,353499000,Aerospace & Defense,2486000000,6.7533,0.7889,3.4539,2.696,13.458,,,914956,,,,1,,,0,0,,13,1,7.69230769230769,1,0,35494000000
GD,General Dynamics Corp,2012,36.8593086342845,39.8465425859731,34.6538693467336,34.3448691460055,32.234693473,59538444124.8,353346000,Aerospace & Defense,-381000000,-0.9596,0.6454,-1.6455,2.8102,10.885,,,918787.8,,,,1,,,0,0,,11,1,,1,0,34309000000
GE,General Electric Co,2021,75.3144727071649,65.9255586322364,89.6500348742437,75.9604978354977,36.7122040073,101632307990.9,1098000000,Industrial Conglomerates,-3404000000,-2.8654,0.8409,-22.3788,5.9999,159.6641,9.62628899965715,15.296568821373,1890000,21132000,26384307.7,,0,,21.9,1,1,,11,1,18.1818181818182,1,1,198874000000
GE,General Electric Co,2020,79.9847561781557,71.3791579852868,92.298701991759,81.1397941480877,32.4963436929,103512148409.12,1095000000,Industrial Conglomerates,6505000000,2.188,1.1085,-3.3811,8.1651,159.6641,11.0838939936378,15.4066126511566,2390000,27100000,24870143.7,,0,,,1,1,,10,1,40,1,1,256211000000
GE,General Electric Co,2019,79.9287155546714,74.0604638535525,87.6056775805883,81.2072935234699,25.9541704858,101500389365.06,1091000000,Industrial Conglomerates,-604000000,-1.7281,0.8032,-14.7538,9.7198,18.4743,13.2973240423865,15.5650847317858,2800000,31757306,33349462.1,,0,,,1,1,,11,1,27.2727272727273,1,1,265177000000
GE,General Electric Co,2018,81.4254673795276,79.9426861982996,83.4634563698035,81.6815918789602,28.5177770107,104996232949.82,1086375000,Industrial Conglomerates,-20869000000,-6.5719,1.4388,-15.7546,7.8197,13.9057,16.8212814391765,21.2532358303367,3780000,43257460,34750063.8,,0,,,1,0,,18,1,27.7777777777778,1,1,311072000000
GE,General Electric Co,2017,81.2466520414077,69.3217277602943,92.5054941005861,86.8050279645674,51.6007827789,105941649768.34,1085875000,Industrial Conglomerates,-3837000000,-2.3104,1.4781,1.1123,5.5703,19.0821,13.5601165165567,18.4986774701175,3830000,42729930,25475809.3,,0,,,1,1,,17,1,23.5294117647059,1,1,369245000000
GE,General Electric Co,2016,82.4460077943324,74.8512971209216,91.697062424334,84.5674486803519,67.2150692521,101731246960.28,1141250000,Industrial Conglomerates,8164000000,2.0579,1.5783,-25.937,4.93,28.755,17.020094131541,22.3171642439084,4530000,49060300,30699700,,0,,,1,0,,16,1,25,1,1,365183000000
GE,General Electric Co,2015,81.4900497011942,76.1324306075825,89.7729413262059,81.7887690266722,79.0611423974,101852172367.3,1243000000,Industrial Conglomerates,1701000000,-1.0672,1.3469,-24.7167,5.0702,36.7163,,,5030000,52330976,30510404.6,,1,,,1,0,,17,1,29.4117647058824,1,1,493071000000
GE,General Electric Co,2014,80.6215299920793,76.167772636762,82.5460620776233,84.2523448773448,102.0670980587,103501155190.3,1265375000,Industrial Conglomerates,9490000000,2.323,1.1531,-0.2446,5.0691,23.6333,17.705221678455,27.5111906080609,4980000,51824547.2,29071948.8,,1,,,1,0,,18,1,27.7777777777778,1,1,654954000000
GE,General Electric Co,2013,79.7999918726561,81.9197763029445,68.5812409050479,85.0965007215007,102.1843083545,101896145242.58,1286125000,Industrial Conglomerates,7881000000,1.9465,1.2505,-4.1517,5.2902,20.314,13.6690697400101,20.1913669763601,4880000,50642683,28125611.16,,1,,30.93,1,0,,18,1,22.2222222222222,1,1,656560000000
GE,General Electric Co,2012,84.4593258952351,85.0437099574875,82.5317291174229,85.1250186595014,93.5292217048,108239232501.72,1320500000,Industrial Conglomerates,14847000000,1.9441,1.0061,-4.6387,5.8603,15.1791,15.4086472197287,20.5684235822984,5090000,50800805,34447249,,1,,31.31,1,0,,16,1,25,1,0,684999000000
GNRC,Generac Holdings Inc,2021,30.7033146715541,33.8785521328816,60.7417025047714,2.20208388057087,35.3152857097,20403114281.88,64253410,Electrical Equipment,556569000,13.5703,0.6002,50.7617,2.2511,41.1772,,,,,,,0,9.15,,1,0,,10,1,20,1,0,4877780000
GNRC,Generac Holdings Inc,2020,31.0408131808596,32.958654644282,63.5649771543938,1.84192382621226,22.3229468943,20181785012.91,63737730,Electrical Equipment,347218000,11.8817,1.6056,21.3738,2.4358,39.7467,,,,,,,0,,,1,0,,10,1,20,1,0,3235423000
GNRC,Generac Holdings Inc,2019,25.4600241886793,31.8199564392748,44.8309984434067,2.36873077668176,16.670953973,20489860047.24,62865450,Electrical Equipment,252308000,9.8982,1.2924,9.865,2.84,24.1729,,,,,,,0,,,1,0,,10,1,10,1,0,2665669000
GNRC,Generac Holdings Inc,2018,23.9172658954217,34.3529697788584,36.5027510316368,2.02738885370982,12.334154422,20121828380.97,62233230,Electrical Equipment,241220000,10.7027,0.982,19.7609,3.3868,12.8426,,,,,,,0,,,1,0,,10,1,10,1,0,2426314000
GNRC,Generac Holdings Inc,2017,25.5361092837072,40.7753397312643,35.5169455169455,0.568475452196381,8.930282863,20191352560.56,62642870,Electrical Equipment,131157000,8.1184,1.0538,8.8243,4.0701,19.1905,,,,,,,0,,,1,0,,8,1,12.5,1,0,2025965000
GNRC,Generac Holdings Inc,2016,27.4930525970895,39.0626799220128,45.3156487764754,,6.180064983,19221203228.85,65382770,Electrical Equipment,98812000,5.4274,0.904,4.6693,4.1988,23.5695,,,,,,,0,,,1,0,,9,1,,1,0,1861684000
GNRC,Generac Holdings Inc,2015,,,,,6.841380668,17284731584.49,69200300,Electrical Equipment,77747000,4.2471,1.3978,-5.5195,3.831,17.8694,,,,,,,,,,,,,,,,,,1778635000
GNRC,Generac Holdings Inc,2014,,,,,7.146359879,18016967897.97,70171040,Electrical Equipment,174613000,9.4879,1.5752,4.6901,4.5618,20.6298,,,,,,,,,,,,,,,,,,1882542000
GNRC,Generac Holdings Inc,2013,,,,,4.657218107,18800868968.76,69667530,Electrical Equipment,174539000,10.2608,1.256,12.1182,4.3577,21.2617,,,,,,,,,,,,,,,,,,1798205000
GNRC,Generac Holdings Inc,2012,,,,,6.882774107,19294108960.8,69193140,Electrical Equipment,93223000,5.9065,0.8241,3.2879,2.5611,22.9237,,,,,,,,,,,,,,,,,,1603847000
GWW,W W Grainger Inc,2021,75.5729715331101,79.1513985760627,67.2232620237953,78.6212999106093,36.1078998073,24598231307.4,52200000,Trading Companies & Distributors,1114000000,16.1869,1.3056,4.718,3.4811,26.6081,3.0197631899704,7.04875500609438,115647,1325966.4,474648,,0,5,38.1,1,0,,11,1,18.1818181818182,1,0,6592000000
GWW,W W Grainger Inc,2020,74.2519810453601,80.5034708276434,61.0750228456062,78.4024481163641,34.1682242991,24574721674.32,53700000,Trading Companies & Distributors,755000000,11.3008,1.4289,4.8293,3.3397,19.6882,3.33722484627039,8.09241600570359,128252,2058278.4,508653,,0,7,38,1,0,,11,1,18.1818181818182,1,0,6295000000
GWW,W W Grainger Inc,2019,71.6103972029542,78.6896000685356,74.1706391543964,61.7421776310247,33.912248629,23835190390.26,54700000,Trading Companies & Distributors,895000000,14.2953,1.0638,2.2476,3.1457,17.9492,3.70263788968825,8.05362110311751,122559,1357261.2,470000,,0,7,37.4,1,0,,11,1,18.1818181818182,1,0,6005000000
GWW,W W Grainger Inc,2018,60.3056440360956,75.7437438551303,61.8154718931201,42.1799006492596,34.242424242,24381533819.88,56500000,Trading Companies & Distributors,823000000,13.3939,1.2811,1.1888,3.2337,17.2471,4.0329660920309,9.89937659338808,141235,1442870,510000,,0,6.5,,1,0,,11,1,9.09090909090909,1,0,5873000000
GWW,W W Grainger Inc,2017,57.5207691625851,74.1772828275127,56.7566953456524,39.9587138946452,29.291715771,24363646055.58,58000000,Trading Companies & Distributors,620000000,10.1928,1.0962,1.9264,3.2966,21.445,4.84499543986274,10.236645856612,150415,1548442.8,640000,,0,5.5,,1,0,,11,1,9.09090909090909,1,0,5804254000
GWW,W W Grainger Inc,2016,58.8554396357408,74.9951897772966,62.4720521085695,38.2074244574244,29.75191992,23830590679.44,60839930,Trading Companies & Distributors,632838000,10.4904,0.9192,-2.7903,2.8421,20.5527,,,156449.76,,588971,,0,6,,1,0,,11,1,9.09090909090909,1,0,5694307000
GWW,W W Grainger Inc,2015,51.9453555182809,74.5381314172486,47.3879343260786,31.0585069184664,34.787342423,23631780956.22,65765120,Trading Companies & Distributors,785174000,13.805,0.8386,10.8783,2.0343,16.9379,,,159498.11,,,,0,6.5,,1,0,,11,1,9.09090909090909,1,0,5857755000
GWW,W W Grainger Inc,2014,57.6005705296321,75.4311995128595,69.9780996840241,27.804349752631,46.97305834,24132638356.62,69205740,Trading Companies & Distributors,812296000,15.1996,1.1093,0.3175,1.633,20.1385,3.80009262523261,11.4799422796198,136757,,,,0,,,0,0,,12,1,8.33333333333333,1,0,5283049000
GWW,W W Grainger Inc,2013,42.7882201733507,47.6865812744831,67.5820926482929,16.7747467226246,46.798850084,24221566099.14,70576430,Trading Companies & Distributors,807749000,15.5051,1.2814,5.0199,1.6386,22.1587,3.40113527976891,11.6929731121533,121933,,,,0,,,0,0,,12,1,8.33333333333333,1,0,5266328000
GWW,W W Grainger Inc,2012,43.7229946209547,50.9697051872339,63.2906446571344,19.498917305426,43.315149227,24090729880.26,71181730,Trading Companies & Distributors,698849000,14.1795,1.289,6.3302,1.7214,19.3614,,,,,,,0,,,0,0,,12,1,8.33333333333333,1,0,5014598000
HII,Huntington Ingalls Industries Inc,2021,33.5218972323675,47.6809711937839,28.4190077704722,14.3075491759702,69.6774193548,8437683642,40300000,Aerospace & Defense,544000000,5.7922,0.4368,30.2807,3.989,14.4871,,,,2445837,,,0,26.2,,1,0,,10,1,30,1,0,10627000000
HII,Huntington Ingalls Industries Inc,2020,36.1610862254506,51.3390738900234,29.5707151206035,17.0916756854257,46.8226600985,8337711087,40600000,Aerospace & Defense,696000000,9.1651,0.4084,16.0148,4.3531,16.5067,,,,,,,0,23.35,,1,0,,11,1,27.2727272727273,1,0,8157000000
HII,Huntington Ingalls Industries Inc,2019,37.8250731572481,45.2611836941532,49.3295530353569,8.3916083916084,38.357487923,8163758841.3,41400000,Aerospace & Defense,549000000,8.1855,0.2079,10.152,4.3215,21.5484,,,,,,,0,,,1,0,,11,1,27.2727272727273,1,0,7031000000
HII,Huntington Ingalls Industries Inc,2018,45.6619761524209,51.894137573855,64.9850985786336,7.79220779220779,34.611872146,8173756096.8,43800000,Aerospace & Defense,836000000,13.1065,0.269,0.1412,3.8965,13.7347,,,,,,,,,,1,,,10,1,20,1,,6383000000
HII,Huntington Ingalls Industries Inc,2017,36.2285535949882,35.9382253060027,58.4169884169884,6.50826446280991,38.468271335,7992205936.92,45800000,Aerospace & Defense,479000000,7.5279,0.8124,0.3463,3.7309,31.216,,,,,,,0,,,1,0,,9,1,22.2222222222222,1,0,6374000000
HII,Huntington Ingalls Industries Inc,2016,36.1258330262013,36.2415104914331,58.1431215299198,5.88842975206611,35.32051282,7677492333.78,47200000,Aerospace & Defense,573000000,9.2599,1.4028,5.4449,3.9376,18.6139,,,,,,,0,,,1,0,,10,1,20,1,0,6352000000
HII,Huntington Ingalls Industries Inc,2015,28.5984654569529,35.9706117552978,39.5773195876288,,31.106471816,7493542832.58,48300000,Aerospace & Defense,404000000,6.5889,1.5447,-3.4461,4.2953,14.5259,,,,,,,0,,,1,0,,9,1,22.2222222222222,1,0,6024000000
HII,Huntington Ingalls Industries Inc,2014,39.964065868858,44.0880058233117,61.088225197391,3.53535353535353,27.971311475,7473148431.36,49300000,Aerospace & Defense,338000000,5.4236,1.5457,0.2249,4.3188,13.8885,,,,,,,0,,,1,0,,9,1,22.2222222222222,1,0,6239000000
HII,Huntington Ingalls Industries Inc,2013,29.7018098399382,22.1962497052461,59.0647482014388,3.53535353535353,30.60362173,7441557103.98,50400000,Aerospace & Defense,261000000,4.1373,1.556,-2.6126,5.7665,19.7178,,,,,,,0,,,0,0,,9,1,22.2222222222222,1,0,6225000000
HII,Huntington Ingalls Industries Inc,2012,30.6541590392022,26.5051873987247,58.7580372250423,,13.502024291,7394769948.24,50100000,Aerospace & Defense,146000000,2.3433,1.4176,5.3221,8.1658,14.8935,,,,,,,0,,,0,0,,8,1,12.5,1,0,6392000000
HON,Honeywell International Inc,2021,78.0805955828141,74.0623717836674,89.3765059485727,74.8384581105168,26.8221869132,128604735937.92,700400000,Industrial Conglomerates,5610000000,8.5885,0.9408,-0.1796,3.5732,25.4302,29.7106704078019,25.9332043912937,2042631,18154911.6,,,1,1.85,28.9,1,0,,13,1,30.7692307692308,1,0,64470000000
HON,Honeywell International Inc,2020,75.5493355168683,66.6978823949995,86.6640210628224,77.7949126624587,24.9240164749,127864051665.24,711200000,Industrial Conglomerates,4865000000,7.754,1.0762,10.0666,3.4199,31.2625,35.3846466676236,25.0907372852974,2527992,19843568.48,,,1,2.1,28.7,1,0,,12,1,25,1,0,64586000000
HON,Honeywell International Inc,2019,73.9441644443431,67.6087883959044,84.0056251105646,74.1153851347701,25.650485437,125916326355.6,730300000,Industrial Conglomerates,5949000000,10.5503,0.91,1.5682,3.1753,19.3758,33.4390881728919,30.3068288350521,2583877,20486100.02,,,1,2.25,,1,0,,14,1,21.4285714285714,1,0,58679000000
HON,Honeywell International Inc,2018,67.4111959996901,66.3020606122815,62.5019758790762,71.9893637656794,24.468371467,130134111797.25,753000000,Industrial Conglomerates,6388000000,11.5401,0.9021,-2.8535,3.3805,14.3458,68.6874459315048,38.6462520991298,4218429,32546490.88,,,1,2.3,,1,0,,14,1,21.4285714285714,1,0,57773000000
HON,Honeywell International Inc,2017,66.8386483989735,67.5509729178671,63.5921021810592,68.2616303504461,21.653326335,129317987459.76,772100000,Industrial Conglomerates,4608000000,2.7197,0.956,9.8327,3.1673,19.189,91.3929395298204,44.998989139732,5262137,36805768.1,,,1,2.35,,1,0,,14,1,21.4285714285714,1,0,59470000000
HON,Honeywell International Inc,2016,62.7686900599324,69.9781101658234,49.6980442944629,63.6791300097751,25.342143137,125052194704.14,775300000,Industrial Conglomerates,4849000000,9.302,0.898,9.794,2.7478,16.9672,98.9585173423312,43.9480226269042,5759991,38407349.18,,,1,,,1,0,,14,1,21.4285714285714,1,0,54146000000
HON,Honeywell International Inc,2015,53.1426626293842,61.1890267025537,32.4738449789996,58.3047933249546,23.445755322,122734127258.16,789300000,Industrial Conglomerates,4847000000,10.0626,0.7549,8.5037,2.6368,15.9573,111.298963000896,45.081321213673,6107432,38625746.6,,,1,2.45,,1,0,,12,1,25,1,0,49316000000
HON,Honeywell International Inc,2014,67.5877072243294,62.8207868585673,83.2496410503131,62.1996753246753,22.510198878,125203074833.76,795200000,Industrial Conglomerates,4329000000,9.3282,1.0327,0.0352,2.5876,17.3301,146.89616354706,46.6288331342095,7289119,,,,1,,,1,0,,11,1,18.1818181818182,1,0,45451000000
HON,Honeywell International Inc,2013,64.1576775674773,58.6930446561679,80.1719767043508,59.3037518037518,22.211342828,124908172762.23,797300000,Industrial Conglomerates,3962000000,8.9909,0.8704,8.5585,2.8674,17.2356,181.744175860275,48.5515070218183,8412471,,,,1,,,1,1,,10,1,10,1,0,45435000000
HON,Honeywell International Inc,2012,61.7836023889732,57.4214118915034,78.464925536999,55.2513434841021,16.583588957,126595286938.89,791900000,Industrial Conglomerates,2931000000,7.1662,0.8585,5.1372,3.4339,15.6576,,,,,,,1,,,0,0,,10,1,10,1,0,41853000000
HWM,Howmet Aerospace Inc,2021,59.1216546258614,68.2131580735687,51.953514399005,52.0908849258132,8.1581395349,14598834928.6,435000000,Aerospace & Defense,258000000,2.3821,0.8675,-10.6965,3.1053,31.5918,70.355580908918,81.7645940292831,800000,11270000,4146440,,1,,25,1,0,37,10,1,30,1,0,10219000000
HWM,Howmet Aerospace Inc,2020,52.559951025541,67.3845396329586,33.533238408954,51.1024408041454,8.2229885057,14716128293.88,439000000,Aerospace & Defense,211000000,1.7997,1.1675,-34.8423,3.5992,35.6319,61.9892927585235,77.4866159481544,990000,13610000,4846940,,1,,26,1,1,19.87,10,1,10,1,0,11443000000
HWM,Howmet Aerospace Inc,2019,51.8181772107328,76.4246340374893,24.5866862018209,43.467365967366,10.2937219731,13869940444.36,463000000,Aerospace & Defense,126000000,2.5927,0.5236,-6.0504,3.6057,24.3455,241.959280023606,239.008557096489,3260000,13590000,12230000,,1,5.35,24,1,0,16.17,13,1,7.69230769230769,1,0,17562000000
HWM,Howmet Aerospace Inc,2018,57.8733933871476,82.135930282948,39.4586787955243,38.1354359925788,11.5383022774,15047063145.92,503000000,Aerospace & Defense,368000000,3.4321,0.9443,-0.1336,3.6063,12.068,125.771604938272,132.716049382716,3350000,42820000,11680000,,1,5.55,23,1,0,14.99,14,1,21.4285714285714,1,0,18693000000
HWM,Howmet Aerospace Inc,2017,73.9128460459778,75.5896101569307,72.8241343885515,72.2979797979798,10.88691796,14975849317,451000000,Aerospace & Defense,198000000,-0.3819,1.1278,-6.5875,3.9099,21.7133,126.67419719219,140.390511537841,3310000,41470000,12900000,,1,5.65,30,1,0,12.47,9,1,33.3333333333333,1,1,18718000000
HWM,Howmet Aerospace Inc,2016,73.59975042439,96.0101622953463,44.1387868660911,72.3484848484848,11.678082192,14401949636.88,438000000,Aerospace & Defense,-1062000000,-3.3301,1.032,-45.0668,3.3151,24.0304,1949.56900024168,861.999516635785,34900000,443102385,132900000,,1,5.883,21.167,1,0,4.5,5,1,20,1,1,20038000000
HWM,Howmet Aerospace Inc,2015,67.7402440601303,88.1297481007597,39.9390352551864,67.9612940523756,28.680952381,14163173857.56,420000000,Aerospace & Defense,-156000000,-0.8729,0.4456,-2.2012,,,2144.79349386063,1076.38335193749,40400000,455418094,98800000,,1,5.59,20.68,1,0,4.5,6,1,33.3333333333333,1,1,36477000000
HWM,Howmet Aerospace Inc,2014,71.6736825383582,94.698018228606,38.136305662259,74.8463335177331,31.798449612,14414516783.16,387000000,Aerospace & Defense,-61000000,,,,,,1224.38346648142,655.609586662035,43400000,487859943,102200000,,1,4.67,19.83,1,0,4.7,6,1,33.3333333333333,1,1,37399000000
HWM,Howmet Aerospace Inc,2013,68.0753892324116,83.5501696757194,47.6631182603065,67.3054070112893,29.699999722,14477352514.56,356666670,Aerospace & Defense,-2244000000,,,,,,1257.38396624473,704.64135021097,46500000,416378666,102000000,,1,5.66,,1,0,6.1,6,1,33.3333333333333,1,1,35742000000
HWM,Howmet Aerospace Inc,2012,71.5509242350615,88.1100191502346,46.1876235130003,75.5280073461891,37.110590093,14653292562.48,358666670,Aerospace & Defense,162000000,,,,,,1226.40375135265,665.30399583183,47200000,458389738,110500000,,1,6.38,,1,1,,6,1,33.3333333333333,1,1,40179000000
IEX,IDEX Corp,2021,53.641766635218,53.2533523926213,49.3565816608659,57.6371326381634,36.8828947368,14808335970.46,76400000,Machinery,449300000,9.6318,2.5246,11.39,1.7464,37.5024,2.15083392653486,13.5313733444575,36880,255430.8,120563.211,,1,7.65,,1,0,,10,1,20,1,0,4917200000
IEX,IDEX Corp,2020,57.8028372053352,54.6933781495167,62.5654697221927,57.2313487059779,33.5380177183,14697962334.41,76400000,Machinery,377778000,9.1824,3.3053,15.7446,1.713,37.6219,2.2028579640684,14.7981237670736,42410.19,286344.065,94675.743,,1,1.86,,1,0,,10,1,20,1,0,4414398000
IEX,IDEX Corp,2019,59.9379757706475,57.1753488842619,64.5973448286584,59.0735938944672,29.939267667,14365319031.28,76454000,Machinery,425187000,11.6777,2.6008,9.789,1.7116,29.6246,2.46890684979381,15.4970636148339,44621.47,301511.03,120563.211,,1,7.3,,1,0,,9,1,22.2222222222222,1,0,3813912000
IEX,IDEX Corp,2018,42.2976666847606,37.4109435607755,63.8012430305932,29.7172172172172,26.103753337,14607379833.1,77563000,Machinery,405673000,11.9466,2.1351,2.1834,1.771,23.1802,,,,,,,0,,,0,0,,8,1,25,1,0,3473857000
IEX,IDEX Corp,2017,40.3435185030513,38.2921886514369,57.7406416056723,28.0871837183718,24.74737643,14652290485.01,77333000,Machinery,337157000,10.2907,1.8564,7.7556,1.9107,30.5072,,,,,,,0,,,0,0,,9,1,22.2222222222222,1,0,3399628000
IEX,IDEX Corp,2016,40.577716392677,31.6968843608428,62.633127835133,31.9013381513381,20.367188634,14385871363.51,76758000,Machinery,271109000,9.097,1.6457,12.458,1.9953,23.7345,,,,,,,0,,,0,0,,8,1,25,1,0,3154944000
IEX,IDEX Corp,2015,35.7140583019935,33.3909484639264,44.9063255695558,30.5920481798759,18.713417006,14118691044.52,77972000,Machinery,282807000,9.9076,1.8993,-3.376,1.9486,21.4242,,,94000,998640,173750.32,,0,9.95,,0,0,,9,1,11.1111111111111,1,0,2805443000
IEX,IDEX Corp,2014,28.752950164334,30.8544692657478,41.3389387116901,15.9685221714739,18.647067679,14362274241.32,80728000,Machinery,279386000,9.6489,1.8574,0.5501,1.8928,21.738,,,88400,986760,164665.33,,0,11,,0,0,,9,1,11.1111111111111,1,0,2903463000
IEX,IDEX Corp,2013,31.9557008167376,30.4103667575965,52.6835506692942,16.3709131523725,19.296453501,14412513275.66,82489000,Machinery,255215000,8.9976,2.2746,3.6687,1.8673,23.8147,,,92600,970259,219932.32,,0,14,,0,0,,9,1,11.1111111111111,1,0,2887577000
IEX,IDEX Corp,2012,27.4409635040316,33.1077451280314,35.1439919401712,14.8302895143601,17.716963562,14347903421.45,83641000,Machinery,37630000,1.3388,1.9729,-1.7883,1.8876,17.2334,,,55154,457814,153661,,0,14.5,,0,0,,10,1,10,1,0,2785390000
IR,Ingersoll Rand Inc,2021,42.0827311616086,42.2549674816368,51.6024506065044,33.9614474967572,21.7008196721,20271925398.21,421200000,Machinery,534800000,3.6043,2.0837,-5.63,1.7225,41.9969,10.1467331118494,16.523457162992,105966,1134262.8,540000,,0,2.65,22,1,0,16.7,10,1,20,1,0,15154500000
IR,Ingersoll Rand Inc,2020,41.8442861743841,42.2772453276032,51.7152485861698,33.1454362008604,23.8236677116,20577901329.96,382800000,Machinery,-56800000,-0.3219,1.7434,246.9579,1.8824,101.2715,16.7971776989274,24.3945511644031,100998,821862,208000,,0,5.75,22,1,0,13.9,11,1,9.09090909090909,1,0,16058600000
IR,Ingersoll Rand Inc,2019,23.4373967228134,27.6026454668433,38.820324660885,6.06737018372118,9.1886977887,20092419518.25,208900000,Machinery,97300000,3.4908,1.6787,3.149,2.5707,34.9903,16.8280169529333,23.1608298014722,107562,969534,208000,,0,7.85,,1,0,12.3,11,1,9.09090909090909,1,0,4628400000
IR,Ingersoll Rand Inc,2018,18.2519056290811,19.6547183738845,27.1905089408528,9.2703667221714,8.313492064,20610538762.68,209100000,Machinery,170500000,5.9155,1.2518,-2.9018,2.889,13.6806,18.4453144733519,27.3132946030142,108695,835084.8,,,0,,,0,0,,8,1,,1,0,4487100000
IR,Ingersoll Rand Inc,2017,,,,,8.105378705,20981789559.87,188400000,Machinery,27800000,0.4118,1.6547,7.0727,5.1283,61.1363,,,,,,,,,,,,,,,,,,4621200000
IR,Ingersoll Rand Inc,2016,,,,,1.401490785,20533024859.97,189732250,Machinery,-31290000,-0.8344,1.4008,-3.2742,13.3782,,,,,,,,,,,,,,,,,,,4315948000
IR,Ingersoll Rand Inc,2015,,,,,2.056756297,21214331268,189732250,Machinery,-351988000,,1.4644,,,,,,,,,,,,,,,,,,,,,4462046000
IR,Ingersoll Rand Inc,2014,,,,,,21659016288.81,189732250,Machinery,-135925000,,,,,,,,,,,,,,,,,,,,,,,5107100000
IR,Ingersoll Rand Inc,2013,,,,,,21650856930.63,189732250,Machinery,-2600000,,,,,,,,,,,,,,,,,,,,,,,5420700000
IR,Ingersoll Rand Inc,2012,,,,,,21728336358.75,189732250,Machinery,264500000,,,,,,,,,,,,,,,,,,,,,,,2501800000
ITW,Illinois Tool Works Inc,2021,66.0550653817106,66.4223250508265,76.4498222047154,58.5601285968932,11.5042843542,67379428505.48,316400000,Machinery,2694000000,17.0027,1.2585,2.9785,4.656,30.7837,8.60028630507396,30.0442977572769,485917,5389624.8,2656172.987,,0,7,,1,0,,10,1,20,1,0,16077000000
ITW,Illinois Tool Works Inc,2020,53.4486637185304,53.4923054579579,76.7626602439225,37.5043212782923,10.037866835,67019562525.63,318300000,Machinery,2109000000,13.7484,1.9583,3.6103,4.9428,30.8204,9.39301155290949,29.3696931036927,546903,5941850.4,2691002.544,,0,8.7,,1,0,,11,1,18.1818181818182,1,0,15612000000
ITW,Illinois Tool Works Inc,2019,44.9366327126319,39.9967033819422,72.873759422328,31.3711648571273,9.342389626,65983774357.54,325600000,Machinery,2521000000,16.8415,2.0622,1.3315,4.7672,23.8639,9.56310942578548,31.6059723726977,607985,6197115.6,3178604.992,,0,10.3,,1,0,,11,1,18.1818181818182,1,0,15068000000
ITW,Illinois Tool Works Inc,2018,46.1705437208489,44.1191420399252,68.9939925676548,32.8858463726884,9.713432836,67698613983.26,337100000,Machinery,2563000000,16.1959,1.1649,-11.3826,4.0375,16.841,9.53500069861674,36.573983512645,660004,6216177.6,3086854.224,,0,,,1,0,,11,1,18.1818181818182,1,0,14870000000
ITW,Illinois Tool Works Inc,2017,45.1509548817087,47.5596161517663,70.0584238927797,25.4953405858011,13.324614937,68352631285.77,346800000,Machinery,2345000000,10.55,1.8742,10.3875,3.6182,25.4597,7.98183689977204,38.8832267078462,637318,5573390.4,3074581.925,,0,,,1,0,,12,1,16.6666666666667,1,0,16780000000
ITW,Illinois Tool Works Inc,2016,44.2164740173761,52.0244928948001,58.5230548825909,25.7962691430433,11.983098591,67010174717.46,357100000,Machinery,2035000000,13.1587,1.7496,-3.3569,3.2633,21.6846,8.40335695635957,35.4460276016412,587801,5219197.2,2667934.256,,0,,,1,0,,11,1,18.1818181818182,1,0,15201000000
ITW,Illinois Tool Works Inc,2015,39.584746833683,52.6471692703275,41.6623393152602,23.6708967555741,14.199510737,66806772207.11,370100000,Machinery,1899000000,11.4418,2.2352,-9.9399,2.7563,18.1846,8.69476663904999,36.2484810825739,650958,5732870.4,2369238.909,,0,,,1,0,,13,1,15.3846153846154,1,0,15729000000
ITW,Illinois Tool Works Inc,2014,47.8261559158898,52.1077975415805,66.5637928139901,30.2985209235209,16.975354742,67251128460.49,404600000,Machinery,1890000000,15.741,1.7824,-12.5263,2.2655,20.2575,8.41995047753803,33.4705341351256,592122,5304841.2,2609373.963,,0,,,1,0,,12,1,16.6666666666667,1,1,17465000000
ITW,Illinois Tool Works Inc,2013,44.0994002609481,51.3888363363931,58.5280179526104,26.1715367965367,21.745853877,67532762705.59,449300000,Machinery,1630000000,8.55,0.9915,3.4026,1.9382,23.1259,7.80231221688865,30.8436887296329,571613,5146902,2723193.671,,0,,,1,0,,12,1,16.6666666666667,1,1,19966000000
ITW,Illinois Tool Works Inc,2012,48.5945637430625,46.8340219148553,77.8500406866354,30.6015823257202,22.479778629,67955214073.24,473200000,Machinery,2233000000,15.3918,2.0826,7.3706,1.8122,18.2819,8.66055804340338,33.5875301412332,613231,5374198.8,1870068.248,,0,,,1,0,,10,1,20,1,1,19309000000
J,Jacobs Engineering Group Inc,2021,85.0175468654222,86.9249991744134,71.5504776032403,92.7597067644817,45.6245372291,16517770121.85,131274000,Professional Services,420821000,3.5353,0.7141,18.4409,2.2956,21.4163,1.5186999896686,4.1824110596844,72620,808707.6,295000,,0,1,29.5,1,0,17.9,10,1,30,1,0,14632609000
J,Jacobs Engineering Group Inc,2020,70.3792327053831,63.3499364188092,55.6150632238869,87.8427882043501,44.2212388035,16347204084.45,132721000,Professional Services,385883000,4.1302,0.8513,7.7786,2.0656,17.1807,3.52909273195181,6.36110056425596,104636,352976.4,483600,,0,0.95,29,1,0,18.6,11,1,18.1818181818182,1,0,12354353000
J,Jacobs Engineering Group Inc,2019,65.8053926061051,58.2757969794064,62.2331587032692,75.7670664867868,41.438730449,15894945651.95,139206000,Professional Services,350472000,7.0347,0.7498,-9.3556,2.0839,17.9369,,,,,,,0,,,1,0,19.8,10,1,20,1,0,11462711000
J,Jacobs Engineering Group Inc,2018,62.3878977986014,53.7777893980289,71.8988514569575,64.0677994844661,42.565910016,15893653485,137536000,Professional Services,265326000,1.6321,0.5538,71.3323,1.9476,43.2656,,,,,,,0,,,1,0,27.6,11,1,18.1818181818182,1,0,12645795000
J,Jacobs Engineering Group Inc,2017,60.7596998009777,52.8008018953891,69.44939681136,62.3853395577919,37.097696239,15919496824,120147000,Professional Services,170051000,3.9852,0.8946,0.2831,1.6956,28.2754,,,,,,,0,,,1,0,11.47,12,1,16.6666666666667,1,0,7380859000
J,Jacobs Engineering Group Inc,2016,55.6312813311227,59.2932289984011,39.8689455314014,63.2862711028085,35.504615718,15429765549.95,121483000,Professional Services,214515000,2.7791,0.9905,-5.4702,1.77,15.8698,,,,,,,0,1.8,,1,0,12.57,11,1,9.09090909090909,1,0,7360022000
J,Jacobs Engineering Group Inc,2015,63.2465345106447,71.7564550164581,57.2525136820669,59.1531355570825,34.332037406,15184253829.45,126110000,Professional Services,328882000,3.7313,0.8453,-7.8987,1.8536,10.9025,,,,,,,0,2.1,,1,0,10.76,11,1,9.09090909090909,1,0,7785926000
J,Jacobs Engineering Group Inc,2014,62.1297489735271,68.4100997859695,54.1229098854618,61.6682570464083,34.251626649,15445271553.35,132371000,Professional Services,352112000,4.1723,0.9184,16.2152,1.8115,14.5195,0.502029690709688,0.750520159305614,13645,,,,0,1.65,,1,0,,10,1,10,1,0,8453659000
J,Jacobs Engineering Group Inc,2013,67.0622885734469,71.8688084895943,56.6641271517517,69.7593207825766,32.586914486,15460777556.75,130945000,Professional Services,440182000,5.9955,1.4016,6.356,1.7785,17.8916,0.59643617824657,0.635447265486535,12789,,,,0,,,1,0,9.89,11,1,9.09090909090909,1,0,7274144000
J,Jacobs Engineering Group Inc,2012,67.1670072686762,73.2911280157925,55.1965099908293,69.6904499858495,29.162929711,15467238391.5,128692000,Professional Services,390954000,5.8128,1.2741,10.3272,1.8533,13.7601,,,13050,,,,0,,25,1,0,7,11,1,9.09090909090909,1,0,6839433000
JBHT,J B Hunt Transport Services Inc,2021,56.4707231991036,51.2644266578978,71.6651029201348,49.4488946845504,29.5923082034,21100014402.48,106593000,Road & Rail,760806000,11.9598,1.0766,14.6078,2.225,28.4638,196.208340869726,1.73796224031095,1907524,26816000,,,0,9.85,13.8,0,0,39.5,10,1,30,1,0,6794348000
JBHT,J B Hunt Transport Services Inc,2020,52.9988799446104,53.0329123612705,60.139480277217,47.0115112160566,24.5992242195,21255192405.44,106766000,Road & Rail,506035000,8.8784,1.3253,8.3624,2.3421,28.6329,205.290783958291,3.2755215401465,1911564,26650970,,,0,11,13.3,0,0,51.9,10,1,20,1,0,5928348000
JBHT,J B Hunt Transport Services Inc,2019,44.2834262152237,48.4818793631339,50.2168112074716,34.7906144781144,21.12224096,21007746400.72,108307000,Road & Rail,516320000,9.7765,1.0107,7.4476,2.4179,21.8955,206.849455952577,2.69824027606208,1805227,,,,0,,,0,0,,10,1,20,1,0,5470854000
JBHT,J B Hunt Transport Services Inc,2018,46.4437422513908,47.4838954149298,67.6192113709308,27.6706853912736,19.212653714,21277210905.86,110428000,Road & Rail,492804000,10.2456,0.7833,14.0257,2.4252,20.5995,227.399059303702,3.17821599294979,1657751,,,,0,,,0,0,,10,1,20,1,0,5091647000
JBHT,J B Hunt Transport Services Inc,2017,41.4761244605757,44.2044460263083,58.2511082511082,24.5412896055884,16.723112731,20560036892.18,111049000,Road & Rail,995463000,16.3084,1.0147,13.026,2.5869,31.2104,,,,,,,0,,,0,0,,10,1,20,1,0,4465349000
JBHT,J B Hunt Transport Services Inc,2016,40.8035048908703,43.6305806800892,58.8792926177257,22.6776830135038,12.572336718,19807213877.82,113361000,Road & Rail,432090000,11.4004,1.0817,8.8491,2.7926,25.8325,,,,,,,0,,,0,0,,11,1,18.1818181818182,1,0,3828988000
JBHT,J B Hunt Transport Services Inc,2015,38.2440475191915,36.0159448394742,61.2945144457172,21.4491029834473,11.241232051,19791486377.52,116728000,Road & Rail,427235000,12.1927,1.183,7.4311,2.7978,20.0829,,,,,,,0,,,0,0,,11,1,18.1818181818182,1,0,3629544000
JBHT,J B Hunt Transport Services Inc,2014,42.6288333208894,36.3888888888888,75.9161047506646,21.6493802640773,10.295068376,19832377878.3,118445000,Road & Rail,374792000,12.0942,0.8556,19.8298,2.7957,26.9583,,,,,,,0,,,0,0,,11,1,18.1818181818182,1,0,3378486000
JBHT,J B Hunt Transport Services Inc,2013,31.8089423407024,30.4867448935245,41.446385748544,25.2101200686106,8.620354367,19742206876.58,119404000,Road & Rail,342382000,12.9591,0.8063,14.3941,2.9286,26.736,274.494261104891,4.51040360199249,1410363,,,,0,,,0,0,,11,1,18.1818181818182,1,0,2819404000
JBHT,J B Hunt Transport Services Inc,2012,33.6319285406439,30.8344198174706,41.0186125211506,30.5069930069929,6.735106998,19695024375.68,120022000,Road & Rail,310354000,13.1173,0.938,8.7023,3.4809,23.9038,,,,,,,0,,,0,0,,12,1,16.6666666666667,1,0,2464641000
JCI,Johnson Controls International PLC,2021,77.0964199248039,91.9686719441012,36.1050168202427,95.0066101204838,24.5073960368,45417799907.2,721100000,Building Products,1746000000,3.9586,0.7638,2.6338,2.3624,25.6853,24.6161222386521,14.8423175157951,880594,80385684,3374000,,0,2,24,1,0,23,13,1,23.0769230769231,1,1,41890000000
JCI,Johnson Controls International PLC,2020,85.1537293122656,91.8195445752001,64.5046620046619,95.0782650220624,23.2316910786,45340510953.15,753600000,Building Products,795000000,1.5186,0.8784,-3.481,2.2331,18.2155,26.8015270360481,16.1140270360481,1028600,88672957,3776000,,0,2.05,22,1,0,24,12,1,25,1,1,40815000000
JCI,Johnson Controls International PLC,2019,89.0887670625626,91.511638484058,77.2148148148148,96.3365159010891,22.714318547,43970388585.9,874300000,Building Products,1289000000,12.4588,0.9454,-13.341,2.2254,22.4192,26.9979487179487,17.1989316239316,1034207,89046267,4103000,,0,2.5,22,1,0,23.3,12,1,25,1,1,42287000000
JCI,Johnson Controls International PLC,2018,76.7752284619689,91.3976211798339,35.7373271889401,94.9971615533073,22.862698498,45642640500.8,931700000,Building Products,1457000000,4.2948,0.5162,-5.9498,2.4196,22.2314,29.8997591416685,17.5363258156339,1083203,87157348,3681000,,0,2.8,21.688,1,0,21.2,10,1,10,1,1,48797000000
JCI,Johnson Controls International PLC,2017,75.0805354959936,93.3136892005974,29.0030864197531,93.5570010489421,21.861434834,45972875122.65,944600000,Building Products,829000000,2.8002,0.5894,-17.8778,2.5819,22.2014,39.6434227575947,81.6552286797524,2527500,138501000,5966010,,0,3.1,29,1,0,23.7,12,1,8.33333333333333,1,1,51884000000
JCI,Johnson Controls International PLC,2016,86.1494802794552,92.796217860905,65.8167036215816,95.8312845812845,36.137249026,44834619617.55,667400000,Building Products,864000000,-1.8707,0.427,113.284,2.6936,34.0051,86.9001211876389,150.182791355282,2347600,19075600,5966010,,0,,29,1,0,21.74,11,1,9.09090909090909,1,1,63179000000
JCI,Johnson Controls International PLC,2015,82.2132094932742,92.1583223192819,53.3918128654971,95.3650834102282,10.050859688,44848672154.65,407785160,Building Products,615000000,7.5451,0.6077,150.8426,2.7654,15.5182,86.4872241579559,142.176635694928,2362555,19217822,6493057,,0,,30,1,0,22.11,11,1,9.09090909090909,1,1,12321000000
JCI,Johnson Controls International PLC,2014,79.7007036623857,94.8280302263068,39.7390572390572,96.4740707323569,10.69443227,45825323483.1,442165180,Building Products,592000000,10.1313,0.7552,-3.0141,2.4613,20.4858,87.9310001988467,146.799562537284,2360920,21151700,6510640,,0,,30,1,0,21.34,9,1,11.1111111111111,1,1,11809000000
JCI,Johnson Controls International PLC,2013,83.9776397949605,95.3991211465381,55.530303030303,95.2047278443406,11.480038132,45930717511.35,450760180,Building Products,491000000,4.3682,0.6769,-1.5285,2.4317,20.9271,93.721997573797,151.654872624343,2427270,19912300,6391130,,0,,30,1,0,20.11,8,1,12.5,1,1,12176000000
JCI,Johnson Controls International PLC,2012,90.3862538146967,95.8241010328917,76.9482401656314,95.6432469320011,11.294421691,46246899596.1,442165180,Building Products,-387000000,2.4164,0.825,-53.6926,2.0408,46.2228,89.0621388652079,143.693189353036,2457198,20287155,6007261,,0,,30,1,0,18.9,10,1,10,1,1,12365000000
LDOS,Leidos Holdings Inc,2021,81.4611464067475,91.2735225380307,75.7259518026357,72.4133080436215,30.4326241135,14764313106.32,143000000,Professional Services,759000000,5.8436,0.9031,5.9947,3.161,16.3274,2.01739679105823,7.99531278168379,111082,702234,119444.827,,0,0.995,34.87,1,0,,13,1,23.0769230769231,1,0,13261000000
LDOS,Leidos Holdings Inc,2020,78.4173916992174,91.3117050009257,69.4248262671342,71.3811549586653,27.1971830986,14618187434.16,144000000,Professional Services,629000000,5.7409,0.9154,33.5646,3.0073,21.8482,0.247890916225231,5.71610751422405,60797,712505,118771.024,,0,1.005,34.453,1,0,,13,1,23.0769230769231,1,0,12511000000
LDOS,Leidos Holdings Inc,2019,81.1469955449319,92.2754231555809,75.1955762648398,69.0423509294865,23.867132867,14717946306.5,145000000,Professional Services,670000000,7.3551,1.0296,6.8073,2.6986,25.6305,0.248770894788594,6.72969518190757,70971,755435,133333.496,,0,1.502,34.819,1,0,,13,1,23.0769230769231,1,0,9367000000
LDOS,Leidos Holdings Inc,2018,77.8289254443586,88.7527825551155,71.9332266865267,66.125738856255,21.907284768,14309075435.36,153000000,Professional Services,578000000,6.5428,1.0704,-2.4472,2.6595,14.32,0.241374414312083,11.2594065029107,81000,776745,65604.9,,0,1,,1,0,,12,1,25,1,0,8770000000
LDOS,Leidos Holdings Inc,2017,84.0280211704455,89.0087103029695,85.7058197548995,64.1389367122431,22.171052632,13650104856.1,154000000,Professional Services,249000000,4.0393,1.0268,-1.555,2.7859,23.0063,0.33955857385399,9.25297113752122,45200,365559,78392.1,,0,1.25,35,1,0,27,10,1,20,1,0,8990000000
LDOS,Leidos Holdings Inc,2016,73.1598570909931,86.3478891030348,64.7647733323528,63.2889332889332,30.735294118,13415460747.92,104000000,Professional Services,246000000,3.9034,1.0099,170.9792,2.9745,16.9759,0.590790616854909,15.1346655082537,90500,671400,222313,,0,2.5,35.8,1,0,31.8,8,1,25,1,0,9132000000
LDOS,Leidos Holdings Inc,2015,75.8495011704461,79.6760925277877,74.8821433116966,68.0902929146488,14.630136986,12793021586.7,74000000,Professional Services,243000000,6.7446,1.5202,-19.0293,2.8284,19.4489,0.489223135369825,14.6663048534657,97738,391573,228741,,0,2.5,32.9,1,0,,11,1,27.2727272727273,1,0,3370000000
LDOS,Leidos Holdings Inc,2014,67.3208617848396,78.2839409293745,56.7803653894823,70.9877522248656,19.21686747,12742439623.26,83000000,Professional Services,84000000,3.2679,1.5045,-29.1574,2.3824,23.4761,0.534441398217958,17.7494859492803,106705,446954,264657,,0,2,31.7,1,0,,13,1,23.0769230769231,1,0,4162000000
LDOS,Leidos Holdings Inc,2013,65.4069659873726,76.1422625615443,54.6795716768655,70.3506698187549,31.542168675,13068412276.54,83000000,Professional Services,323000000,8.3719,1.0608,-11.8794,2.6135,10.7729,,,44008,486181,298431,,0,4.5,31.4,1,0,,13,1,23.0769230769231,1,0,5875000000
LDOS,Leidos Holdings Inc,2012,73.3110453184641,75.9764468634732,73.0756383926841,66.4450454511306,25.964285714,12899805731.74,84000000,Professional Services,-235000000,0.9154,1.2417,7.1348,2.759,11.6495,,,44008,447874,257192.25,,0,1.45,32.1,1,0,,13,1,23.0769230769231,1,0,6667000000
LHX,L3harris Technologies Inc,2021,65.8651946371148,69.5624158632204,68.0013499446352,56.1179981634527,95.4446100348,49324475876.52,203200000,Aerospace & Defense,1843000000,5.1515,0.4364,-6.0904,1.7946,21.0775,3.37842145762339,14.0468286248214,317035,3945000,1753510,,1,2.8,24,1,0,15.06,12,1,16.6666666666667,1,0,34709000000
LHX,L3harris Technologies Inc,2020,48.6394412718005,56.9861288588421,41.6464883882926,42.7465605732651,96.8411214953,48955720009.43,215900000,Aerospace & Defense,1088000000,2.9723,0.6179,-3.5893,1.7385,21.6831,8.37115405376228,29.2467882975278,348455,4527000,1883350,,0,,24,1,0,,12,1,16.6666666666667,1,0,36960000000
LHX,L3harris Technologies Inc,2019,45.4612043728501,44.1027858006885,61.3336152813195,26.3280238280238,,49247249516.92,168389605,Aerospace & Defense,835000000,5.534,0.5089,289.6331,1.8594,23.4625,,,,,,,0,,,1,0,,13,1,15.3846153846154,1,0,38336000000
LHX,L3harris Technologies Inc,2018,48.8398071660469,53.4288428406844,57.8159253320363,28.1168831168831,27.639123103,48712456976.69,121100000,Aerospace & Defense,684000000,7.2056,0.4217,-2.4876,3.1886,22.8323,,,,,,,0,,,1,0,,12,1,8.33333333333333,1,0,9851000000
LHX,L3harris Technologies Inc,2017,50.8468424607719,54.4797952652024,62.3967262617569,28.3815426997245,23.882544861,45082818075.49,124300000,Aerospace & Defense,628000000,5.0048,0.4408,-15.9797,3.693,15.9043,,,,972000,,,0,3.333,,1,0,,12,1,16.6666666666667,1,0,10090000000
LHX,L3harris Technologies Inc,2016,47.176926921179,45.9164439368584,63.9121736916002,26.6861195688946,24.684975767,44109765944.53,125000000,Aerospace & Defense,611000000,2.578,0.4447,-8.5168,3.8952,21.041,,,,1267200,,,0,4.193,,1,0,,12,1,16.6666666666667,1,0,12009000000
LHX,L3harris Technologies Inc,2015,32.8721418234172,22.4460215913634,58.1226931398753,17.7120971238618,32.138126774,41758223294.71,106800000,Aerospace & Defense,287000000,3.7017,0.5743,166.8632,3.4551,12.7753,,,,,,,0,8.643,,1,0,,13,1,15.3846153846154,1,0,13127000000
LHX,L3harris Technologies Inc,2014,34.1899441851101,22.5141353714924,58.2161390795352,23.0095068330362,17.210179076,42273709245.04,107300000,Aerospace & Defense,539200000,10.9436,0.9076,1.2473,2.8865,15.196,,,,,,,1,,,1,0,,12,1,16.6666666666667,1,0,4919000000
LHX,L3harris Technologies Inc,2013,25.6673319895981,22.3761777340345,32.6659815005138,22.2073677956031,14.129411765,42015000940.38,111200000,Aerospace & Defense,461900000,2.1624,0.7845,-13.1312,2.9859,9.9524,,,,,,,1,,,1,0,,11,1,18.1818181818182,1,1,4858400000
LHX,L3harris Technologies Inc,2012,37.2646387864976,27.2848755234748,63.3786311207553,20.102090422946,16.978108581,43365828649,114800000,Aerospace & Defense,555900000,0.5202,0.7821,-9.3961,2.6494,4.7836,,,,,,,1,,,1,0,,11,1,18.1818181818182,1,1,5592800000
LMT,Lockheed Martin Corp,2021,71.8676072849266,72.1090874599576,62.5423997739577,84.1374269005848,39.6490593343,121953443553.5,277400000,Aerospace & Defense,6315000000,12.4332,0.3977,0.3214,5.9846,13.2468,5.10536347221293,11.0790309636862,968021,10362945.6,5148157.6,,1,5.15,23,1,0,8.9,11,1,36.3636363636364,1,0,50873000000
LMT,Lockheed Martin Corp,2020,79.3121530030151,73.4760311583412,81.2316206802913,87.4826798832481,21.4821428571,122547116250,281200000,Aerospace & Defense,6888000000,13.9111,0.3688,6.695,10.7458,11.9239,5.42729065138946,12.5201443398683,964890,10133985.6,4656054.3,,1,5.55,22.6,1,0,9.8,12,1,25,1,0,50710000000
LMT,Lockheed Martin Corp,2019,79.3258678868602,76.1552519214991,77.3644931586457,87.8613053613054,11.088652482,124347197224.25,283800000,Aerospace & Defense,6230000000,13.4843,0.2756,5.9096,20.4388,15.3471,5.83512810248199,14.9255804643715,1037205,12037050,4996741.2,,1,5.4,23,1,0,8.6,10,1,20,1,0,47528000000
LMT,Lockheed Martin Corp,2018,84.9706378165919,84.2441682256819,83.2808142141701,88.6178107606679,4.899824253,118135420065,286800000,Aerospace & Defense,5003000000,11.03,0.2234,-3.7409,168.1912,12.8382,4.84561218016494,16.4344681750899,1006335,8649027.273,4387290.19,,1,5.55,23,1,0,12,12,1,33.3333333333333,1,0,44876000000
LMT,Lockheed Martin Corp,2017,82.8457281798773,80.7473756647365,79.606995251167,91.1409550045913,-2.953439889,111515152518.25,290600000,Aerospace & Defense,3776000000,4.1578,0.397,-2.4809,142.8533,20.9454,5.75880698638248,22.1492007104796,1131279,9126972.725,4334294.45,,1,4.6,25,1,0,,12,1,33.3333333333333,1,0,46620000000
LMT,Lockheed Martin Corp,2016,74.4349122065868,64.4492823738106,78.9499096434354,86.7363829684404,5.048446375,107762487491.75,303100000,Aerospace & Defense,3661000000,10.6539,0.8004,-3.0383,21.0742,17.8346,,,956109,9391156.58,5674329.59,,1,5.3,25,1,0,8.74,12,1,33.3333333333333,1,0,47806000000
LMT,Lockheed Martin Corp,2015,75.0468085972697,66.2385045981607,80.9725085910653,83.2483250889323,9.980663874,105907941132.5,314700000,Aerospace & Defense,3126000000,8.3497,0.5995,33.0886,13.2907,20.9676,,,888800,9761483,6056659,,1,5.9,25,1,0,9.98,12,1,33.3333333333333,1,0,49304000000
LMT,Lockheed Martin Corp,2014,49.858867951707,58.2450993961389,35.5938142883274,53.8093920953961,10.732323232,105172658435,322400000,Aerospace & Defense,3253000000,9.8697,0.659,2.371,8.8043,19.3364,5.28784282141495,20.8767326522827,1234497,11053072,6121011,,1,6.4,26,1,1,8.59,12,1,33.3333333333333,1,0,37046000000
LMT,Lockheed Martin Corp,2013,53.4910526153914,60.4224976675996,46.0560704778248,50.8169934640523,15.325646619,105243463435.5,326500000,Aerospace & Defense,2950000000,7.9658,0.76,-6.3869,15.0989,15.0927,6.65668078883417,21.7446396696703,1320633,11738984,6853859,,1,7.15,,1,0,,11,1,27.2727272727273,1,0,36188000000
LMT,Lockheed Martin Corp,2012,63.5672942300153,67.8233969570066,70.8845145373994,45.7219251336898,0.120481928,105872538632.25,328400000,Aerospace & Defense,2745000000,7.1704,0.6961,1.9758,73.6202,11.0902,,,1374988,,6899705,,1,7,,0,0,,11,1,18.1818181818182,1,0,38657000000
LUV,Southwest Airlines Co,2021,67.9817662921919,73.7729901338369,43.1059079692028,82.8453025553338,17.5912162162,24682886056.26,609000000,Airlines,977000000,2.7557,1.8399,5.0075,3.6759,12.6417,1366.50839964633,4.2367374005305,12402502,179205458.4,314189.03,,1,,42,1,0,8.878,11,1,27.2727272727273,1,0,36320000000
LUV,Southwest Airlines Co,2020,69.0910367222655,75.917825179048,42.3373754117521,84.2756836659275,15.7097345133,25067908276.96,565000000,Airlines,-3074000000,-10.1648,1.927,33.5702,3.233,12.6417,898.140895309435,1.99674514000357,20188287,292030066.8,359613.95,,1,,43,1,0,5.455,11,1,27.2727272727273,1,0,34588000000
LUV,Southwest Airlines Co,2019,69.461284145329,74.5921772003936,44.6014316372816,85.1940457203614,18.275092937,24848741782.1,539000000,Airlines,2269000000,8.8227,0.5762,-1.3261,2.6486,12.6417,924.858274527658,2.13849305713635,20361484,292062808.8,374755.59,,1,,43,1,0,6.337,11,1,27.2727272727273,1,0,25895000000
LUV,Southwest Airlines Co,2018,64.2112661501399,60.906889449907,47.1303839538353,84.1618652455771,17.195462478,25944574256.4,574000000,Airlines,2465000000,9.6002,0.5385,4.5121,2.6343,10.9681,952.847347015984,2.44178568050695,20200544,285130839.6,321759.85,,1,,42,1,0,5.963,11,1,27.2727272727273,1,0,26243000000
LUV,Southwest Airlines Co,2017,65.3027320080489,68.1488872762457,48.9319029809827,76.3760556383507,16.041597338,26738312372.92,603000000,Airlines,2087000000,13.873,0.5734,7.833,2.6765,11.6499,969.225787372468,2.62526492187885,19717886,278517715.2,314189.03,,1,,43,1,0,6.311,11,1,27.2727272727273,1,0,25110000000
LUV,Southwest Airlines Co,2016,63.2796118608385,68.8780665161314,41.2566507742611,75.8076043453401,13.462519936,26264438870.52,633000000,Airlines,2183000000,10.0632,0.5627,9.2624,2.8228,13.294,945.05862764884,2.46266397578204,18779872,265277379.6,302832.8,,1,,,1,1,6.395,10,1,20,1,0,23286000000
LUV,Southwest Airlines Co,2015,68.3865772498056,72.8713466518682,65.0436553391879,65.4232542819499,11.13161876,26068966050.78,669000000,Airlines,2181000000,10.5078,0.476,5.505,2.9372,12.198,955.88427841978,2.75345337274926,17835455,251378258.4,314189.03,,1,,,1,1,5.903,10,1,20,1,0,21312000000
LUV,Southwest Airlines Co,2014,66.114750795119,71.5074123989218,51.3210350780919,72.3461321287408,9.861717613,27022636474.36,696000000,Airlines,1136000000,5.7454,0.5661,4.4197,2.8024,21.0025,1014.54731905757,2.69393751059382,18004153,253674496.8,261193.29,,1,,,1,0,5.6,10,1,20,1,0,19723000000
LUV,Southwest Airlines Co,2013,65.3532959361968,70.5260867845417,50.7325746218228,71.7216810966811,10.332394366,27235879550.44,718000000,Airlines,754000000,3.9746,0.6291,4.0277,2.648,16.806,1066.97530430712,2.73776919475655,18279257,257657598,291476.724,,1,,,1,0,47.86,10,1,20,1,0,19345000000
LUV,Southwest Airlines Co,2012,70.9423029148216,78.7685117119079,60.5907828625308,69.8783043197936,9.322666667,27472816301.64,757000000,Airlines,421000000,2.2965,0.7101,2.9223,2.6436,18.4599,1112.38561757568,2.67141397368757,17459563,246128288,299047.548,,1,,,1,0,,10,1,20,1,0,18596000000
MAS,Masco Corp,2021,68.5429688600025,73.5792665967962,59.6351415365858,69.3257592721358,-0.718875502,13373489565.18,251000000,Building Products,478000000,7.2234,1.0815,-3.4966,709.5,23.1111,11.6296406739228,25.9430445802892,252000,2800000,1180000,,0,8.5,36,1,0,36.182,11,1,18.1818181818182,1,0,5575000000
MAS,Masco Corp,2020,67.2390049214671,68.6142358289361,66.1523588235988,66.4175569800569,0.7386363636,13486254905.97,264000000,Building Products,862000000,22.6583,1.274,14.9194,16.3143,26.7152,15.9302675082657,31.7102494740006,317000,3240000,1102000,,0,8.5,,1,0,,11,1,18.1818181818182,1,0,5777000000
MAS,Masco Corp,2019,56.2584044005444,44.3236761262583,66.5605154709485,62.7165812410399,-0.818815331,13095175107.06,288000000,Building Products,684000000,17.9463,1.0943,-6.7866,16.3143,21.064,,,30262.32,3020000,1047000,,0,12.5,,1,0,,11,1,27.2727272727273,1,0,5027000000
MAS,Masco Corp,2018,64.6708367527652,58.8314469938408,71.5320345728174,66.4302055750188,-0.363934426,13445467442.28,307000000,Building Products,686000000,13.4914,0.9157,-1.731,16.3143,13.7057,,,31873.1,2960000,1068000,,0,15,,1,0,,10,1,20,1,0,5393000000
MAS,Masco Corp,2017,61.6329276857041,61.8716389992986,78.8332328823126,48.114245951417,-0.168789809,13587023933.91,318000000,Building Products,456000000,10.0329,1.4269,6.8328,16.3143,30.1446,,,28068.1,2680000,913000,,0,17,,0,0,,11,1,18.1818181818182,1,0,5534000000
MAS,Masco Corp,2016,44.0506511855055,37.6347022761503,56.9259906878946,41.8785848693011,-0.914110429,13279918324.95,330000000,Building Products,536000000,9.1288,1.4438,-9.3044,16.3143,21.3649,,,,,,,0,,,0,0,,11,1,18.1818181818182,1,0,5137000000
MAS,Masco Corp,2015,32.1224521571457,29.3100303951368,63.5784650630011,11.3148479427549,-0.399408284,13215138235.56,341000000,Building Products,396000000,5.5158,1.0691,-21.4206,16.3143,26.6937,,,,,,,1,,,1,0,,10,1,20,1,0,5664000000
MAS,Masco Corp,2014,66.8152100926625,68.1371227186335,59.5516574329522,70.809484102167,2.64756447,13414277028.87,352000000,Building Products,868000000,12.0861,1.133,3.6079,9.5516,10.6015,11.56490993996,39.6749833222148,384043,,,,1,,,1,0,,10,1,20,1,0,7208000000
MAS,Masco Corp,2013,67.0518776733502,71.3450101237161,54.1266614493464,71.8205766875277,1.597142857,13810155352.92,352000000,Building Products,300000000,4.1643,1.5113,1.1927,15.7003,31.625,26.8659434846659,38.4377929556716,487623,5584280,,,1,,,1,0,,9,1,22.2222222222222,1,0,6957000000
MAS,Masco Corp,2012,73.8276018145462,70.9192023781689,76.1507601296806,75.5455511493078,0.922636103,13855741341.75,349000000,Building Products,-18000000,-1.6088,1.2266,-5.7832,16.6926,112.333,,,531914,5584280,1453600,,1,16.5,,1,0,,9,1,22.2222222222222,1,0,6875000000
MMM,3M Co,2021,91.7147191862517,95.5518246966504,90.8742084544225,88.0291889483065,25.9861830743,84694130000,585300000,Industrial Conglomerates,5919000000,12.5424,1.0432,-0.5745,3.3825,17.2955,111.856823266219,52.199850857569,5280000,29052000,44700000,,1,,36.7,1,0,10.4,11,1,36.3636363636364,1,0,47072000000
MMM,3M Co,2020,88.4846285653898,95.2398686202331,78.5303240888322,87.7743614052053,22.2766620499,84077342000,582200000,Industrial Conglomerates,5458000000,11.8453,1.2258,6.0122,4.0123,19.7276,126.026885735624,55.3895942245457,5830000,30702246,41900000,,0,,36.2,1,0,13.1,12,1,33.3333333333333,1,1,47344000000
MMM,3M Co,2019,86.4920225426711,96.7237434067638,67.5921498259578,88.0226394965699,17.4402079723,82666725000,585100000,Industrial Conglomerates,4529000000,11.2618,0.7853,22.3534,4.0868,19.6863,146.192583549519,56.7678925682893,6650000,31546294,45800000,,0,,35.4,1,0,13.67,13,1,30.7692307692308,1,1,44659000000
MMM,3M Co,2018,87.4813403939884,97.3941318247048,73.3558469554996,86.1106620975041,16.645709431,84894015000,602000000,Industrial Conglomerates,5539000000,14.3622,1.1393,-3.9145,3.4874,18.7887,125.090817196828,59.3865495782923,5840000,31229776,46000000,,1,,34.7,1,0,13.527,12,1,25,1,1,36500000000
MMM,3M Co,2017,88.2065079133344,94.7496786489961,80.2410736766565,86.3755576748997,19.352301255,85956261000,612700000,Industrial Conglomerates,5631000000,13.7052,1.176,15.441,3.2429,27.5222,137.500415158258,61.1112956258926,5980000,30596740,45900000,,1,,34.8,1,0,15.065,12,1,16.6666666666667,1,1,37987000000
MMM,3M Co,2016,86.3103885761715,94.8257327950161,76.7529241617675,83.3760997067448,17.029932198,82067070000,618700000,Industrial Conglomerates,5058000000,15.3521,1.1368,0.0699,3.028,23.0532,124.529299068508,61.4388584263725,5630000,29647186,42200000,10972000,1,,33.9,1,0,11.885,11,1,18.1818181818182,1,1,32906000000
MMM,3M Co,2015,89.7872848153379,94.7634322077009,89.1767850324551,84.6807650235069,18.268861893,82455418000,637200000,Industrial Conglomerates,4841000000,15.0814,0.8528,5.3638,2.6119,19.5177,137.959209327174,70.3937651236605,6630000,29023660,42500000,10990800,1,,33.9,1,0,11.99,10,1,20,1,1,32883000000
MMM,3M Co,2014,87.8919704594782,90.8964244404452,86.130509846372,85.7584776334776,20.19254467,83808925000,662000000,Industrial Conglomerates,4998000000,15.306,1.27,-6.9776,2.1155,21.9386,181.076090829581,76.447151047909,7950000,28646024,43300000,10175500,1,,33.7,1,0,8.45,12,1,16.6666666666667,1,0,31209000000
MMM,3M Co,2013,85.7168160612159,89.9766729981913,78.7216119633781,85.7584776334776,25.666520018,84305782000,693600000,Industrial Conglomerates,4721000000,13.8196,1.0123,-0.9623,1.9222,20.8705,146.134296415195,75.2407704654896,6620000,27666069.7,43400000,9959000,1,,33.7,1,0,7.09,10,1,20,1,0,33550000000
MMM,3M Co,2012,86.2780334714382,88.037542662116,84.2117642500097,85.7340647857889,25.32785704,84888304000,703300000,Industrial Conglomerates,4511000000,13.5711,1.3858,7.1483,1.9849,14.5078,137.111208672453,68.5556043362264,6090000,26643748,41130000,,1,,33.63,1,0,8.25,10,1,20,1,0,33876000000
NDSN,Nordson Corp,2021,58.7998378549818,77.0775512208384,54.7449691173541,42.2088009032728,37.1680638997,13260278850.2,58734000,Machinery,454368000,12.1723,1.739,3.1651,1.9054,32.8101,,,,,,,0,10.5,26,1,0,7.4,10,1,10,1,0,3790961000
NDSN,Nordson Corp,2020,35.8719512534857,35.3850041502664,37.4232281372861,35.1112553149474,30.4550270963,13156565229.9,58473000,Machinery,249539000,6.9402,1.788,4.4991,2.153,34.0783,,,,,,,0,,,1,0,7.9,9,1,11.1111111111111,1,1,3674656000
NDSN,Nordson Corp,2019,39.4234814486335,40.2608453912455,43.3833666889037,35.2086794407398,27.514618357,12934652846.8,58202000,Machinery,341957000,9.718,1.3644,2.7897,2.2882,26.7724,,,,,,,0,,,1,0,,9,1,11.1111111111111,1,1,3516447000
NDSN,Nordson Corp,2018,39.9558253624199,44.6218791662386,43.2886290692343,32.0803931173839,25.0257202,13122959699.3,58931000,Machinery,355911000,11.0415,1.6165,0.1896,2.6228,20.6171,,,,,,,0,,,1,0,,9,1,11.1111111111111,1,1,3421012000
NDSN,Nordson Corp,2017,30.9857165742246,35.5448335154456,25.023595023595,30.972893801008,20.084003963,13180900269.3,58204000,Machinery,295802000,10.1356,0.9193,40.9589,2.9081,23.583,,,,,,,0,,,1,0,,9,1,11.1111111111111,1,1,3414539000
NDSN,Nordson Corp,2016,30.0569707418285,36.6133297399507,22.3915278634587,29.2814105314105,14.802763775,12843106746.2,57530000,Machinery,271843000,11.3675,1.4954,2.6233,3.164,21.5227,,,,,,,0,,,1,0,,9,1,11.1111111111111,1,1,2420583000
NDSN,Nordson Corp,2015,32.0365230266174,50.0693146556002,16.9243986254295,24.9274654700151,10.882015432,12836733283.5,61151000,Machinery,211111000,9.0985,1.5126,3.5223,2.9656,20.2166,,,,,,,0,,,1,0,,9,1,11.1111111111111,1,1,2360444000
NDSN,Nordson Corp,2014,44.7521230819369,57.7902636408938,54.9296258153107,22.0254950082281,14.213852583,13174526806.6,64281000,Machinery,246773000,11.4183,1.1005,11.6458,2.4112,19.9349,,,,,,,0,,,1,0,,10,1,10,1,1,2280130000
NDSN,Nordson Corp,2013,45.1650028142783,62.0650766948252,54.1521068859198,19.2108538850906,13.826626592,13297940220.7,64908000,Machinery,221817000,11.4581,1.491,11.6301,2.4857,21.304,,,,,,,0,,,1,0,,9,1,11.1111111111111,1,1,2053179000
NDSN,Nordson Corp,2012,44.4028836609898,50.5719442291849,61.1607445008461,23.6977297477114,10.399024951,13261437661.6,65103000,Machinery,224829000,14.3479,1.0652,40.2518,2.5252,16.9626,,,,,,,,,,,,,,,,,,1829515000
NLSN,Nielsen Holdings PLC,2021,58.9526368606283,76.4795534474773,36.4076048835531,57.3564122738001,9.2402210147,6280200119.86,360450510,Professional Services,560000000,7.7179,1.3653,-23.4524,4.6514,13.1602,,,,,,,,,,,,,,,,,,10820000000
NLSN,Nielsen Holdings PLC,2020,69.8302315293667,76.9082091476902,63.8087228077646,59.9367461017946,5.7473415953,6398830116.4,356860640,Professional Services,203000000,-0.0422,0.9216,-1.285,6.7014,19.0653,,,,,,,,,,,,,,,,,,14135000000
NLSN,Nielsen Holdings PLC,2019,63.7727532028037,75.5796258376767,52.368690686151,51.3477938450129,6.1703778796,6265820726.34,355731860,Professional Services,579000000,-2.8138,0.6226,-5.6657,5.8505,78.8904,,,,,,,,,,,,,,,,,,14319000000
NLSN,Nielsen Holdings PLC,2018,63.8459812725691,72.2368539882763,55.8128512708665,54.8014240506329,8.006151604,6262225877.96,355601560,Professional Services,-928000000,-4.4438,0.9909,-10.0024,4.5185,39.8352,,,,,,,,,,,,,,,,,,15179000000
NLSN,Nielsen Holdings PLC,2017,54.365425543651,67.6578282795308,36.7703207933414,54.6457489878542,11.900258509,6316148603.66,358052430,Professional Services,544000000,2.6322,1.1408,7.2219,3.9051,20.2326,,,,,,,,,,,,,,,,,,16866000000
NLSN,Nielsen Holdings PLC,2016,58.5062127637597,69.9520749138151,43.2730583381251,58.9945205479452,11.431594586,6057319520.3,362167130,Professional Services,507000000,3.2353,1.2077,2.7903,3.636,25.5316,,,,,,,,,,,,,,,,,,15730000000
NLSN,Nielsen Holdings PLC,2015,25.0409254417626,41.0330876462105,6.97950377562028,16.0561497326203,12.079124725,5971043159.18,370957800,Professional Services,578000000,3.722,0.9437,-0.1501,3.2278,26.0253,,,,,,,,,,,,,,,,,,15303000000
NLSN,Nielsen Holdings PLC,2014,26.1587137510747,33.4308406907066,20.3775620280474,14.7772675086107,13.328657056,6136406184.66,384371450,Professional Services,385000000,2.489,0.8439,-1.3136,2.861,30.3563,,,,,,,,,,,,,,,,,,15326000000
NLSN,Nielsen Holdings PLC,2013,29.5030402886893,43.8251464197997,16.5156418554476,11.8929163705283,15.244907212,6222682545.78,380927970,Professional Services,429000000,4.9145,1.1466,6.4793,2.8253,34.2118,,,,,,,,,,,,,,,,,,15530000000
NLSN,Nielsen Holdings PLC,2012,26.7964804481403,40.5448791714614,17.626582278481,,13.626769742,6377261026.12,366310980,Professional Services,237000000,1.877,0.7984,0.5585,3.0418,30.0362,,,,,,,,,,,,,,,,,,14585000000
NOC,Northrop Grumman Corp,2021,78.4368495783496,89.5972705859357,60.5207316392566,82.23805036006,80.6363069245,70197478700.46,160900000,Aerospace & Defense,7005000000,16.0946,0.5243,-4.2502,3.7034,17.64,4.28973730090718,10.0407789367926,484959,6399436.572,3220129.948,,1,4.5,26.2,1,0,,12,1,33.3333333333333,1,0,42579000000
NOC,Northrop Grumman Corp,2020,79.422973800341,88.8865225247526,62.252368504941,85.3442091368228,63.3093955715,70775055856.26,167600000,Aerospace & Defense,3189000000,7.4546,0.6689,8.226,4.4107,13.7902,4.45771722877554,12.1466688818741,499709,6273032.4,3406410.087,,1,4.25,26.5,1,0,,13,1,30.7692307692308,1,0,44469000000
NOC,Northrop Grumman Corp,2019,76.3062078213567,80.9270584198491,62.8117648349977,86.1661486661487,52.090962788,71198092097.4,170000000,Aerospace & Defense,2248000000,5.7098,0.3785,9.1254,4.6302,13.0251,5.42035840639902,14.2334640824489,511078,6374743.2,3331622.389,,0,4.55,26.6,1,0,,13,1,23.0769230769231,1,0,41089000000
NOC,Northrop Grumman Corp,2018,80.8830346418245,86.2342909386857,72.3174845032817,82.6716141001856,47.13298791,69018909098.76,174600000,Aerospace & Defense,3145000000,8.8732,0.3658,7.188,4.751,11.4841,5.27932486035781,16.3054318788958,533273,3912830,3356030,,0,4.5,26.9,1,0,,14,1,21.4285714285714,1,0,37653000000
NOC,Northrop Grumman Corp,2017,80.1313924584895,88.4893682864658,68.7583157215059,80.1905417814508,40.894495413,63950279301.78,175600000,Aerospace & Defense,3154000000,9.4465,1.7314,37.1437,4.9021,21.8608,6.02380345150047,18.459831675593,576002,3984130,3335240,,0,5.4,27,1,0,,12,1,16.6666666666667,1,0,35128000000
NOC,Northrop Grumman Corp,2016,74.7335489375803,76.1156978911386,71.0674603336724,77.1778792711807,29.396310788,61736753877.66,180500000,Aerospace & Defense,2043000000,8.1658,1.0373,4.8723,4.6413,15.9425,5.92710288168814,19.3076024855082,605103,,3580997.86,,0,4.3,27.08,1,0,,11,1,9.09090909090909,1,0,25614000000
NOC,Northrop Grumman Corp,2015,65.4618198829586,71.4364254298281,57.6278477790505,65.1005412864995,29.155227033,60267834678.72,191600000,Aerospace & Defense,1990000000,7.8045,0.9456,-8.0837,3.9975,16.772,5.90746522849844,19.2588702810105,620627,,,,0,4.95,26.91,1,0,,11,1,9.09090909090909,1,0,24424000000
NOC,Northrop Grumman Corp,2014,66.4730084078071,72.9806154461292,72.5155795440023,46.2039256664003,34.650383142,60993708671.82,212100000,Aerospace & Defense,2069000000,7.8145,1.1319,0.724,2.9657,15.1334,6.00279165675311,19.331727337616,638885.9,,,,0,4.85,27.83,1,0,,12,1,16.6666666666667,1,0,26572000000
NOC,Northrop Grumman Corp,2013,68.1900215529331,69.2543495422343,78.0464655798297,52.7820218996689,46.254355401,61074881677.5,233900000,Aerospace & Defense,1952000000,7.3766,1.3474,-0.6103,2.6286,13.5955,6.43719521429653,20.4056413751325,708973,,,,0,4.7,28,1,0,,12,1,16.6666666666667,1,0,26381000000
NOC,Northrop Grumman Corp,2012,64.9969483496214,61.2018350554515,79.4649384533912,52.2830803579466,38.270313757,62145740944.74,253400000,Aerospace & Defense,1978000000,7.6144,1.1096,4.4548,2.6173,8.653,,,1261649.69,,,,1,5.7,24.19,1,0,,11,1,18.1818181818182,1,0,26543000000
NSC,Norfolk Southern Corp,2021,64.076618033912,53.7683688441484,68.7029895328738,71.388578407021,55.2490886999,65219464768,248100000,Road & Rail,3005000000,7.8608,0.72,1.3988,2.689,25.1526,431.949539660057,17.8359038597734,5080776.37,69869264.364,,,0,,7.48,0,0,13.438,12,1,25,1,0,38493000000
NSC,Norfolk Southern Corp,2020,66.4727526161616,52.836006073849,77.6476029232931,71.933519447724,57.9811838495,64552883473.68,256600000,Road & Rail,2013000000,5.3054,0.9088,0.1028,2.5316,25.799,438.154630651074,17.1193925641473,5216529.758,70839840,,,0,,7.069,0,0,13.779,12,1,25,1,0,37962000000
NSC,Norfolk Southern Corp,2019,68.5016956862226,57.8678437154911,77.2066101255125,72.7676066217733,57.668059248,61160032641.08,265600000,Road & Rail,2722000000,7.3407,0.6522,4.6469,2.4279,19.1732,469.903326698891,21.6864752156194,5186764,68955580,,,0,,7.42,0,0,10.829,12,1,16.6666666666667,1,0,37923000000
NSC,Norfolk Southern Corp,2018,72.0058374209634,56.690244621279,81.8273524993603,80.4131337219572,55.318689233,61507709934.88,280200000,Road & Rail,2666000000,7.4107,0.5276,1.4785,2.2682,16.5642,498.284587378641,23.7080299352751,5161463,69164160,,,0,,8.444,0,1,10.276,13,1,15.3846153846154,1,0,36239000000
NSC,Norfolk Southern Corp,2017,70.2970528680552,53.474662988833,82.9388985830703,77.9864371413667,56.82181313,62445239740.92,290300000,Road & Rail,2073000000,15.3081,0.6464,2.3472,2.4542,22.7101,501.04585672153,23.8346494148987,5517019,72984380,,,0,,7.203,0,0,8.346,12,1,16.6666666666667,1,0,35711000000
NSC,Norfolk Southern Corp,2016,63.6647381856273,57.2328320872186,53.9324307209595,78.7428926794598,42.221844165,60913061873.76,296000000,Road & Rail,1668000000,4.8326,0.8127,2.2057,2.8065,19.6519,461.007398485891,22.9538024776325,5625565,58856950.8,,,0,,7.27,0,0,8.84,13,1,15.3846153846154,1,0,34892000000
NSC,Norfolk Southern Corp,2015,62.1291004705464,53.3541621776915,55.2130584192439,77.3986519972247,40.37098377,60821946445.04,304400000,Road & Rail,1556000000,4.6214,0.9175,2.8283,2.7378,17.1984,452.4957759004,23.1918185860382,5349107,74666644.46,,,0,,7.1,0,0,6.65,12,1,8.33333333333333,1,0,34139000000
NSC,Norfolk Southern Corp,2014,62.3581254547027,52.8689167974882,72.5934709996216,64.1086468792526,40.103425986,61946502657.4,312500000,Road & Rail,2000000000,6.0899,1.1393,2.2073,2.7718,17.2998,446.126630434783,22.9034420289855,5178092,72939409,3623619.7,,0,4.05,6.9,0,0,6.93,13,1,7.69230769230769,1,0,33200000000
NSC,Norfolk Southern Corp,2013,64.1992036798168,62.0128929450963,63.2879992205449,67.3270440251572,36.194293043,64792660917.68,315500000,Road & Rail,1910000000,6.0804,1.1215,7.0562,2.9847,15.9176,459.003311851056,24.8001253132832,5405052,135741264,3142029.7,,0,3.75,6.91,0,0,7.7,12,1,8.33333333333333,1,0,32483000000
NSC,Norfolk Southern Corp,2012,67.4313547575222,64.43498201522,68.5863396236163,69.7149378399378,30.414459333,65514391024.12,325200000,Road & Rail,1749000000,5.9409,0.8539,6.3214,2.9932,11.5373,,,5228849,68304940,,,0,4.45,7.04,0,0,,12,1,8.33333333333333,1,0,30342000000
ODFL,Old Dominion Freight Line Inc,2021,35.7482954883402,40.1033998709603,46.4096433552501,22.1458091847436,31.818090242,37267560883.35,116409990,Road & Rail,1034375000,22.5085,2.7669,10.3477,1.3119,40.33,277.462069089187,6.62369752005477,1140641,16192686,,,0,16.5,,1,0,18.21,11,1,18.1818181818182,1,0,4821544000
ODFL,Old Dominion Freight Line Inc,2020,37.7082070606484,41.7793800289115,47.9481457868452,24.7644874065328,28.2518062688,36523243439.91,118493200,Road & Rail,672682000,16.0833,3.1527,9.3564,1.3056,34.333,,,,,,,0,,,1,0,,10,1,10,1,0,4369410000
ODFL,Old Dominion Freight Line Inc,2019,40.263690518753,46.5720170350491,49.0682677340449,26.0925224466891,25.58445631,35621562586.36,120609000,Road & Rail,615518000,16.3249,2.1884,12.701,1.3089,24.5842,,,,,,,0,,,1,0,,10,1,10,1,0,3995568000
ODFL,Old Dominion Freight Line Inc,2018,30.3109449957796,28.5339564649909,52.8163686382393,13.4814962020844,21.812986854,36070680056.09,123029060,Road & Rail,605668000,18.3155,1.732,15.5408,1.3341,16.7227,,,,,,,0,,,0,0,,9,1,,1,0,3545283000
ODFL,Old Dominion Freight Line Inc,2017,21.5583450921796,26.4529667363675,41.0653510653511,,18.441737665,34896771989.43,123609980,Road & Rail,358874000,16.0902,1.4859,13.8035,1.3965,30.123,,,,,,,0,,,0,0,,9,1,,1,0,3068424000
ODFL,Old Dominion Freight Line Inc,2016,17.1675402732568,26.8701053830285,25.1552539584618,,14.848798629,33844619553.95,124729660,Road & Rail,295765000,11.4577,1.1442,9.3145,1.4601,24.0987,,,,,,,0,,,0,0,,7,1,,1,0,2696247000
ODFL,Old Dominion Freight Line Inc,2015,,,,,13.15435444,32446727071.44,128066870,Road & Rail,304690000,13.0394,1.1281,11.765,1.4702,16.5462,,,,,,,,,,,,,,,,,,2466504000
ODFL,Old Dominion Freight Line Inc,2014,,,,,11.560174475,32919965939.8,129242340,Road & Rail,267514000,12.9266,1.322,14.2218,1.5182,25.0452,,,,,,,,,,,,,,,,,,2236237000
ODFL,Old Dominion Freight Line Inc,2013,,,,,9.532806727,33118617089.12,129246510,Road & Rail,206113000,11.3106,1.1987,12.8218,1.614,22.1841,,,,,,,,,,,,,,,,,,1932089000
ODFL,Old Dominion Freight Line Inc,2012,,,,,7.938074648,33323336975.28,129246580,Road & Rail,169452000,10.5067,1.03,13.1811,1.7135,17.401,,,,,,,,,,,,,,,,,,1712514000
OTIS,Otis Worldwide Corp,2021,61.8168007085281,58.9084156098522,88.2749853668374,42.94599350849,-8.4755669862,33648519348.08,431400000,Machinery,1420000000,10.84,0.7495,14.6499,5.7577,29.1091,10.4891815616181,5.89526497334588,209000,2490120,181699.68,3785.41,1,2.71,,1,0,,9,1,33.3333333333333,1,0,12279000000
OTIS,Otis Worldwide Corp,2020,,,,,-8.8457987073,33478534405.68,434600000,Machinery,1056000000,8.8837,0.7147,10.5605,5.7577,27.1045,,,,,,,,,,,,,,,,,,10710000000
OTIS,Otis Worldwide Corp,2019,,,,,3.925084272,32998326943.4,433111720,Machinery,1267000000,11.8585,0.7758,6.0427,5.7577,,,,,,,,,,,,,,,,,,,9687000000
OTIS,Otis Worldwide Corp,2018,,,,,3.622621895,33287301345.48,433111720,Machinery,1210000000,11.5123,0.7418,0.5061,5.1568,,,,,,,,,,,,,,,,,,,9135000000
OTIS,Otis Worldwide Corp,2017,,,,,4.536935643,33363794569.56,433111720,Machinery,809000000,,0.8293,,,,,,,,,,,,,,,,,,,,,9089000000
OTIS,Otis Worldwide Corp,2016,,,,,,32547866846.04,0,Machinery,,,,,,,,,,,,,,,,,,,,,,,,8584000000
OTIS,Otis Worldwide Corp,2015,,,,,,31740438369.64,0,Machinery,,,,,,,,,,,,,,,,,,,,,,,,8525000000
OTIS,Otis Worldwide Corp,2014,,,,,,32424627762.8,0,Machinery,,,,,,,,,,,,,,,,,,,,,,,,0
OTIS,Otis Worldwide Corp,2013,,,,,,32445875880.6,0,Machinery,,,,,,,,,,,,,,,,,,,,,,,,0
OTIS,Otis Worldwide Corp,2012,,,,,,32390630774.32,0,Machinery,,,,,,,,,,,,,,,,,,,,,,,,0
PCAR,Paccar Inc,2021,67.4994959010421,54.0788709601842,65.4050102126353,83.9081760397258,32.8849913744,31858449061.7,348400000,Machinery,1852100000,6.4352,0.7832,3.6861,2.6371,16.5719,4.69571909045809,6.45667722668625,285498,3426595.2,,,1,10.27,,1,0,,11,1,18.1818181818182,1,0,29301700000
PCAR,Paccar Inc,2020,65.5731713639031,55.7860740857067,63.4117025921707,78.0677053294875,29.9596309112,31851497621.8,347400000,Machinery,1298400000,4.5863,0.8154,-0.3565,2.8175,23.1032,4.76470588235294,6.82941176470588,272411.91,3205308.126,,,1,11.085,,1,0,,11,1,18.1818181818182,1,0,28260000000
PCAR,Paccar Inc,2019,63.4672592415102,48.2548460801932,64.8995404814558,78.8946614770684,27.979533007,31034703433.55,347500000,Machinery,2387900000,8.8698,0.761,11.2968,2.9424,11.5173,5.14130311876812,8.03912851298287,256443.75,2910375.623,,,1,9.62,,1,0,,11,1,18.1818181818182,1,0,28361100000
PCAR,Paccar Inc,2018,60.3145942260837,47.9312250654333,56.9326469326469,76.6628610535472,24.481196581,31910584860.95,351800000,Machinery,2195100000,8.9738,0.7411,8.7124,2.9395,9.1571,5.48907702152892,9.6756864656048,258300,2772130,,,1,9.945,,1,0,,11,1,18.1818181818182,1,0,25482400000
PCAR,Paccar Inc,2017,54.9409849958047,46.3414412992808,42.350400987045,74.8289360789361,22.877237852,31875827661.45,352900000,Machinery,1501800000,7.6009,0.7603,13.5729,2.9727,16.6908,4.78722580577659,9.01125288384575,263759,2847890,,,1,9.945,,1,0,,11,1,18.1818181818182,1,0,23440200000
PCAR,Paccar Inc,2016,48.9770077234562,52.8590010286711,28.8556701030928,61.5033519439872,19.303902022,31959244940.25,351800000,Machinery,521700000,2.4992,0.7704,-2.2307,3.0434,16.6212,4.87037426962152,8.71048270779597,257995.54,2932589.518,,,0,11,,1,0,,11,1,9.09090909090909,1,0,20638900000
PCAR,Paccar Inc,2015,45.2747506973668,40.1873302888701,36.0487469962238,58.521564968714,19.572476029,31726371703.6,355600000,Machinery,1604000000,7.6878,0.7352,2.3813,3.0473,10.5066,5.86774372510775,9.59329120872703,264751.67,3073745.817,,,0,13.5,,0,0,,11,1,9.09090909090909,1,0,21109800000
PCAR,Paccar Inc,2014,47.6367171799567,35.7622459027696,50.7331277834875,58.0303343687558,19.023098591,32536214451.95,356100000,Machinery,1358800000,6.5731,0.7145,-0.5148,3.0883,17.7884,5.51978123808686,9.63622826310079,258417.54,,,,0,15,,0,0,,11,1,9.09090909090909,1,0,20618800000
PCAR,Paccar Inc,2013,47.0978781814011,42.1091898061248,36.5109983079526,61.3708820415209,18.730378317,32605728850.95,355200000,Machinery,1171300000,5.9527,0.6997,11.2611,3.153,17.8956,5.80980850127177,9.65177863920955,252877.35,,,,0,21,,0,0,,11,1,9.09090909090909,1,0,20725500000
PCAR,Paccar Inc,2012,31.1435685434924,41.2793994786004,4.90117252931323,41.9378980891719,16.465502675,32546641611.8,355800000,Machinery,1111600000,6.21,0.4081,8.4733,3.1933,14.4498,,,,,,,0,,,0,0,,12,1,8.33333333333333,1,0,18627800000
PH,Parker-Hannifin Corp,2021,59.2917194688764,61.2819227603789,44.6444741376544,69.3232758708458,65.1032155999,37897047700.98,130834480,Machinery,1746861000,8.6808,1.0599,2.28,2.7506,24.9554,,,617700,5324005,,,0,2,,1,0,,11,1,18.1818181818182,1,0,20341200000
PH,Parker-Hannifin Corp,2020,61.2241524374894,62.2468462995689,51.2692891297417,68.4024841224147,48.4916425593,38197685364.54,129805030,Machinery,1202332000,6.4166,0.9063,13.1485,3.0736,17.0832,,,558058,4649832,,,0,2.8,,1,0,,11,1,27.2727272727273,1,0,19887753000
PH,Parker-Hannifin Corp,2019,56.8774316813929,53.6500387311982,46.0933388939015,69.3904013017372,45.8621325741,36952737091.08,131781620,Machinery,1539568000,9.1946,1.844,14.7297,2.7827,14.2538,,,566280,4364413.2,,,1,3.65,,1,0,,12,1,16.6666666666667,1,0,17576690000
PH,Parker-Hannifin Corp,2018,60.3301378761028,60.9900188089856,47.9520076704638,69.9242653615411,44.057615747,38079485941.26,135426830,Machinery,1438315000,6.8861,1.0409,-1.0963,2.7703,14.4852,,,576031,4467769.2,,,1,4.25,,1,0,,13,1,15.3846153846154,1,0,15320087000
PH,Parker-Hannifin Corp,2017,59.9842992005976,61.6360252077351,46.0158800342849,69.8199849054673,39.449285131,38285050155.66,135559760,Machinery,983844000,7.1458,0.9157,28.7163,2.798,21.3045,,,603043,4680133.2,,,1,5.15,,1,0,,13,1,15.3846153846154,1,0,15489904000
PH,Parker-Hannifin Corp,2016,52.0111302851322,59.4955714420636,23.5259010803294,67.5713763213763,33.802310871,37154446976.46,136911690,Machinery,807216000,6.637,1.6612,-1.9964,2.5118,17.0057,,,619102,4758814.8,,,1,7.15,,1,0,,14,1,14.2857142857143,1,0,12034142000
PH,Parker-Hannifin Corp,2015,58.0189827939271,57.8459097415058,55.1373297696321,60.6094586492261,35.712962846,37248235649.28,145112150,Machinery,1012553000,7.9217,1.6573,-7.4963,2.1722,15.9889,,,672223,5101765.2,,,1,7.95,,1,0,,12,1,16.6666666666667,1,0,12279282000
PH,Parker-Hannifin Corp,2014,48.0175543068679,50.3590520022056,30.8593994702829,59.7577136331902,44.664336455,37940730096.54,151444100,Machinery,1041418000,8.0654,1.362,5.8486,2.0822,36.6896,6.0503066142254,45.2670865901683,667932,4919936,,,1,8.85,,1,0,,11,1,18.1818181818182,1,0,13274362000
PH,Parker-Hannifin Corp,2013,47.3287652565532,44.3657831172133,38.7732320041738,57.6957086376297,38.456593717,38547144529.02,151588030,Machinery,948784000,7.9998,1.0916,12.2702,2.2296,15.1859,6.9844367181903,46.0803037165385,697586,5489745,,,1,10.95,,0,0,,11,1,18.1818181818182,1,0,12540898000
PH,Parker-Hannifin Corp,2012,49.2089836758716,46.3289623055145,35.8794383952674,63.4636280921358,32.379640718,38931292654.68,154664510,Machinery,1155492000,10.444,1.1369,2.6039,2.1456,10.2591,7.06082276907176,48.3004437921345,683483,5200080,,,1,10,,0,0,,12,1,16.6666666666667,1,0,11170282000
PNR,Pentair PLC,2021,56.5585871422451,57.3272752025049,41.5430744478572,68.231651506914,14.607358263,9686349353.49,167500000,Machinery,556000000,12.3564,0.5979,13.2565,1.9767,21.7983,15.6229703757704,21.7184704089072,112689,905571.5004,613000,,0,9.8,31,1,0,,8,1,37.5,1,0,4753600000
PNR,Pentair PLC,2020,53.5089296951708,57.2237018702974,35.0407925407925,64.8403114287737,12.6504504505,9476673817.8,167400000,Machinery,357100000,8.6029,0.582,1.3939,2.0533,23.3645,17.3900987420533,22.5399026105776,118081,833812.4916,592000,,0,11.35,30,1,0,,9,1,33.3333333333333,1,0,4197200000
PNR,Pentair PLC,2019,50.8789856272841,58.5785164308026,30.7259259259259,59.2607517227199,11.534238489,9252139385.88,170400000,Machinery,361700000,8.9529,0.7816,8.7482,2.0966,20.2403,6.21125763043405,26.231493035648,96196,882015.4296,557000,,0,10.5,30,1,0,,8,1,25,1,0,4139500000
PNR,Pentair PLC,2018,45.2956653251608,61.0615918381963,9.1116231438812,58.2232992860587,10.444254835,9560874229.77,177300000,Machinery,348300000,5.5851,0.6871,-55.9111,1.8098,18.0484,69.5076782513968,58.3308149137295,363790,856036.8,533621.658,,0,7,25.3,1,0,,12,1,16.6666666666667,1,0,3806500000
PNR,Pentair PLC,2017,49.6784027963094,66.0721546006657,20.3055555555555,56.2440837106966,27.725921849,9635168710.92,183700000,Machinery,177000000,6.6093,0.7878,-25.1508,2.1705,25.3839,68.7423577645113,59.6353305042077,356967,1870074,859664.639,,0,6,24.7,1,0,,12,1,16.6666666666667,1,0,8633700000
PNR,Pentair PLC,2016,40.4006543153913,49.8842256809046,22.1951219512195,45.2102514602514,23.466078323,9494834690.97,183100000,Machinery,178200000,4.4693,0.6814,-2.5242,2.828,21.1744,42.8468070357855,36.7468157005459,367436,1752084,792682.676,,0,,,1,0,,11,1,18.1818181818182,1,0,11534800000
PNR,Pentair PLC,2015,36.9757332992262,45.3637509453821,23.4210526315789,39.1066145755399,22.234054354,9199307754.84,180300000,Machinery,397100000,-0.6795,0.6051,11.0585,2.5931,21.5188,,,,,,,0,,,1,0,,11,1,18.1818181818182,1,0,11833500000
PNR,Pentair PLC,2014,45.6428488082507,50.9135440980945,28.4259259259259,54.2315619120257,24.469045121,9306622005.39,193700000,Machinery,356600000,1.9189,0.8029,-9.2657,2.0818,30.213,,,,,,,0,,,1,0,,11,1,18.1818181818182,1,0,10655200000
PNR,Pentair PLC,2013,44.0358941080092,54.1118782026428,20.8670033670033,52.3343574739702,30.309796121,9544364345.07,204600000,Machinery,517500000,4.5441,0.957,-1.1731,1.8952,25.0699,,,,,,,0,,,1,0,,11,1,18.1818181818182,1,0,11743300000
PNR,Pentair PLC,2012,47.3749777869397,54.5881034892627,30.3229813664596,53.7039670922091,50.008634223,9512995564.14,127400000,Machinery,-78900000,-1.3018,0.9336,159.0905,1.9832,28.9687,,,,,,,0,,,1,0,,10,1,20,1,0,11882700000
PWR,Quanta Services Inc,2021,39.3824147962667,46.3470913753121,69.4650328750747,11.0407042971053,36.3027679941,16034110584.18,145373000,Construction & Engineering,491983000,4.573,1.1467,53.0695,2.2475,32.1035,54.1810361873731,0.778474314186751,665678,9636900,83888.471,,0,,8,1,0,,10,1,20,1,0,12855189000
PWR,Quanta Services Inc,2020,41.2867823698301,49.3272783808688,71.4918712145362,11.7988498190972,30.7269840147,15730180215.36,145247000,Construction & Engineering,451959000,5.3269,1.3564,0.7992,1.993,22.5293,,,,,,,0,,,1,0,,9,1,11.1111111111111,1,0,8398272000
PWR,Quanta Services Inc,2019,31.1404668283016,23.2899334262668,58.8603513453413,19.0664710768632,27.796939126,15463349328.18,147534000,Construction & Engineering,406815000,5.2188,1.2871,17.7492,2.0129,14.2037,,,,,,,0,,,0,0,,9,1,11.1111111111111,1,0,8331682000
PWR,Quanta Services Inc,2018,30.4173014550175,24.3611581484044,55.4504814305364,18.4964726631393,23.562292842,15544682807.16,154226000,Construction & Engineering,289712000,4.3279,1.3473,9.1916,1.8329,12.791,,,,,,,0,,,0,0,,10,1,10,1,0,7075787000
PWR,Quanta Services Inc,2017,32.2473360962524,23.5558312655086,65.5727155727156,16.9970380496696,24.285638339,15440518877.94,157155000,Construction & Engineering,248125000,5.3232,1.4231,21.0325,1.6595,23.7121,,,,,,,0,,,0,0,,10,1,10,1,0,6480154000
PWR,Quanta Services Inc,2016,34.5240966830964,22.8411716924936,74.3265473987251,17.5912564801453,21.231424085,15516144744.36,157288000,Construction & Engineering,200440000,3.7546,1.3378,2.6952,1.6448,28.9843,,,,,,,0,,,0,0,,10,1,10,1,0,5354059000
PWR,Quanta Services Inc,2015,34.0993379357471,27.7020715708291,76.7457044673539,9.93337001039183,15.813882212,14029311672.48,195120000,Construction & Engineering,131203000,5.4226,1.4537,-16.6311,1.5088,24.7226,,,,,,,0,9.05,,0,0,,10,1,10,1,0,5213543000
PWR,Quanta Services Inc,2014,31.1805444060306,29.8889059442035,62.1318228630278,10.3436246293389,20.551345667,14378902941.78,219690000,Construction & Engineering,287592000,4.926,1.8002,7.9461,1.377,17.3792,,,,,,,0,12.09,,0,0,,12,1,8.33333333333333,1,0,6253583000
PWR,Quanta Services Inc,2013,25.7735798249596,28.9717800995996,45.1421719767043,8.79143595422665,19.700403389,14559151437.6,214978000,Construction & Engineering,391445000,7.3518,1.8494,12.6924,1.3666,22.6919,,,,,,,0,11.98,,0,0,,11,1,,1,0,5793245000
PWR,Quanta Services Inc,2012,24.7626317948109,31.5122432297544,46.575296108291,2.53968253968254,17.701856874,14674575854.4,212835000,Construction & Engineering,305721000,6.2324,1.9551,9.3984,1.3765,20.6277,,,,,,,0,12.79,,0,0,,11,1,,1,0,5140757000
RHI,Robert Half International Inc,2021,73.1862852771431,79.0905650939771,73.1589257169171,62.4477167292772,12.5002353325,13070908322.92,111718000,Professional Services,598626000,21.7296,1.1803,15.4427,2.1303,21.8846,0.115504012526913,2.08894108436093,11262.51,,,,0,,54,1,0,,8,1,25,1,0,2952359000
RHI,Robert Half International Inc,2020,72.0233554774518,77.1060163102015,76.0232191643349,57.0313915475205,10.691916011,13003389870.24,113318000,Professional Services,306276000,12.5811,1.2312,10.6436,2.0728,23.1407,0.288894500753321,2.79238783148778,18717.04,,,,0,,56,1,0,,8,1,25,1,0,2557424000
RHI,Robert Half International Inc,2019,70.5040973436798,79.563983106812,70.3541086406475,54.1804802089612,9.8886612022,12570607657.16,116411000,Professional Services,454433000,21.5652,1.1728,21.4551,1.9097,16.1923,,,,,,,0,,58,1,0,,6,1,16.6666666666667,1,0,2311408000
RHI,Robert Half International Inc,2018,53.6438648069062,46.1391932376579,73.1847307611441,39.4273456732898,8.822268137,13314417496.52,121602000,Professional Services,438972000,23.0358,1.3069,1.9086,1.7388,15.8514,,,,,,,0,,,0,0,,6,1,16.6666666666667,1,0,1903097000
RHI,Robert Half International Inc,2017,43.1854621850475,31.3646748054543,69.7697697697698,26.785507677559,8.902514659,13384149668.96,124892000,Professional Services,332917000,15.9424,1.3734,5.0329,1.6632,21.3605,,,,,,,0,,,0,0,,7,1,14.2857142857143,1,0,1867454000
RHI,Robert Half International Inc,2016,38.2566819296881,29.6050742910346,53.5657001850709,32.1792729687466,8.489651616,12936978277.44,128766000,Professional Services,343389000,19.9123,1.417,6.3988,1.6499,18.2697,,,,,,,0,,,0,0,,6,1,16.6666666666667,1,0,1777971000
RHI,Robert Half International Inc,2015,31.4860211187505,25.4138357083164,43.1159475626829,25.9559884559884,7.618888948,12768735575.68,132930000,Professional Services,357796000,21.5649,1.4175,1.4434,1.6728,17.5242,,,,,,,0,,,0,0,,6,1,16.6666666666667,1,0,1671044000
RHI,Robert Half International Inc,2014,31.9558025835644,28.5797230827858,40.6728458633711,25.6655684154205,7.292889147,13115182718.12,135541000,Professional Services,305928000,19.5012,1.5156,10.5347,1.6518,25.8319,,,,,,,0,,,0,0,,6,1,16.6666666666667,1,0,1647267000
RHI,Robert Half International Inc,2013,35.5481179516574,33.6120401337792,46.1093814332544,23.9947089947089,6.75448209,13324379235.44,137589000,Professional Services,252195000,17.5651,1.5446,7.8913,1.63,22.9454,,,,,,,0,,,0,0,,6,1,16.6666666666667,1,0,1490271000
RHI,Robert Half International Inc,2012,21.5396522659308,25.8869341102644,28.5719120135363,3.55805243445692,6.092654901,13407393726.44,139409000,Professional Services,209942000,15.5911,1.5957,5.293,1.6396,20.1167,,,,,,,0,,,0,0,,6,1,16.6666666666667,1,0,1381271000
ROK,Rockwell Automation Inc,2021,63.6454842649364,65.6287399211638,39.9076405464377,81.2601302578074,20.6,31426403697.04,117100000,Electrical Equipment,1344300000,15.1183,0.6976,47.3096,5.2573,40.7397,5.02139272271016,14.2916562107905,129297,815000,317595.899,,0,1.85,30.8,1,0,,10,1,30,1,0,10701600000
ROK,Rockwell Automation Inc,2020,57.6556475054341,62.0049594010228,28.5141378292541,77.1882129422557,8.8756476684,31226546363.76,116600000,Electrical Equipment,1023200000,15.3001,1.0789,18.8402,9.342,28.7185,5.08730873087309,13.7545754575458,125600,,321759.85,,0,2.15,31,1,0,,12,1,25,1,0,7264700000
ROK,Rockwell Automation Inc,2019,40.1569880993832,48.5331976784322,19.6577951040346,48.0878643887685,3.416737109,30457328022.88,119300000,Electrical Equipment,695800000,11.2453,1.1548,-2.3794,6.1211,18.9973,5.10592112560011,15.3177633768003,128900,,317974.44,,0,1.75,31,1,0,,12,1,25,1,0,6113000000
ROK,Rockwell Automation Inc,2018,40.8305781823606,54.4978270968599,24.3268775284285,39.6509271355362,12.898724083,30975562735.92,126900000,Electrical Equipment,1073800000,7.9784,0.9387,-12.5627,3.1356,48.762,6.92303767327154,14.711455055702,127200,,325545.26,,0,1.8,31,1,0,,11,1,18.1818181818182,1,0,6262000000
ROK,Rockwell Automation Inc,2017,41.089792220313,56.5487383426931,23.2479587387562,39.0676567656765,20.744548287,31289292270.72,129900000,Electrical Equipment,825700000,11.5783,1.7108,0.852,3.0649,26.7204,6.96523407156106,14.8011224020673,137300,,333116.08,,0,1.9,31,1,0,,11,1,18.1818181818182,1,0,7161700000
ROK,Rockwell Automation Inc,2016,45.3324242497704,56.8984612609259,36.0434446891175,40.4362741862741,15.284946237,30915140751.44,131100000,Electrical Equipment,729700000,10.8056,1.7755,10.8748,3.1802,20.5671,6.59953196950253,14.0240054351929,136600,,340686.9,,0,1.8,31,1,0,,10,1,10,1,0,7101200000
ROK,Rockwell Automation Inc,2015,46.0388581444269,60.1813949937814,31.6487208858342,42.5786081911816,16.779182156,29885643092.8,135700000,Electrical Equipment,827600000,13.1063,2.4028,2.8983,2.5695,16.2564,6.1210031644075,16.5493789259906,144000,,370970.376,,0,2.55,31,1,0,,10,1,10,1,0,6404700000
ROK,Rockwell Automation Inc,2014,48.3744118256671,51.7586385505446,51.0104465008356,42.4801352117714,19.261594203,30667643007.32,139700000,Electrical Equipment,826800000,13.7013,1.794,6.4966,2.3016,18.3819,3.68086398057322,16.7683803559447,128000,,408824,,0,1.7,30,1,0,,9,1,11.1111111111111,1,0,6224300000
ROK,Rockwell Automation Inc,2013,46.1398095712708,51.8688325683132,41.2261268311694,43.9750570986609,18.573994253,30744332449.16,140900000,Electrical Equipment,756300000,13.1747,1.7866,3.692,2.5875,19.714,4.1697220185321,18.9954003066462,139000,,344472.49,,0,2.05,30,1,0,,9,1,11.1111111111111,1,0,5844600000
ROK,Rockwell Automation Inc,2012,46.9165848568411,54.4501497594937,49.5782539621033,36.4674100606687,13.086219081,30961619201.04,143400000,Electrical Equipment,737000000,13.4964,1.5939,6.6529,3.034,13.284,,,102960,572465,393682.85,,0,2.4,31,1,0,,9,1,11.1111111111111,1,0,5636500000
ROL,Rollins Inc,2021,7.98894958330891,8.27789418543739,11.1506276150627,2.94482812136261,2.1990431944,16473789973.8,492054000,Commercial Services & Supplies,350687000,18.3281,0.5518,7.3119,1.8912,50.3794,,,,,,,0,,,0,0,,8,1,12.5,1,0,1980870000
ROL,Rollins Inc,2020,25.8373553451371,27.3758504652889,39.4803952821166,3.53893418409547,1.9148745738,16769019184.8,491604000,Commercial Services & Supplies,260824000,14.5295,0.526,5.8201,2.0433,71.5332,,,,,,,0,,,0,0,,9,1,11.1111111111111,1,0,1845900000
ROL,Rollins Inc,2019,20.6936970228508,25.3213463606689,29.2661774516344,,1.6606847408,16316334394.6,491213040,Commercial Services & Supplies,202503000,14.3278,0.5836,59.4313,1.8581,46.6969,,,,,,,0,,,0,0,,9,1,11.1111111111111,1,0,1744376000
ROL,Rollins Inc,2018,27.8461530534524,26.3346459700073,49.2698303530491,,1.4501092356,16055548591.55,490934050,Commercial Services & Supplies,232896000,21.775,0.7958,5.8492,1.5579,51.1543,,,,,,,0,,,0,0,,9,1,11.1111111111111,1,0,1094124000
ROL,Rollins Inc,2017,23.5390291585608,22.9217534090097,40.8050908050908,,1.3332650992,15809524249.05,490468100,Commercial Services & Supplies,190024000,18.3698,0.754,12.7791,1.5953,53.33,,,,,,,0,,,0,0,,9,1,11.1111111111111,1,0,1033663000
ROL,Rollins Inc,2016,15.6000757150767,20.2409124413236,20.5901706765371,,1.1578288214,15548738446,491044090,Commercial Services & Supplies,167369000,18.9633,0.8926,7.9994,1.6156,44.1814,,,,,,,,,,,,,,,,,,916538000
ROL,Rollins Inc,2015,,,,,1.0655179392,14913995642.35,491806830,Commercial Services & Supplies,152149000,18.3665,0.9023,5.01,1.6791,37.522,,,,,,,,,,,,,,,,,,848651000
ROL,Rollins Inc,2014,,,,,0.9402949415,15248588748.15,492054120,Commercial Services & Supplies,137664000,17.7932,0.7854,9.3268,1.7175,35.3163,,,,,,,,,,,,,,,,,,808162000
ROL,Rollins Inc,2013,,,,,0.8889265618,15317475564.05,493015980,Commercial Services & Supplies,123330000,17.2282,0.8621,6.7452,1.805,36.0911,,,,,,,,,,,,,,,,,,739217000
ROL,Rollins Inc,2012,,,,,0.7188993198,15346998485.15,493772870,Commercial Services & Supplies,111332000,16.6396,0.6384,7.2572,1.9709,29.0795,,,,,,,,,,,,,,,,,,692506000
ROP,Roper Technologies Inc,2021,60.6043313692677,53.3394113630911,74.3109256543672,35.768694881109,109.8176638177,47511771494.85,106500000,Industrial Conglomerates,982600000,4.8288,0.3815,-1.2941,2.1656,46.2503,,,,,,,,,,,,,,,,,,23713900000
ROP,Roper Technologies Inc,2020,65.6577206037032,56.1605989694696,77.7164018465389,52.7223730036246,100.189292543,47424121141.8,105700000,Industrial Conglomerates,949700000,4.508,0.4312,32.6685,2.1097,53.1374,,,,,,,,,,,,,,,,,,24024800000
ROP,Roper Technologies Inc,2019,57.309063847519,43.1920640873128,72.4783188792528,47.2658982386274,91.356111646,47126321147.1,105100000,Industrial Conglomerates,1767900000,10.5994,0.6262,18.7508,1.936,34.3515,,,,,,,,,,,,,,,,,,18108900000
ROP,Roper Technologies Inc,2018,56.8820773275094,42.8675591041263,72.1056854653828,46.3635747313458,74.985465116,47333302703.7,104400000,Industrial Conglomerates,930300000,6.3884,0.7355,6.5176,2.0248,28.2249,,,,,,,,,,,,,,,,,,15249500000
ROP,Roper Technologies Inc,2017,49.3742742778866,43.4690410520846,54.5788645788646,48.9758464227625,67.179195051,47354423270.7,103522000,Industrial Conglomerates,756372000,6.7858,0.647,-0.0594,2.2637,34.1097,,,,,,,,,,,,,,,,,,14316413000
ROP,Roper Technologies Inc,2016,43.8525177823736,41.3966318380154,44.6123791898005,48.3689486719789,57.150832749,46893994910.1,102464000,Industrial Conglomerates,658645000,5.3782,0.9528,40.8774,2.209,27.8555,,,,,,,,,,,,,,,,,,14324927000
ROP,Roper Technologies Inc,2015,32.3572898276731,33.900946923323,28.0652920962199,42.2330813431516,52.665053272,45321568696.95,101597000,Industrial Conglomerates,696067000,7.4973,1.7591,21.0493,1.8468,28.0444,,,,,,,,,,,,,,,,,,10168365000
ROP,Roper Technologies Inc,2014,22.0268150593826,30.1570286496407,12.183316168898,31.5017538334055,47.593578606,46381821160.35,100884000,Industrial Conglomerates,646033000,7.7905,1.7867,2.6293,1.8493,24.3493,,,,,,,,,,,,,,,,,,8400185000
ROP,Roper Technologies Inc,2013,23.4924742654558,30.4310351355444,14.7139431312093,32.8380051784307,42.503253534,46500096335.55,100209000,Industrial Conglomerates,538293000,7.0568,1.522,15.7525,1.931,24.3131,,,,,,,,,,,,,,,,,,8184981000
ROP,Roper Technologies Inc,2012,16.7214103607348,22.3880604676958,15.5363790186125,4.40613026819923,37.744631635,46274106268.65,99558000,Industrial Conglomerates,483360000,7.8021,0.8258,32.9301,1.8002,22.714,,,,,,,,,,,,,,,,,,7071104000
RSG,Republic Services Inc,2021,73.0981389589002,61.7037998547791,81.2174346414612,82.2983355548281,28.1646800502,39949457811.25,319400000,Commercial Services & Supplies,1292300000,5.3334,0.5383,6.4906,2.771,33.7743,1301.50488496691,23.3560510557832,13452108,24542276.4,,,1,18.5,19,1,0,16.3,11,1,36.3636363636364,1,0,24955000000
RSG,Republic Services Inc,2020,74.4657630356772,61.4843220027161,86.3341602616323,81.2071911063846,26.5703100532,39506453922.65,319800000,Commercial Services & Supplies,969600000,4.1945,0.495,3.3072,2.7778,27.1004,1438.72487717731,24.0735382643649,15065946,37923122,,,1,18.5,18.6,1,1,18.6,12,1,33.3333333333333,1,0,23434000000
RSG,Republic Services Inc,2019,75.9342316275879,65.9665076509914,85.2853292716099,80.7705724108677,25.282466521,38357808125.78,322000000,Commercial Services & Supplies,1073800000,4.8455,0.3828,4.935,2.761,27.1795,1491.75462358952,23.4284775269149,15213802,36867580,,,1,19.5,19,1,0,,12,1,33.3333333333333,1,0,22683800000
RSG,Republic Services Inc,2018,71.5032267491134,50.4494322607011,91.0226757455777,82.0498292330126,24.249311716,38060362657.72,328400000,Commercial Services & Supplies,1037900000,4.8494,0.4315,2.2225,2.6919,23.3074,1343.05253199223,26.4563063287357,13751923,30198675,,,1,,18,1,0,,11,1,27.2727272727273,1,0,21617000000
RSG,Republic Services Inc,2017,64.61009747427,40.2805739987148,86.3513732838886,77.9621669476537,23.609611391,38253385780.61,339000000,Commercial Services & Supplies,815100000,6.1202,0.4513,2.508,2.6694,27.9125,1489.07868807056,30.5194030486701,14265531,30870204,,,0,18.5,,0,0,,13,1,23.0769230769231,1,0,21147000000
RSG,Republic Services Inc,2016,59.9694804812685,34.4332746921336,82.7179622313645,74.0853583898696,22.42361516,37171190567.03,344400000,Commercial Services & Supplies,613200000,2.9763,0.5864,0.4563,2.6618,25.8436,1640.83642347778,31.0063631376851,15238847,30085530,,,0,18,,0,0,,10,1,10,1,0,20629600000
RSG,Republic Services Inc,2015,57.056511158481,29.3647979965603,81.6349751813669,72.492784992785,22.211714286,36693379230.04,351400000,Commercial Services & Supplies,750400000,3.6914,0.5425,2.1992,2.618,21.5239,,,,,,,0,21.5,,0,0,,11,1,9.09090909090909,1,0,20535900000
RSG,Republic Services Inc,2014,45.7199210563275,21.8389166072701,70.8415459518243,53.5001830418743,21.713765069,37073096848.84,358100000,Commercial Services & Supplies,547900000,2.735,0.5507,0.7258,2.5589,20.591,,,,,,,0,,,0,1,,12,1,8.33333333333333,1,0,20094000000
RSG,Republic Services Inc,2013,50.0258643610185,28.4392419175027,72.7194684619277,57.0933977455716,21.826843413,37193340761.46,363400000,Commercial Services & Supplies,589100000,2.9768,0.6429,1.6939,2.5352,19.5602,,,,,,,0,,,0,0,,10,1,,1,0,19949200000
RSG,Republic Services Inc,2012,22.8620955076764,29.0267133382461,22.1150592216582,12.6764163842815,20.995639139,36937031368.77,368000000,Commercial Services & Supplies,572100000,2.9197,0.5335,0.3345,2.5459,15.7545,,,,,,,0,,,0,0,,11,1,,1,0,19616900000
RTX,Raytheon Technologies Corp,2021,71.0372603303934,63.6710923743611,78.2548639299165,74.8113234618917,48.6600958977,125370103669.92,1508500000,Aerospace & Defense,4145000000,2.3885,0.4935,-0.4619,2.2279,19.6651,,,2080000,21655969.2,6208072.4,,1,,,1,0,,13,1,30.7692307692308,1,0,161404000000
RTX,Raytheon Technologies Corp,2020,73.507096950726,71.4796573705871,77.9179682916957,71.2399637399638,53.1470025041,125370103669.92,1357800000,Aerospace & Defense,-2928000000,-2.3323,0.5037,16.143,2.6486,36.8866,,,1900000,37243618,5488844.5,,1,2.4,,1,0,,14,1,35.7142857142857,1,0,162153000000
RTX,Raytheon Technologies Corp,2019,72.1443052258099,67.9183049539693,76.6766663880171,73.7755102040817,48.8699110903,125370103669.92,863900000,Aerospace & Defense,3731000000,4.0442,0.2936,4.0265,3.4134,29.2807,13.1242542239751,17.899811153634,1856387,40725316,5526698.6,,0,2.45,,1,0,,13,1,30.7692307692308,1,0,139615000000
RTX,Raytheon Technologies Corp,2018,67.1208875805887,65.5837466305082,73.347427181783,61.4715335169881,48.0334832584,125370103669.92,810100000,Aerospace & Defense,2150000000,4.5593,0.6511,38.4761,3.3962,14.1999,,,1960000,37876654,5867385.5,,0,2.5,,1,1,,14,1,14.2857142857143,1,0,134211000000
RTX,Raytheon Technologies Corp,2017,61.4418547716395,50.1015172063733,79.2458529264768,58.126117635687,37.481012658,125370103669.92,799100000,Aerospace & Defense,5610000000,4.8782,0.8848,8.0418,3.2633,19.1696,,,2030000,,6245930,,0,2.65,,1,0,,11,1,18.1818181818182,1,0,96920000000
RTX,Raytheon Technologies Corp,2016,58.0640501521664,46.8212714914034,68.1373297696321,65.1098657740024,33.706917624,125370103669.92,826100000,Aerospace & Defense,5436000000,5.7057,0.8508,2.5399,3.2253,17.1945,,,2070000,,6435197,,0,3.1,,1,0,,12,1,25,1,0,89706000000
RTX,Raytheon Technologies Corp,2015,59.4098031988365,43.0061949579142,75.9240605290655,67.2121826787141,31.34868798,125370103669.92,883200000,Aerospace & Defense,4356000000,8.5153,0.7838,-4.0809,3.0508,15.1956,,,2150000,,6813741.6,,0,3.45,,1,0,,12,1,25,1,0,87484000000
RTX,Raytheon Technologies Corp,2014,60.9263660487701,45.6284153005464,72.6376633948411,73.2344452932688,34.746743849,125370103669.92,911600000,Aerospace & Defense,6468000000,6.8427,0.6678,0.6755,2.8821,17.8837,13.8922506411589,15.2647119983365,1682590,,5299576.8,,0,3.65,,1,0,,13,1,23.0769230769231,1,0,91206000000
RTX,Raytheon Technologies Corp,2013,63.3265070714431,45.1724573328563,78.6482220586146,75.9907452420821,35.367369589,125370103669.92,915100000,Aerospace & Defense,5655000000,6.3566,0.7051,1.3254,3.1153,19.7399,15.3595078380027,16.4269110736449,1772220,,6056659.2,,0,3.7,,1,0,,13,1,23.0769230769231,1,0,90594000000
RTX,Raytheon Technologies Corp,2012,62.4455428155561,51.997269339806,66.1904857621441,76.6522776465958,28.94772118,125370103669.92,906600000,Aerospace & Defense,5200000000,6.801,0.6692,45.494,3.1565,15.2424,,,1914377,,6056659.2,,0,3.2,,1,0,,12,1,16.6666666666667,1,0,89409000000
SNA,Snap-On Inc,2021,38.9940002851721,43.5126948471853,51.2283323371189,23.8616313685723,77.586270872,11256849305.35,55000000,Machinery,839900000,10.2361,1.7978,15.1717,1.6935,14.4967,,,,,,,1,,,1,0,,10,1,20,1,0,6759700000
SNA,Snap-On Inc,2020,39.0762561793251,43.9154040150481,50.0871320794814,24.613309182757,70.4401473297,11182035210.75,54800000,Machinery,646100000,12.5332,1.4871,5.963,1.7005,13.793,,,,,,,1,,,1,0,,10,1,20,1,0,6557300000
SNA,Snap-On Inc,2019,36.2686817816229,43.1575661668403,40.6504336224149,25.0904778637809,61.871143376,10794605078,55900000,Machinery,710300000,12.8015,1.4202,2.3623,1.755,12.2064,,,,,,,1,,,1,0,,10,1,20,1,0,5693500000
SNA,Snap-On Inc,2018,41.4609889190371,46.7658210037349,55.3606295961354,24.0819347807668,55.040852575,11231733145.02,57300000,Machinery,699400000,11.185,1.0668,11.1344,1.79,17.2126,,,,,,,1,,,1,0,,10,1,20,1,0,5373100000
SNA,Snap-On Inc,2017,44.8965719149163,52.0522577694203,61.3270851921158,23.3862281576994,51.461672474,11334335331.9,58600000,Machinery,578000000,12.0694,1.1611,9.0531,1.8001,18.592,,,,,,,1,,,1,0,,10,1,20,1,0,5249100000
SNA,Snap-On Inc,2016,41.1469315820459,52.9113730523496,47.9384948925049,22.6335538835538,45.0464716007,10952249063.05,59400000,Machinery,557100000,11.0795,1.6452,0.4872,1.8702,21.1126,,,,,,,1,,,1,0,,9,1,22.2222222222222,1,0,4723200000
SNA,Snap-On Inc,2015,44.4406867335897,54.8873761830315,62.4354079165076,18.0311102382496,41.526678141,10874228650.11,59100000,Machinery,489300000,10.0213,1.6149,4.8686,1.9486,19.5144,,,,,,,1,,,1,0,,9,1,22.2222222222222,1,0,4331100000
SNA,Snap-On Inc,2014,43.7426691496618,58.5125239300856,56.3486485199746,17.1002524143086,38,11158522209.59,59100000,Machinery,431400000,8.7441,1.6665,5.3225,2.0464,18.6269,,,,,,,1,,,1,0,,10,1,20,1,0,4310100000
SNA,Snap-On Inc,2013,43.9942374824324,46.3679065094749,74.6015758821514,15.8946689531201,36.309278351,11514423545.33,59100000,Machinery,359500000,8.0816,1.7575,6.2457,2.2728,14.9198,,,,,,,1,,,1,0,,10,1,20,1,0,4110000000
SNA,Snap-On Inc,2012,50.0923409607974,61.9626085398457,72.2517275674558,18.6568190262887,30.963917526,11560915161.26,58900000,Machinery,312000000,7.4652,1.6718,-1.515,2.5356,10.8746,,,,,,,1,,,1,0,,12,1,16.6666666666667,1,0,3902300000
SWK,Stanley Black & Decker Inc,2021,72.5339695663962,75.8588087625615,42.9841905225636,93.526090758965,73.0064247921,27140957230.25,165024000,Machinery,1579600000,5.5875,0.5217,14.4184,2.5682,20.8751,9.19320989088431,25.279139465186,445138,4454586,1674610.276,,0,3.75,,1,0,,10,1,20,1,1,28180000000
SWK,Stanley Black & Decker Inc,2020,70.6515579906118,75.7892660387715,35.8619742854106,94.0294559886235,71.7336031548,26840389301.85,162427000,Machinery,1176800000,4.7785,0.3946,6.1243,2.7172,20.231,7.80688579929054,25.8592945417096,470734,4504136.4,1593334.082,,0,4,,1,0,,12,1,25,1,0,23566300000
SWK,Stanley Black & Decker Inc,2019,65.1514649796094,68.7819212849989,44.5965478487159,78.3139529216878,61.5798874398,25816171415.4,156381000,Machinery,967600000,3.1434,0.4688,1.6248,2.6305,14.582,8.47099470948437,23.1092961917542,409489,4027442.4,1368424.451,,0,4.2,,1,0,,11,1,27.2727272727273,1,0,20596600000
SWK,Stanley Black & Decker Inc,2018,45.8517208255705,58.2482302837432,34.9944080088965,41.3551470981288,52.620552112,26577392364.5,151643000,Machinery,805400000,7.0671,0.4974,22.1479,2.4953,21.763,6.83495061888127,22.4467158321473,339477,3149006.4,,,0,4.7,,1,0,,12,1,25,1,0,19408000000
SWK,Stanley Black & Decker Inc,2017,36.0822917583988,47.0564505882652,19.7580314758228,37.6955573464323,55.485233478,26445077135.15,152449000,Machinery,1250500000,6.2933,0.8581,3.3521,2.526,16.8865,8.11579154657262,22.6206161943465,343381,,,,0,3.3,,1,0,,10,1,30,1,0,19097700000
SWK,Stanley Black & Decker Inc,2016,35.9219084144409,48.1984333099643,22.1725340556411,33.9664802164802,43.597345951,25538472785.9,148207000,Machinery,967600000,5.7055,0.6283,-4.551,2.5306,17.4321,,,,,,,0,4.35,,1,0,,10,1,30,1,0,15634900000
SWK,Stanley Black & Decker Inc,2015,34.4366337891549,53.4052582842594,18.8587247040855,26.693246078358,39.205580366,25422492770.05,152706000,Machinery,902200000,4.6992,0.6685,-4.1488,2.4481,17.0812,9.19831029891179,23.0035355158639,350662,,,,1,4.2,,1,0,,10,1,20,1,0,15127800000
SWK,Stanley Black & Decker Inc,2014,42.6177639855396,61.4085810515572,31.0806327537517,31.7013324769364,41.188416939,25915816217.75,159737000,Machinery,857700000,3.0285,0.6411,4.3619,2.4045,16.9989,9.06888569604087,25.9864902618135,351339,,,,1,4.85,,1,0,,13,1,15.3846153846154,1,0,15849100000
SWK,Stanley Black & Decker Inc,2013,46.210590161505,70.6150329025949,32.9419777415289,30.6036538128868,43.798836618,26428741921.65,158776000,Machinery,519000000,5.5597,0.7291,-0.6583,2.3256,12.9115,9.67237242041273,28.803711406175,360771,,,,1,6,,1,0,,15,1,13.3333333333333,1,0,16535100000
SWK,Stanley Black & Decker Inc,2012,36.5563943550273,62.2804714971221,21.8636416476149,20.6944188078045,40.885648231,26592094056.65,166701000,Machinery,457300000,4.3399,0.7063,5.3476,2.2173,14.3599,,,381505,,,,1,7.5,,1,0,,15,1,13.3333333333333,1,0,15844000000
TDG,TransDigm Group Inc,2021,43.8464714469214,41.5717556231649,54.5860034979392,33.406432748538,-49.9315068493,36299377393.69,58400000,Aerospace & Defense,681000000,3.6065,3.3542,5.0014,13.1548,71.6472,6.64158338232412,12.8843817362336,99641,1329443.8025,583880.565,,0,,,1,0,,11,1,9.09090909090909,1,0,19315000000
TDG,TransDigm Group Inc,2020,41.1666192533989,40.8043696430672,53.7488045903729,24.6787067099567,-69.3193717277,37465190336.31,57300000,Aerospace & Defense,653000000,4.0346,3.3645,13.1652,13.1548,54.2751,7.37153045746068,13.1337035914553,107103,1374955.292,629468.258,,0,,,1,0,,12,1,8.33333333333333,1,0,18395000000
TDG,TransDigm Group Inc,2019,22.7884425139023,16.5541800614531,47.9508561263064,,-51.451257443,36318234501.23,56265000,Aerospace & Defense,840879000,6.256,1.6482,33.2654,13.1548,37.0476,,,,,,,0,,,0,0,,13,1,7.69230769230769,1,0,16254731000
TDG,TransDigm Group Inc,2018,21.7513990558209,15.4775211127669,46.207015130674,,-32.528211954,36970468573.79,55597000,Aerospace & Defense,815136000,8.6321,3.0846,22.2723,13.1548,29.1295,,,,,,,0,,,0,0,,10,1,,1,0,12197467000
TDG,TransDigm Group Inc,2017,20.7080161555924,12.2323748096389,47.3830973830974,,-53.146119215,36740855558.45,55530000,Aerospace & Defense,628541000,5.7665,1.4773,-6.9979,13.1548,29.6528,,,,,,,0,,,0,0,,10,1,,1,0,9975661000
TDG,TransDigm Group Inc,2016,12.7971876686026,7.69409217445097,29.0993214065391,,-11.601225137,36004873743.58,56157000,Aerospace & Defense,586414000,6.1234,2.8745,27.2839,13.1548,25.6185,,,,,,,0,,,0,0,,10,1,,1,0,10726277000
TDG,TransDigm Group Inc,2015,8.18328138595484,5.85265893642542,17.3436426116838,,-18.342684521,34781380236.72,56606000,Aerospace & Defense,447212000,5.8906,1.7595,24.7187,13.1548,25.0228,,,,,,,0,,,0,0,,9,1,,1,0,8303935000
TDG,TransDigm Group Inc,2014,5.71774849709425,4.94283056008365,10.9612083762444,,-27.303335497,35834050534.1,56993000,Aerospace & Defense,306910000,4.7562,1.9984,9.8875,13.1548,36.8276,,,,,,,0,,,0,0,,9,1,,1,0,6756848000
TDG,TransDigm Group Inc,2013,10.9297117529661,10.0780200740216,20.0993490921548,,-6.107135076,35992672085.76,55080000,Aerospace & Defense,302789000,5.2167,2.6517,12.6247,13.1548,44.6292,,,,,,,0,,,0,0,,9,1,,1,0,6148879000
TDG,TransDigm Group Inc,2012,10.7716560179457,11.021907026663,18.331641285956,,22.620429828,36482956881.8,53882000,Aerospace & Defense,324969000,6.5168,2.8913,20.9583,4.9135,22.8707,,,,,,,0,,,0,0,,8,1,,1,0,5459617000
TT,Trane Technologies PLC,2021,77.9621523495259,92.2225379474057,71.5913412315343,67.6903699427614,26.2082111437,36224093295.01,242300000,Building Products,1457200000,7.8605,0.9655,-0.5337,2.8599,33.4493,22.3756493532562,11.2732542734871,419087,4632340,2780000,,1,3.95,25.3,1,0,40.01,13,1,38.4615384615385,1,1,18059800000
TT,Trane Technologies PLC,2020,77.7154434437386,93.0295062187056,68.9452214452214,68.2919302254093,26.6876301541,36249782485.02,243100000,Building Products,991400000,4.4239,1.2658,-11.3975,2.8262,32.6714,24.1472479905781,11.9307275216238,471752,4992440,2940000,,1,4.3,24.3,1,0,14.5,12,1,33.3333333333333,1,1,18156700000
TT,Trane Technologies PLC,2019,74.5214217117319,80.1663256965556,77.9037037037037,65.535273105374,30.0811258278,35511802117.46,244400000,Building Products,1160300000,7.3471,0.6611,14.3869,2.6876,27.3031,29.8771042952737,16.0228616795476,566580,3701000,3220000,,1,3.27,23.1,1,0,,12,1,33.3333333333333,1,1,20492300000
TT,Trane Technologies PLC,2018,67.0080317585683,69.0337442793311,75.1689708141321,57.9939707173577,28.4089805825,35948518347.63,250100000,Building Products,1022900000,7.4129,0.8301,-1.4219,2.5481,16.2738,27.5276807347721,13.2459007156139,578887,3629000,3400000,,0,3,22.77,1,0,,10,1,20,1,1,17914900000
TT,Trane Technologies PLC,2017,68.5760395458159,70.935824460651,79.3179012345679,57.046204620462,28.012161632,36135348820.43,258100000,Building Products,1316700000,7.324,0.8341,4.4599,2.5806,19.8203,30.4728734389921,15.2648254113955,617866,3669000,3310000,,0,3,22.28,1,0,,12,1,33.3333333333333,1,1,18173300000
TT,Trane Technologies PLC,2016,67.5899244089044,71.3753124298196,79.9482631189948,53.1554219054218,25.631944444,35317965501.93,261700000,Building Products,1459800000,8.6543,1.0968,4.0664,2.7379,18.155,36.1680964159781,17.1732314840572,709477,3725000,4200000,,0,3.85,21.761,1,0,,12,1,33.3333333333333,1,1,17397400000
TT,Trane Technologies PLC,2015,62.3359782211044,59.7045963260097,77.2514619883041,52.7814367819675,21.941531498,34790169416.27,267800000,Building Products,707100000,3.9076,0.7914,-3.3581,2.8817,14.852,37.651922987418,18.1192888282111,718969,3733000,4040000,,0,4.7,,1,0,,11,1,18.1818181818182,1,1,16717600000
TT,Trane Technologies PLC,2014,63.2926448727193,58.1007245894,81.0353535353535,54.1797079634101,22.134565619,35203531837.34,274300000,Building Products,915700000,5.3306,1.0431,-2.0365,2.6774,19.0582,44.0144933403506,20.8576171005222,801203,3805000,3740000,,0,4.9,22.9,1,0,,12,1,16.6666666666667,1,1,17298500000
TT,Trane Technologies PLC,2013,6.77083333333333,0.264830508474576,23.4259259259259,,24.035702142,35574857402.03,298300000,Building Products,640600000,3.4244,1.1761,-4.4584,2.5421,19.413,,,,,,,0,,,0,0,,12,0,16.6666666666667,0,0,17658100000
TT,Trane Technologies PLC,2012,75.5679412223181,67.9650192318147,89.9503105590062,71.8895296906281,23.52023692,35364673120.13,310600000,Building Products,792000000,5.471,0.5961,-1.4509,2.6455,18.9694,34.6788602595449,18.8564196602094,683153,3307554,4059706,,0,5.3,24,1,0,,11,1,18.1818181818182,1,1,18482100000
TXT,Textron Inc,2021,72.0216309775118,60.8503365676484,86.7019628523923,72.6529650572713,30.4097168304,15676955505.95,226520000,Aerospace & Defense,747000000,2.0288,0.93,2.8299,2.6807,26.3413,14.6024211298606,29.6458547322084,603104,5863624.667,3793253.899,,0,6.4,20,1,0,,12,1,25,1,0,15827000000
TXT,Textron Inc,2020,71.5441184315296,62.0902549484314,85.7076933611967,69.7054760264988,25.5758392551,15908805435.34,228979000,Aerospace & Defense,309000000,5.5666,0.5923,5.286,2.7341,11.9743,14.5430146006298,34.0073003149155,678345,6051613.148,3883872.3,,0,5.25,,1,0,,11,1,27.2727272727273,1,0,15443000000
TXT,Textron Inc,2019,68.2036460131853,62.9943191115245,87.7289533928742,51.2075887075887,23.854916456,15399602319.39,232709000,Aerospace & Defense,815000000,8.2556,0.6078,-7.0143,2.7312,13.6624,13.2797577123539,33.8554021693196,669225,5798030.532,,,0,5.8,,1,0,,12,1,25,1,0,15018000000
TXT,Textron Inc,2018,62.6810094957177,64.3322393801988,85.2454839763806,28.8589981447124,20.751730643,15845967604.01,253237000,Aerospace & Defense,1208000000,2.0001,0.7172,-0.1172,2.7358,23.1002,13.5190020307514,37.9677980852916,709900,5918886.6,,,0,6.15,,1,0,,12,1,16.6666666666667,1,0,14264000000
TXT,Textron Inc,2017,64.343609369004,68.808686162892,86.5116167876904,25.8608815426997,21.199038967,15488442011.96,268750000,Aerospace & Defense,572000000,6.3993,0.6067,4.4194,2.8531,14.3518,13.931311927289,39.6111152499441,718700,5923022.435,,,0,5.5,,1,0,,11,1,9.09090909090909,1,0,15340000000
TXT,Textron Inc,2016,64.2462235519661,68.0852638786446,87.8701589104374,24.9353583683727,20.58543287,15059411301.5,272365000,Aerospace & Defense,843000000,4.7556,0.5411,0.7052,3.1738,16.804,12.0118172647356,32.7136474996397,620700,5024195.72,,,0,5.15,,1,0,,11,1,9.09090909090909,1,0,15358000000
TXT,Textron Inc,2015,53.8049473204723,44.4222311075569,88.1112383861524,24.367450079025,17.941174345,14855730055.12,278727000,Aerospace & Defense,698000000,4.3559,0.5104,12.8322,3.1826,18.5775,10.5572538003966,38.7959352280238,597371,5062072.37,,,0,5.15,,1,0,,11,1,9.09090909090909,1,0,14708000000
TXT,Textron Inc,2014,57.8453069155261,53.3970386204492,86.3119767666213,27.2496773003872,15.289414443,14747388966.62,281790000,Aerospace & Defense,605000000,3.8342,0.7293,-0.6829,3.5223,20.1821,9.61959630628422,38.240990438833,585670,4895744,,,0,5.7,,1,0,,11,1,9.09090909090909,1,0,14605000000
TXT,Textron Inc,2013,61.6248616934728,61.8219378915101,84.5527027918949,29.9953314659197,15.696440016,15063744945.04,284428000,Aerospace & Defense,498000000,4.4206,1.205,-4.2747,4.6457,11.8818,10.7889135254989,44.8728159645233,627586,4973040,,,0,,,0,0,,12,1,8.33333333333333,1,0,12944000000
TXT,Textron Inc,2012,54.0104985200603,47.9913297838759,79.3724183361103,30.5524046165757,10.675203975,15191587429.47,294663000,Aerospace & Defense,581000000,1.6749,1.5285,-10.9083,5.0546,15.54,,,644096,5095724,,,0,,,0,0,,12,1,8.33333333333333,1,0,13033000000
UAL,United Airlines Holdings Inc,2021,45.9269774090557,48.4150740733235,40.1229630516351,47.8733257338273,15.6228642436,14244248682.83,321900000,Airlines,-1964000000,-3.0754,1.0964,14.4875,11.6228,7.3934,1008.4899381309,11.4026050146532,15660450,295211287.018,1832138.44,,0,16.8,36,1,0,,13,1,15.3846153846154,1,0,68175000000
UAL,United Airlines Holdings Inc,2020,56.9940831269425,45.9510338057343,75.9657223816101,54.5269770879526,21.331424481,14244248682.83,279400000,Airlines,-7069000000,-12.6053,1.0199,13.1855,6.4124,7.3934,795.370697427125,4.38479853903234,34596623,628677136.085,1972198.61,,0,21.3,,1,0,,13,1,23.0769230769231,1,0,59548000000
UAL,United Airlines Holdings Inc,2019,60.7387655465868,54.3378066060419,75.1475562635176,56.2068048910154,44.555641422,14244248682.83,259900000,Airlines,3009000000,5.9212,0.4223,7.3168,4.7112,7.3934,805.46759315304,4.15783357141128,33439959,606098036.622,2013838.12,,0,27.9,,1,0,,13,1,23.0769230769231,1,0,52611000000
UAL,United Airlines Holdings Inc,2018,58.6689685208244,52.8617791655594,65.6554535529092,60.0898668711777,36.450090744,14244248682.83,276700000,Airlines,2117000000,4.6449,0.3885,15.7701,4.8663,9.6201,858.28030383231,8.77426953207707,32760790,583998620.513,1714790.73,,0,26.7,,1,0,,15,1,13.3333333333333,1,0,49024000000
UAL,United Airlines Holdings Inc,2017,57.6327414130281,56.7854885528348,54.1003273211862,61.9779764861732,28.853650479,14244248682.83,303600000,Airlines,1954000000,5.196,0.4026,5.4958,4.7425,9.8526,860.196181410361,7.9748071557525,31738595,572436868.748,1716260.646,,0,24.55,,1,1,,15,1,13.3333333333333,1,0,42346000000
UAL,United Airlines Holdings Inc,2016,59.4196534469879,63.0628324849783,46.7840553006687,66.0305889079474,26.247347681,14244248682.83,330300000,Airlines,2234000000,5.5876,0.4561,-1.7645,4.5958,8.4241,830.503010775407,7.48729664060849,31729665,569862877.883,1299885.673,,0,30.1,,1,0,,12,1,16.6666666666667,1,0,40140000000
UAL,United Airlines Holdings Inc,2015,47.8754166827913,49.9630701337138,39.170803105511,52.9946201141853,23.845744681,14244248682.83,377000000,Airlines,4210000000,18.9527,0.5094,11.6573,6.8171,4.9001,800.297318834991,10.6954062877561,31548428,573031041.507,1345027.68,,0,33,42.6,1,0,,13,1,15.3846153846154,1,0,40861000000
UAL,United Airlines Holdings Inc,2014,50.7231611957734,59.4989955754462,35.8191570132379,52.5268210050818,6.458221024,14244248682.83,390000000,Airlines,1132000000,3.0842,0.4421,-0.5895,13.6444,15.3496,819.25073800256,8.02434755348886,31667263,471897335.36,1230162,,0,34.35,43,1,0,,13,1,15.3846153846154,1,0,36595000000
UAL,United Airlines Holdings Inc,2013,42.0324159856557,41.6156402041058,35.0572553752541,48.931277056277,8.574712644,14244248682.83,391000000,Airlines,571000000,1.5341,0.5471,-2.1686,21.4834,13.311,863.659829888028,8.32407407407407,32395946,482867172,,,0,34.25,43,0,0,,13,1,15.3846153846154,1,0,36812000000
UAL,United Airlines Holdings Inc,2012,40.6440920981988,34.7841941426847,38.1005282804407,50.7992155598538,1.453172205,14244248682.83,331000000,Airlines,-723000000,-1.9123,0.6148,-0.9477,33.0634,13.1388,881.728159525734,6.23521961735381,32952321,479569584,,,0,37.05,44.1,0,0,,15,1,20,1,0,37628000000
UNP,Union Pacific Corp,2021,75.966699803497,92.4012958769588,81.9865121469404,53.1460437710437,21.6595289079,158185994742,655400000,Road & Rail,6523000000,10.3603,0.4749,1.8061,4.0465,25.7374,464.496130458817,12.0403537866224,10344654,145440000,4517000,,0,4.5,5.5,1,0,11,12,1,16.6666666666667,1,0,63525000000
UNP,Union Pacific Corp,2020,58.6859607716431,72.1255861563359,54.2024127793716,47.8626565984521,25.0376494906,158185994742,679100000,Road & Rail,5349000000,8.6225,0.8061,1.1756,3.5362,25.6499,495.529651366503,12.1408549404345,11591133,163080000,4542492,,0,4.1,5,0,0,9,11,1,18.1818181818182,1,0,62398000000
UNP,Union Pacific Corp,2019,64.7208892940854,67.6359446710454,81.0269400124956,47.9745370370371,25.76830135,158185994742,706100000,Road & Rail,5919000000,9.798,0.5714,4.2707,3.134,21.5625,481.025329566855,36.3939265536723,10989985,154134372.037,4315367.4,,0,3.95,6,0,0,,12,1,16.6666666666667,1,0,61673000000
UNP,Union Pacific Corp,2018,68.8470031587348,70.6930234516441,91.0156208440043,48.3732997703586,27.198029032,158185994742,754300000,Road & Rail,5966000000,10.2024,0.6675,2.3198,2.5829,17.2967,497.160122360965,38.6831151898099,10685250,149478178.194,4769616.6,,0,3.75,6,0,0,,11,1,9.09090909090909,1,0,59147000000
UNP,Union Pacific Corp,2017,66.0462257859845,69.8024647417359,85.4760808135041,45.7854210609875,31.132264529,158185994742,801700000,Road & Rail,4850000000,18.8718,0.7256,3.7474,2.5347,10.1383,496.721404666942,38.9018016778985,11683549,164497542.077,5829531.4,,0,4.35,6,0,0,15.066,10,1,,1,0,57806000000
UNP,Union Pacific Corp,2016,64.0832233322846,69.5763676924943,80.4606959157743,44.4844231224828,23.945218645,158185994742,835400000,Road & Rail,4233000000,7.6742,0.7129,2.0476,2.7149,20.749,494.018425879606,34.0261380690345,12666733,165593378.38,7911506.9,,0,4.9,6,0,0,10.5,11,1,9.09090909090909,1,0,55718000000
UNP,Union Pacific Corp,2015,56.6048495961645,62.7750245397304,66.5966653939162,41.5939802425083,23.899792196,158185994742,869400000,Road & Rail,4772000000,8.8934,0.8568,3.5739,2.5618,14.529,507.851067704776,36.4220734872285,11953871,162420811.77,9652795.5,,0,5.5,6,0,0,6.38,13,1,7.69230769230769,1,0,54600000000
UNP,Union Pacific Corp,2014,57.8671869561085,66.3592360020931,67.6319343692132,40.5301776453713,23.619440419,158185994742,901100000,Road & Rail,5180000000,10.1125,0.8491,6.0023,2.4154,20.8992,554.119707540858,19.4578992640734,12002685,161688706.48288,10674861.84,,0,,5,0,0,6.373,13,1,7.69230769230769,1,0,52372000000
UNP,Union Pacific Corp,2013,55.2202947640474,62.2229465449804,64.9060725207514,39.5626072041166,22.906324196,158185994742,931600000,Road & Rail,4388000000,9.0583,0.7507,5.4673,2.3572,17.9193,606.139949890065,21.0020964360587,12265017,329180993,,,0,,5,0,0,6.78,12,1,8.33333333333333,1,0,49731000000
UNP,Union Pacific Corp,2012,63.3421473668423,71.1637863278685,76.3914700145955,43.9942696192696,21.007186641,158185994742,953000000,Road & Rail,3943000000,8.5486,0.7676,4.5614,2.3989,15.275,,,11123729,151006629,,,0,,,0,0,0.47,12,1,8.33333333333333,1,0,47153000000
UPS,United Parcel Service Inc,2021,68.6324136920906,65.2029198334939,72.2800462437594,69.3080049125131,16.3077803204,184897245739.29,878000000,Air Freight & Logistics,12890000000,19.558,1.3168,11.2117,8.8406,17.6687,191.958863065835,9.86584608740249,14954000,203929000,6550000,,0,,21,1,0,,12,1,25,1,0,69405000000
UPS,United Parcel Service Inc,2020,69.6948034742737,66.3744307253828,75.4794432047604,68.4713408434999,0.7577854671,184052966078.38,871000000,Air Freight & Logistics,1343000000,2.2334,1.0029,7.8659,30.6486,20.4731,192.747109002101,10.9099511557034,14635000,198420000,5860000,,0,,21,1,1,,13,1,30.7692307692308,1,0,62408000000
UPS,United Parcel Service Inc,2019,69.5231182932053,66.2739675062303,72.6271973455603,70.4562991021324,3.78125,178935064628.74,869000000,Air Freight & Logistics,4440000000,8.2319,0.9922,15.677,17.1554,15.5458,195.945032665015,11.1887061650522,13792000,192720000,5420000,,0,,20,1,1,,12,1,25,1,0,57857000000
UPS,United Parcel Service Inc,2018,68.9784586677532,69.7995507740634,64.8094606610075,71.5631072248719,3.488452656,183147759019.26,870000000,Air Freight & Logistics,4791000000,10.0241,0.9933,9.7468,23.8082,13.4605,201.785424444084,13.4880701184873,13263000,190721000,5280000,,0,,20,1,1,,11,1,27.2727272727273,1,0,50016000000
UPS,United Parcel Service Inc,2017,70.6550953105972,70.5405031315962,63.6217505849407,76.6403574425619,1.141216992,182738675059.85,875000000,Air Freight & Logistics,4647000000,11.4135,0.9966,12.8712,61.4375,19.8291,209.122217843497,13.9643267138427,13020000,185387000,5300000,,0,,20,1,1,,12,1,25,1,0,45574000000
UPS,United Parcel Service Inc,2016,71.9238637318376,74.2784120452807,59.8727245738533,79.415719023928,0.458663647,180336394787.57,887000000,Air Freight & Logistics,3422000000,8.7205,1.0454,5.3927,27.3697,19.5088,206.072262673444,14.9402390438247,12870000,176772000,5120000,,0,,20,1,0,,15,1,20,1,0,40377000000
UPS,United Parcel Service Inc,2015,58.0908495995602,62.4167045735673,29.2017309405625,77.4787722602174,2.741398446,177977634085.44,906000000,Air Freight & Logistics,4844000000,13.1361,1.1088,8.101,15.9946,17.6588,212.309246365309,14.9356037375086,12598000,172442000,5050000,,0,,20.1,1,0,14.43,13,1,23.0769230769231,1,0,38311000000
UPS,United Parcel Service Inc,2014,67.4702439537732,71.3475492761206,47.5791881848547,79.8457096619956,2.337336244,181885691484.91,924000000,Air Freight & Logistics,3032000000,8.4631,1.1535,-2.1319,8.3171,23.411,216.453895468066,15.2049808783047,12539000,171260000,5260000,,0,,20.2,1,0,15.26,13,1,23.0769230769231,1,0,35440000000
UPS,United Parcel Service Inc,2013,70.2804319059824,73.0044908011009,53.1991727718742,81.5637507146941,6.887234043,182225144132.08,948000000,Air Freight & Logistics,4372000000,11.647,1.6473,-6.8214,6.7471,22.9385,225.607607569909,16.786178325958,12872322,175140000,5570000,,0,,20.3,1,0,14.4,12,1,25,1,0,36212000000
UPS,United Parcel Service Inc,2012,72.8282652313809,78.1075514662547,57.0916288862195,80.2229020979021,4.846875,183400172526.13,969000000,Air Freight & Logistics,807000000,2.194,1.6728,11.9939,6.294,16.2882,,,12630000,171474000,6540000,,0,,,1,0,8.1,11,1,18.1818181818182,1,0,38863000000
URI,United Rentals Inc,2021,80.6480803512486,88.5107123402846,75.7299811460698,73.3215128865972,82.7120609675,23800733873.28,72817000,Trading Companies & Distributors,1386000000,7.2642,0.6996,13.5662,3.6219,22.1364,36.2021174205967,4.79734787723238,383386,5389102.8,888000,74000,0,3.9,,1,0,14.4,12,1,25,1,0,20292000000
URI,United Rentals Inc,2020,70.7815010714766,90.7606722104404,51.7521888097852,61.4963173027688,62.5533320488,23631990841.62,72929000,Trading Companies & Distributors,890000000,4.832,0.8026,-5.8092,4.3986,20.8974,41.5744998135951,5.09183546663353,375524,4949582.4,902562.877,99268.592,0,3.95,,0,0,14.5,13,1,38.4615384615385,1,0,17868000000
URI,United Rentals Inc,2019,53.8459186646391,49.7568302316366,71.3437042634768,36.3132911392404,49.520952664,22670952202.08,77710000,Trading Companies & Distributors,1174000000,6.3283,0.7197,4.6159,5.1297,10.1626,38.3969281734678,5.5164884806505,291629,4187617.2,1093737.438,110549.114,0,3.85,,0,0,15.1,11,1,27.2727272727273,0,0,18970000000
URI,United Rentals Inc,2018,47.4557475878421,37.1739130434782,65.864909400878,39.9253731343283,41.172627402,23292332121.24,83530000,Trading Companies & Distributors,1102000000,6.6098,0.7505,20.6454,5.0949,7.0724,42.6298160360986,6.9378687955571,285609,4031719.2,1354805.81,55823.441,0,4.15,,0,0,,12,1,16.6666666666667,0,0,18133000000
URI,United Rentals Inc,2017,39.6401874952128,33.8038123795244,48.4085224576022,37.7676952998021,36.714381967,22907771821.62,85562000,Trading Companies & Distributors,657000000,9.9637,0.9502,25.3754,5.6832,18.32,39.0249269382843,6.87175520027506,266981,3866980.58,948460.973,60929.959,0,3.55,,0,0,,12,1,16.6666666666667,0,0,15030000000
URI,United Rentals Inc,2016,43.7733195447037,32.4428248303593,64.1807716872777,35.3024655656234,18.895398833,22329120824.64,87775000,Trading Companies & Distributors,566000000,4.7028,1.0405,-0.7862,7.7052,14.0169,42.7176781002639,7.14283201407212,283457,4128325.827,731288.216,94915.37,0,4.778,,0,0,,14,1,14.2857142857143,0,0,11988000000
URI,United Rentals Inc,2015,40.7321013674339,32.6881241891198,56.4295532646048,32.9906204906204,15.509088999,21668633078.4,96379000,Trading Companies & Distributors,585000000,4.8323,0.8994,-0.3793,7.3952,10.0016,,,,,,,,,,,,,,,,,,12083000000
URI,United Rentals Inc,2014,,,,,18.443106402,22618808432.64,104956000,Trading Companies & Distributors,540000000,4.6233,0.7429,7.9957,6.407,17.366,,,,,,,,,,,,,,,,,,12129000000
URI,United Rentals Inc,2013,,,,,19.778243932,22582597481.64,106291000,Trading Companies & Distributors,387000000,3.4776,0.7613,1.8592,6.5041,19.2728,,,,,,,,,,,,,,,,,,11231000000
URI,United Rentals Inc,2012,,,,,18.972999036,22755685827.42,94848000,Trading Companies & Distributors,75000000,0.9889,0.6654,166.1357,9.0453,15.7613,,,,,,,,,,,,,,,,,,11026000000
VRSK,Verisk Analytics Inc,2021,79.9293639237794,82.0709709750163,82.5560582910784,65.0265106079359,17.4028357632,29463167844.56,163338910,Professional Services,666300000,8.6689,0.3551,3.2572,2.7871,50.9615,0.936400201106084,3.42569848452201,12146.7,,,,0,,34.5,1,0,12.2,12,1,33.3333333333333,1,0,7808100000
VRSK,Verisk Analytics Inc,2020,67.1228192066385,79.7014099610145,56.22449662924,67.3453469289241,16.593015252,29309949049.66,165320710,Professional Services,712700000,9.7517,0.4065,7.1805,2.9476,48.6927,3.34517279736105,4.4682213954202,20370.3,,,,0,,33,1,0,,11,1,27.2727272727273,1,0,7561800000
VRSK,Verisk Analytics Inc,2019,65.9966787688797,80.3412255019254,54.1410777311522,64.3411869757102,13.824526353,28927708477.12,166560120,Professional Services,449900000,6.9453,0.3657,19.5736,2.9911,40.1252,2.85198947851864,5.40879295227757,19785.4,,,,0,,35,1,0,,12,1,25,1,0,7055200000
VRSK,Verisk Analytics Inc,2018,65.0074154492257,81.0278432557745,51.8160925218043,62.9939305773879,12.563702114,28601916934.28,168297840,Professional Services,599700000,10.0448,0.3273,-1.9933,2.9831,30.3538,2.14800484803282,5.48946485176207,16383.9,,,,0,,35,1,0,,13,1,23.0769230769231,1,0,5900300000
VRSK,Verisk Analytics Inc,2017,58.0824661653266,68.1316587073731,50.9965048308606,52.8574327613761,11.657206211,28956739406.68,168688870,Professional Services,466000000,10.4229,0.3208,29.9944,3.2695,34.4211,1.73967522052927,6.05803929430634,15558,,,,0,,35,0,0,,14,1,21.4285714285714,1,0,6020300000
VRSK,Verisk Analytics Inc,2016,62.8845954185428,65.3608574915852,64.0093801961834,52.027523542675,7.919247921,28905128865.24,171171570,Professional Services,451500000,11.5639,0.5655,-17.2069,3.7808,30.7021,2.15823252115636,7.0971772590447,16296,,,,0,,,0,0,,11,1,9.09090909090909,1,0,4631200000
VRSK,Verisk Analytics Inc,2015,41.133791512924,54.4019966415408,33.2705867379407,29.2598112270243,8.310599321,28647076158.04,168451340,Professional Services,487500000,12.7875,0.2402,138.5038,5.015,29.2989,,,,,,,0,,,0,0,,11,1,9.09090909090909,1,0,5593700000
VRSK,Verisk Analytics Inc,2014,28.9758521326685,48.5582480480293,12.2931685547545,28.3760683760683,1.27269427,30069591706.48,169132420,Professional Services,354000000,16.4956,0.3118,-6.3535,6.3928,30.4276,,,,,,,0,,,0,0,,11,1,9.09090909090909,1,0,2345330000
VRSK,Verisk Analytics Inc,2013,27.7271629676339,48.1599840981372,9.56149366221309,29.6296296296296,3.258849045,30530860920.6,172276360,Professional Services,342314000,14.3225,0.7613,6.1057,6.0569,33.0194,,,,,,,0,,,0,0,,11,1,,1,0,2504451000
VRSK,Verisk Analytics Inc,2012,29.0980856596426,49.2424915902518,10.8730964467005,32.0261437908496,1.540723367,30669009662.5,171709520,Professional Services,317463000,16.8728,0.4666,53.1586,24.834,27.4275,,,,,,,0,,,0,0,,11,1,,1,0,2360336000
WAB,Westinghouse Air Brake Technologies Corp,2021,59.5741373591825,78.3450248132048,37.8066661975426,57.2047640718953,54.347362813,17241245107.7,188100000,Machinery,565000000,3.0237,0.5354,-0.0027,1.8161,29.1301,,,384475,,149997,49210.33,0,5.4,16,1,0,,11,1,18.1818181818182,1,0,18454000000
WAB,Westinghouse Air Brake Technologies Corp,2020,59.2757354832976,80.7474956154443,30.410851603915,59.8699193124747,53.3033175355,17267185723.66,190400000,Machinery,412300000,2.2161,0.486,-2.585,1.8626,19.2699,,,,,,,0,,,1,0,,12,1,8.33333333333333,1,0,18454500000
WAB,Westinghouse Air Brake Technologies Corp,2019,42.7381255004638,56.2590793763585,28.2599510784967,40.0303768025146,58.395894428,16451909222.06,177300000,Machinery,326500000,2.368,0.5384,119.0275,2.1521,18.2921,19.2595825188394,27.7222473540326,182372,14043424.305,,,0,6,,1,0,,13,1,7.69230769230769,1,0,18944200000
WAB,Westinghouse Air Brake Technologies Corp,2018,47.8289116622415,59.5174908861899,39.5350287895714,41.9696256447821,29.84698002,17198628381.48,96464000,Machinery,276503000,3.8734,0.8393,31.4477,2.684,17.5095,,,,,,,0,8.5,,0,0,,11,1,9.09090909090909,1,0,8649234000
WAB,Westinghouse Air Brake Technologies Corp,2017,39.7692924234062,42.2756488987144,51.6073216073216,27.1658415841584,29.426712623,17487680959.32,96125000,Machinery,293790000,3.9854,0.6572,-0.0158,2.6244,23.4707,,,,,,,0,9.5,,0,0,,9,1,,1,0,6579980000
WAB,Westinghouse Air Brake Technologies Corp,2016,31.3721268086014,38.7100058938327,27.8326136129961,26.3044088044088,24.413472925,17228274799.72,91141000,Machinery,313404000,6.2155,0.7369,103.7774,2.5119,22.2341,,,,,,,0,11,,0,0,,9,1,,1,0,6581018000
WAB,Westinghouse Air Brake Technologies Corp,2015,31.9375362885737,40.2088987581215,31.0549828178694,23.6357681492842,17.690603077,16941075123.02,97006000,Machinery,398628000,12.2029,1.0848,-2.2497,1.863,16.5821,,,,,,,0,15,,0,0,,9,1,,1,0,3229513000
WAB,Westinghouse Air Brake Technologies Corp,2014,34.5566319520255,40.1839745362982,40.2025403364229,23.7033154748039,18.868481223,17541415092.38,96885000,Machinery,351680000,11.4819,1.1767,17.0746,1.8057,22.9724,,,,1409787,378162.66,,0,16.5,,0,0,,9,1,,1,0,3303841000
WAB,Westinghouse Air Brake Technologies Corp,2013,38.6484244852419,39.6956085405111,55.458473588102,23.4959046909903,16.606004421,17947200442.04,96832000,Machinery,292235000,11.2973,1.0963,20.0062,1.8076,23.7265,,,,1415778,357342.89,,0,17.5,,0,0,,9,1,,1,0,2821997000
WAB,Westinghouse Air Brake Technologies Corp,2012,34.1109733107734,29.4277887739729,49.6886632825719,26.2463777355937,13.374429128,17795262548.56,96742000,Machinery,251732000,11.1621,1.0951,8.9205,1.9425,16.4248,,,,,,,0,18.5,,0,0,,10,1,,1,0,2351542000
WM,Waste Management Inc,2021,87.0210189700625,92.3421408817032,92.6655812108844,69.244199580973,16.9457659372,63352996377.58,422900000,Commercial Services & Supplies,1817000000,6.2147,0.587,-0.8451,4.0095,34.5272,1010.97586541572,15.4216111290844,15862973,43326385.2,3528280,,0,14,18,1,0,21.8,9,1,22.2222222222222,1,0,29097000000
WM,Waste Management Inc,2020,87.2606834824511,91.8919097921419,94.5603060248645,68.3788254755996,17.6170212766,62254341574.88,425100000,Commercial Services & Supplies,1496000000,5.241,0.7458,5.7744,3.9317,29.2596,1091.06503956014,16.5006705109293,16518235,29104686,2987000,,0,14.5,17,1,0,22,8,1,25,1,0,29345000000
WM,Waste Management Inc,2019,88.0785435253329,86.9932279448298,86.6009576301945,92.1705121335922,16.646255299,60770121124.44,427500000,Commercial Services & Supplies,1671000000,6.6279,1.7525,22.4857,3.7767,25.879,1083.18902312737,16.9021746634449,15934821,54824396.4,2375344.775,,0,14,17.14,1,0,22.25,9,1,22.2222222222222,1,0,27743000000
WM,Waste Management Inc,2018,90.9024076939931,89.1450909629795,91.6343116467938,93.0646310005724,14.623630855,59866322079.2,432200000,Commercial Services & Supplies,1911000000,8.6558,0.6409,3.7611,3.6179,21.2343,,,15882000,,,,0,15,,1,0,22.45,11,1,18.1818181818182,1,0,22650000000
WM,Waste Management Inc,2017,82.8524314570113,74.3007923596459,88.1761384522121,90.8572706098521,13.716955333,60181407984.88,441900000,Commercial Services & Supplies,2544000000,9.1314,0.5601,4.6503,3.7724,26.3483,1246.5602191189,18.2295347581205,16392940,,,,0,15,17,1,0,23.26,10,1,20,1,0,21829000000
WM,Waste Management Inc,2016,85.8987961224781,77.2372761743966,93.8764259927306,90.3128930384569,11.943630214,58834001151.38,446500000,Commercial Services & Supplies,1180000000,5.7342,0.6199,2.4157,3.8739,24.867,,,19462550,,,,0,15.75,17,1,0,24.52,8,1,12.5,1,0,20859000000
WM,Waste Management Inc,2015,78.8240002559082,75.0188073967887,77.781341478936,87.2594997594997,11.806936161,58290892550.8,455900000,Commercial Services & Supplies,752000000,3.6146,0.6327,-4.3668,3.7164,20.0039,,,20132030,,,,0,15.5,17,1,0,21.87,8,1,12.5,1,0,20367000000
WM,Waste Management Inc,2014,68.5030470713651,78.9672237002745,42.207358907089,87.0430289206161,12.680501513,58676458198.54,465600000,Commercial Services & Supplies,1338000000,5.9134,0.8304,-5.778,3.7933,20.9735,,,19633917,,700200,,0,14.5,18,1,1,19.27,8,1,12.5,1,0,21297000000
WM,Waste Management Inc,2013,77.1946743222169,71.0089536750734,77.9682560635633,87.463768115942,12.20226641,59008127572.94,469800000,Commercial Services & Supplies,130000000,0.4289,0.6417,-2.1388,3.7891,22.714,1378.94259231574,19.6585438780087,18710486,,700200,,0,15.5,18,1,0,17.03,9,1,11.1111111111111,1,0,22603000000
WM,Waste Management Inc,2012,76.1153201156374,73.9179443963045,69.3894033918445,89.7348552404732,13.705780846,59310775877.08,464400000,Commercial Services & Supplies,860000000,3.5782,0.636,2.3395,3.6756,15.936,,,24732846,,,,0,16.5,17,0,1,,8,1,12.5,1,0,23097000000
XYL,Xylem Inc,2021,81.6274425560019,84.5668303713387,86.6223654578097,74.2534534507017,17.8579356271,15996809279.88,181500000,Machinery,427000000,5.0159,1.6549,-5.4171,2.7523,47.3986,8.09125547723376,9.54981901314536,92598,1318600.8,442900,51800,0,3.35,24.4,1,0,,11,1,18.1818181818182,1,1,8276000000
XYL,Xylem Inc,2020,77.532857028344,78.7041839036603,79.563158006588,74.561156478999,16.4797334814,15854687380.07,181100000,Machinery,254000000,3.0863,1.4305,13.489,2.7781,49.7495,8.57403495294796,11.5137315152679,104597,1361620.8,458500,34000,0,3.8,24,1,0,,10,1,20,1,0,8750000000
XYL,Xylem Inc,2019,73.6135537379945,67.7675478682145,82.5977090876879,72.5140603228245,16.428964314,15608222819.64,181196000,Machinery,401000000,5.371,1.1726,6.7571,2.6082,27.1534,8.30380284682388,12.459528362014,97733,1243828.8,437500,17000,0,4.8,25,1,0,,10,1,20,1,0,7710000000
XYL,Xylem Inc,2018,77.0696473601074,72.4811863675684,88.4062825355088,72.6357698724545,15.394883204,16002206314.05,181100000,Machinery,556500000,7.7972,0.9554,5.277,2.6716,15.223,9.30920180323522,10.5788915407054,74998,1011801.6,365600,19300,0,4.65,25.3,1,0,,10,1,10,1,0,7222000000
XYL,Xylem Inc,2017,70.5731630132654,59.6171194063985,84.1707176063004,71.2123596080538,13.936525613,16358410569.27,180900000,Machinery,376000000,4.9648,1.2455,5.9623,2.8413,35.4474,10.1866958664112,10.8560087599234,76869,1062097.2,424100,20400,0,6,,1,0,,10,1,10,1,0,6860000000
XYL,Xylem Inc,2016,67.1153592180123,57.0587391389755,77.6124758788146,69.3555506055506,12.227805695,15777329890.3,180000000,Machinery,260000000,4.6716,0.9297,39.0165,2.6044,25.4711,9.78907048008172,10.423646578141,79153,111057926,413900,8800,0,7.55,,1,0,,11,1,9.09090909090909,1,0,6474000000
XYL,Xylem Inc,2015,61.8821121443004,58.1883389908003,64.6750668193967,63.5904391012851,11.520176893,15858285402.85,181700000,Machinery,340000000,7.1654,1.7363,-3.6416,2.2536,19.7512,9.26583268178264,10.5282772999739,75950,964512,417700,19500,0,8.45,,1,0,,10,1,10,1,0,4657000000
XYL,Xylem Inc,2014,48.574093813506,52.6305652121743,27.7062425923559,61.5318992288823,11.616602949,16192901521.39,184200000,Machinery,337000000,6.9277,1.588,-1.2868,2.2273,19.3669,8.64020047480876,11.1854391981008,75159,949738,413000,9300,0,7.4,,1,0,,10,1,20,1,0,4833000000
XYL,Xylem Inc,2013,48.5720997525492,47.1750428081602,37.0686266190193,59.6847414326937,12.099386662,16309837261.74,186038000,Machinery,228000000,4.7624,1.5826,4.6377,2.219,20.7654,,,97236,745272,439000,,0,7.75,,1,0,,9,1,22.2222222222222,1,0,4896000000
XYL,Xylem Inc,2012,47.8054416795275,46.2383723679499,36.8455199493677,58.6508781099029,11.162540366,16156921293.59,186200000,Machinery,297000000,6.5426,1.6389,6.3409,2.325,15.6997,,,,,,,,,,,,,,,,,,4679000000
