ticker,company_name,year,esg_score,environment_score,social_score,governance_score,industry,scope_1,scope_2,co2_emissions,energy_use,water_use,water_recycle,injury_rate,women_employees_rate,human_right,turnover_rate,board_size,bribery,strike,recycling_initiatives
AAL,American Airlines Group Inc,2018,71.6330221889981,60.6837354728334,72.0457414297103,83.0696231390639,airlines,969.383687907927,9.11763240496238,3.9279E7,5.62E8,1767786.47,NaN,41.942,42.452,1.0,5.613,13.0,1.0,0.0,0.0
BA,Boeing Co,2019,77.7170174126221,74.9048174048174,79.6271768142054,77.1899702295328,aerospace & defense,11.8717089516515,9.48885697569278,2008000.0,NaN,NaN,NaN,-1.0,-1.0,1.0,-1.0,13.0,1.0,1.0,1.0
BA,Boeing Co,2017,69.4911847083903,78.2483930211203,57.8790118329221,78.8101773991344,aerospace & defense,7.40932642487047,11.2262521588946,1791140.0,NaN,6435200.0,NaN,-1.0,-1.0,1.0,-1.0,13.0,1.0,0.0,1.0
AME,AMETEK Inc,2013,25.6644714510956,15.5550604080015,33.6850535667343,27.2798903734155,electrical equipment,NaN,NaN,NaN,NaN,NaN,NaN,-1.0,-1.0,0.0,-1.0,7.0,1.0,0.0,0.0
AAL,American Airlines Group Inc,2015,51.7939064055515,62.8321256038647,54.3094313196976,35.9484536082474,airlines,1581.7223198594,NaN,4.23E7,NaN,NaN,56781.15,-1.0,41.0,0.0,-1.0,12.0,1.0,0.0,0.0
BA,Boeing Co,2020,79.9387906558899,74.4934122064804,89.3883737496191,71.1226333250687,aerospace & defense,10.9268543514591,8.61293225350302,1976000.0,NaN,NaN,NaN,-1.0,-1.0,1.0,-1.0,13.0,1.0,0.0,1.0
AME,AMETEK Inc,2020,46.5743169357756,31.6667186218391,50.9293626328754,58.7534861096353,electrical equipment,NaN,NaN,NaN,NaN,NaN,NaN,-1.0,-1.0,0.0,-1.0,9.0,1.0,0.0,0.0
ALLE,Allegion PLC,2021,73.4037521550928,68.2678765371545,83.3829037232871,66.4458095655989,building products,NaN,NaN,100618.0,408600.0,394439.722,NaN,1.95,36.0,1.0,-1.0,8.0,1.0,0.0,0.0
ALLE,Allegion PLC,2020,59.5252119242063,41.1070135167732,62.2743592841454,67.2435897435897,building products,NaN,NaN,NaN,NaN,NaN,NaN,-1.0,-1.0,1.0,-1.0,7.0,1.0,0.0,0.0
BA,Boeing Co,2018,80.2568033270239,81.9387755102041,80.7719900434409,78.3249928437713,aerospace & defense,7.87824880208779,12.6529477196885,1919584.75,NaN,NaN,NaN,-1.0,-1.0,1.0,-1.0,13.0,1.0,0.0,1.0
ALK,Alaska Air Group Inc,2021,50.4825494508621,32.6481903676261,39.6399251380531,86.0630969029461,airlines,905.454390160574,2.88463728504726,7976125.0,1.07090478E8,59089.504,NaN,28.803,-1.0,1.0,-1.0,12.0,1.0,0.0,0.0
AAL,American Airlines Group Inc,2012,51.2468455113652,49.641360412637,70.8696488696488,24.1237519536043,airlines,NaN,NaN,2.74E7,4.69631498E8,2022924.0,NaN,-1.0,39.0,0.0,-1.0,12.0,1.0,0.0,0.0
AOS,A O Smith Corp,2018,40.3537901631491,34.5098757379767,34.8192539379106,54.6228794131132,building products,NaN,NaN,NaN,NaN,NaN,NaN,-1.0,-1.0,0.0,-1.0,10.0,1.0,0.0,0.0
AME,AMETEK Inc,2015,32.4411626694892,18.0306322426721,29.9132985122271,53.0481099656357,electrical equipment,NaN,NaN,NaN,NaN,NaN,NaN,-1.0,-1.0,0.0,-1.0,7.0,1.0,0.0,0.0
AAL,American Airlines Group Inc,2013,46.8520213467207,55.3165584415584,51.2592460741268,31.0526163603848,airlines,1128.90445806748,19.3085616581175,2.7533E7,3.947E8,2018280.61,NaN,-1.0,39.0,0.0,-1.0,11.0,1.0,0.0,0.0
BA,Boeing Co,2013,66.3082138941948,85.7121636533401,55.9063554065553,66.1789477985108,aerospace & defense,10.4459154724667,15.6397759511166,1793000.0,1.3578569E7,6283784.0,NaN,-1.0,-1.0,1.0,2.89,12.0,1.0,0.0,1.0
AME,AMETEK Inc,2021,48.4331111646141,33.0261549002958,50.3798513303674,64.3690660200305,electrical equipment,NaN,NaN,NaN,NaN,NaN,NaN,-1.0,-1.0,0.0,-1.0,8.0,1.0,0.0,0.0
AME,AMETEK Inc,2012,12.242475831001,2.30263157894736,22.7973765791013,10.331641285956,electrical equipment,NaN,NaN,NaN,NaN,NaN,NaN,-1.0,-1.0,0.0,-1.0,8.0,1.0,0.0,0.0
AOS,A O Smith Corp,2019,41.5641387092263,37.2837387643126,32.6595043266645,58.3755837224816,building products,22.1019788433944,27.5913504855341,148916.0,1894870.8,1048918.184,NaN,-1.0,-1.0,1.0,-1.0,11.0,1.0,0.0,0.0
AAL,American Airlines Group Inc,2019,69.3692279763464,58.2181463760411,72.4450593436002,77.107110446003,airlines,916.475059828258,7.64863216179438,3.9388E7,5.642E8,1627726.3,NaN,41.872,41.654,1.0,4.242,13.0,1.0,1.0,0.0
ALK,Alaska Air Group Inc,2016,55.6621801114458,32.9831332189822,51.0891155421179,87.3416989757773,airlines,NaN,NaN,NaN,NaN,NaN,NaN,-1.0,-1.0,-1.0,-1.0,NaN,NaN,NaN,NaN
AME,AMETEK Inc,2016,33.2022516289273,20.8523083523083,26.6121385981309,56.6625539790253,electrical equipment,NaN,NaN,NaN,NaN,NaN,NaN,-1.0,-1.0,0.0,-1.0,8.0,1.0,0.0,0.0
ALLE,Allegion PLC,2019,59.5789725449186,45.0790204858485,59.9790296691347,67.4,building products,8.62869275542702,28.8344254493539,102338.0,462330.0,NaN,NaN,-1.0,-1.0,1.0,-1.0,7.0,1.0,0.0,0.0
ALK,Alaska Air Group Inc,2019,54.7808697365712,38.6097820308346,47.5337875422759,83.238381665594,airlines,949.274005573854,1.25487712186471,7503475.0,1.0802561948E8,63348.931,NaN,27.506,-1.0,1.0,-1.0,11.0,1.0,0.0,0.0
AME,AMETEK Inc,2014,29.5434301143586,17.9007492817765,33.9181356533367,37.7789220734638,electrical equipment,NaN,NaN,NaN,NaN,NaN,NaN,-1.0,-1.0,0.0,-1.0,7.0,1.0,0.0,0.0
AME,AMETEK Inc,2017,30.6650290846918,20.0907590759076,29.5596904937361,44.8033748033748,electrical equipment,NaN,NaN,NaN,NaN,NaN,NaN,-1.0,-1.0,0.0,-1.0,9.0,1.0,0.0,0.0
ALLE,Allegion PLC,2017,37.2050588751705,10.5169340463458,43.2674146620852,46.3333333333333,building products,NaN,NaN,NaN,NaN,NaN,NaN,-1.0,-1.0,1.0,-1.0,6.0,1.0,0.0,0.0
BA,Boeing Co,2014,58.8007745277658,86.7606081094925,53.4203626241811,45.5903438149147,aerospace & defense,7.46652304829984,12.558446963206,1636000.0,1.3335907E7,7201000.0,NaN,-1.0,-1.0,1.0,5.64,11.0,1.0,0.0,1.0
AAL,American Airlines Group Inc,2017,69.7913714893476,56.144229177016,73.9831179674454,78.6320457179353,airlines,1015.24762137107,10.3195901439375,4.2038E7,6.173E8,1608799.25,NaN,30.7,42.505,1.0,7.139,13.0,1.0,0.0,0.0
ALLE,Allegion PLC,2015,28.5436102798803,6.77244582043343,30.9420916162489,38.5087719298245,building products,NaN,NaN,NaN,NaN,NaN,NaN,-1.0,-1.0,0.0,-1.0,6.0,1.0,0.0,0.0
AOS,A O Smith Corp,2016,26.9423801242972,5.84834834834835,27.9911875735886,50.8801151552539,building products,NaN,NaN,NaN,NaN,NaN,NaN,-1.0,-1.0,-1.0,-1.0,NaN,NaN,NaN,NaN
AAL,American Airlines Group Inc,2021,59.0291072058579,54.3851524650897,64.2860182802019,56.3981161168075,airlines,898.957503058906,6.47021936724349,4.1439616E7,5.51629386E8,1873777.95,NaN,-1.0,41.0,1.0,5.8,10.0,1.0,1.0,0.0
AAL,American Airlines Group Inc,2014,44.3093523127522,41.3372859025032,52.9531734730203,34.8529997669645,airlines,1074.83403741702,18.5878092939046,2.7177E7,3.897E8,1935858.67,98420.66,-1.0,41.0,0.0,-1.0,11.0,1.0,1.0,0.0
AOS,A O Smith Corp,2020,52.0480514549293,60.0909917080205,41.103657087584,56.7458402106282,building products,20.7663352049939,24.3241632422598,143744.0,1902160.8,964340.768,NaN,-1.0,-1.0,1.0,-1.0,10.0,1.0,0.0,0.0
BA,Boeing Co,2021,82.8826962405959,82.0507708665604,92.7226163974665,70.1542164133532,aerospace & defense,7.22723950104931,10.2690466646231,1484000.0,NaN,NaN,NaN,-1.0,-1.0,1.0,-1.0,13.0,1.0,0.0,1.0
ALLE,Allegion PLC,2014,41.9183994959042,3.26797385620915,32.5793844650708,73.0555555555556,building products,NaN,NaN,NaN,NaN,NaN,NaN,-1.0,-1.0,0.0,-1.0,5.0,1.0,0.0,0.0
AAL,American Airlines Group Inc,2020,69.4011781123426,56.9660014781965,68.8144850874914,83.9436149187121,airlines,904.245526593476,7.36400170629308,4.0604E7,5.40190224E8,1729932.37,NaN,-1.0,41.618,1.0,5.5,12.0,1.0,0.0,0.0
BA,Boeing Co,2016,66.4973355591246,83.9743125030206,60.7371629641966,61.4891197622812,aerospace & defense,7.54208809854344,12.8616381304951,1851883.0,NaN,6624467.5,NaN,-1.0,-1.0,1.0,-1.0,11.0,1.0,0.0,1.0
ALK,Alaska Air Group Inc,2017,64.7690558317892,42.7711541645967,67.1789604694351,85.4188325047221,airlines,862.806359414076,1.87888531618435,4840510.0,6.96952E7,82806.8,NaN,32.853,54.0,0.0,-1.0,11.0,1.0,0.0,0.0
AME,AMETEK Inc,2019,42.2657363212711,24.9810378053244,40.4512617141124,65.3863523586817,electrical equipment,NaN,NaN,NaN,NaN,NaN,NaN,-1.0,-1.0,0.0,-1.0,9.0,1.0,0.0,0.0
BA,Boeing Co,2012,69.4601515037032,85.7136426655143,60.0770218228498,70.2602782190878,aerospace & defense,NaN,NaN,1717000.0,1.2945536E7,6170222.0,NaN,-1.0,-1.0,1.0,-1.0,14.0,1.0,1.0,1.0
ALLE,Allegion PLC,2016,33.0096531395577,3.43137254901961,46.7541872036254,36.1788617886179,building products,8.8279096755476,28.7447415502152,77704.0,NaN,NaN,NaN,-1.0,-1.0,1.0,-1.0,6.0,1.0,0.0,0.0
AOS,A O Smith Corp,2017,39.2115411077585,29.7409304883976,31.5473266191762,60.6249106249106,building products,NaN,NaN,NaN,NaN,NaN,NaN,-1.0,-1.0,0.0,-1.0,10.0,1.0,0.0,0.0
ALK,Alaska Air Group Inc,2020,54.7647844652084,37.9711751662971,44.8279250680601,87.8670199175905,airlines,937.954380445305,1.3000968054211,7761999.0,1.12275897E8,61424.924,NaN,27.16,-1.0,1.0,-1.0,12.0,1.0,0.0,0.0
AOS,A O Smith Corp,2021,54.001542945164,59.0293049523216,46.2908335963267,58.0778252383837,building products,22.0005346342767,24.3636181374678,138754.0,2030842.8,1370806.738,NaN,-1.0,42.0,1.0,-1.0,10.0,1.0,0.0,0.0
AAL,American Airlines Group Inc,2016,70.3178444988802,58.4691252144082,78.1502353706609,71.8204158172332,airlines,979.202813599062,12.168815943728,4.2282E7,6.19E8,1767786.47,NaN,38.95,42.0,1.0,-1.0,11.0,1.0,0.0,0.0
ALK,Alaska Air Group Inc,2018,61.1043032438357,43.4523692473075,55.1417419612012,89.2996458616732,airlines,858.581772151899,2.1157805907173,5099633.0,7.3414401E7,68202.958,NaN,32.976,54.0,1.0,-1.0,10.0,1.0,0.0,0.0
BA,Boeing Co,2015,73.2870964065821,83.5084782902619,64.0143942423031,78.3610792923508,aerospace & defense,7.76247647853342,13.0562437227988,1803380.0,1.4570322E7,6775883.9,NaN,-1.0,-1.0,1.0,-1.0,11.0,1.0,0.0,1.0
ALLE,Allegion PLC,2018,47.4772630396032,31.1779123414071,58.8408969307845,45.4761904761904,building products,NaN,NaN,NaN,NaN,NaN,NaN,-1.0,-1.0,1.0,-1.0,7.0,1.0,0.0,0.0
AME,AMETEK Inc,2018,26.1727710588502,22.7133786146661,29.150262345635,26.4202200825309,electrical equipment,NaN,NaN,NaN,NaN,NaN,NaN,-1.0,-1.0,0.0,-1.0,9.0,1.0,0.0,0.0
CARR,Carrier Global Corp,2021,53.5433210994275,47.0907706733617,75.7519016869705,32.1684648403724,building products,10.7018790100825,11.2301214482126,382845.0,4194215.0,3885000.0,NaN,-1.0,27.0,1.0,8.7,138.0,1.0,0.0,1.0
CMI,Cummins Inc,2012,68.5101685017183,71.3957932595279,65.5811705048433,69.4658626465661,machinery,NaN,NaN,597023.0,NaN,4146200.0,NaN,5.15,-1.0,1.0,-1.0,10.0,1.0,0.0,1.0
CHRW,CH Robinson Worldwide Inc,2015,21.7980916489939,2.02819902864506,43.3204050851109,17.5429553264604,air freight & logistics,NaN,NaN,NaN,NaN,NaN,NaN,-1.0,-1.0,0.0,-1.0,10.0,1.0,0.0,0.0
CHRW,CH Robinson Worldwide Inc,2021,40.5702370323305,29.0178078600209,49.3426575691221,43.0290053412728,air freight & logistics,0.126179220398756,1.94883651652553,33630.0,334656.0,NaN,NaN,1.1,46.78,1.0,18.02,10.0,1.0,0.0,0.0
CMI,Cummins Inc,2014,74.7419550121633,75.3093044446694,73.6483769642379,75.8128239217276,machinery,14.0318040780142,31.4340647163121,820568.0,6233730.0,4088250.0,NaN,3.9,-1.0,1.0,-1.0,10.0,1.0,0.0,1.0
CHRW,CH Robinson Worldwide Inc,2012,22.5596681779305,3.66355866355866,36.2104357957224,27.4890016920473,air freight & logistics,NaN,NaN,NaN,NaN,NaN,NaN,-1.0,-1.0,0.0,-1.0,8.0,1.0,0.0,0.0
CSX,CSX Corp,2014,68.5076762396881,67.4537496781786,66.7565846851561,72.0488071343912,road & rail,436.698320306004,26.0457342424746,5564960.0,7.6796642063E7,5519127.78,89714.22,-1.0,6.0,1.0,6.9,13.0,1.0,0.0,0.0
CHRW,CH Robinson Worldwide Inc,2014,23.9320569812386,1.49830813932105,39.4073783359497,30.7346378304153,air freight & logistics,NaN,NaN,NaN,NaN,NaN,NaN,-1.0,-1.0,0.0,-1.0,10.0,1.0,0.0,0.0
CAT,Caterpillar Inc,2020,68.4515215715141,60.4746647731023,79.3507719830241,63.7336214122953,machinery,16.82156133829,17.2118959107807,1831000.0,2.395E7,1.41574334E7,NaN,2.15,20.0,1.0,-1.0,12.0,1.0,0.0,1.0
CAT,Caterpillar Inc,2015,69.009366688565,86.6502446609972,70.0284844974819,46.5041364388443,machinery,17.9399826036532,26.8193679327341,2470000.0,2.74E7,1.64287E7,NaN,3.55,-1.0,1.0,-1.0,12.0,1.0,0.0,1.0
CAT,Caterpillar Inc,2014,74.6556917008916,84.0838621109233,69.6478489369653,69.9077254993347,machinery,18.3268650280293,26.052896363375,2470000.0,2.7883656E7,1.56715974E7,NaN,3.9,-1.0,1.0,-1.0,15.0,1.0,0.0,1.0
CPRT,Copart Inc,2021,34.5763869791988,1.86046511627906,46.3405607736201,37.8630436946352,commercial services & supplies,NaN,NaN,NaN,NaN,NaN,NaN,-1.0,-1.0,0.0,-1.0,9.0,1.0,0.0,0.0
CAT,Caterpillar Inc,2019,69.2406221569023,59.8269261714186,81.5048390460153,64.4573063070902,machinery,16.9949928730675,24.1219253682248,2250000.0,2.516E7,1.45738285E7,NaN,2.65,20.0,1.0,-1.0,12.0,1.0,0.0,1.0
CMI,Cummins Inc,2016,75.3957958248109,77.4697391724821,74.9470684039088,73.2576046837215,machinery,15.6115831454829,30.5392751864054,798455.0,1.273363942E7,3633993.6,NaN,3.25,25.81,1.0,-1.0,8.0,1.0,0.0,1.0
CAT,Caterpillar Inc,2018,65.0926586459166,54.5317647556794,81.8568694721988,55.7859882308535,machinery,18.9168976287889,28.3753464431833,2150000.0,2.369E7,1.52930564E7,NaN,2.45,-1.0,1.0,-1.0,13.0,1.0,0.0,1.0
CSX,CSX Corp,2017,67.7077565781128,76.3290694245991,63.6935039769047,62.5807095438997,road & rail,431.366880477008,20.7080133706749,5004017.0,7.0065956E7,4538706.59,NaN,5.25,6.0,1.0,10.0,12.0,1.0,1.0,0.0
CMI,Cummins Inc,2013,63.6629999312831,70.8698420019778,63.1174682963102,54.5038555430697,machinery,NaN,NaN,759836.0,5845100.0,4315370.0,NaN,5.75,-1.0,1.0,-1.0,10.0,1.0,0.0,1.0
CMI,Cummins Inc,2015,74.5514116454815,77.161907554879,73.4975777244231,72.6940896710191,machinery,14.6724933656398,30.1513787931233,776977.0,6273060.0,3974680.0,NaN,3.45,-1.0,1.0,-1.0,9.0,1.0,0.0,1.0
CMI,Cummins Inc,2021,69.1727611134861,60.7334939080491,76.5471813293316,68.4102518329614,machinery,12.5498716923983,23.5868074544613,859005.0,1.519162747E7,3643429.314,53657.574,-1.0,26.87,1.0,-1.0,12.0,1.0,0.0,1.0
CHRW,CH Robinson Worldwide Inc,2013,23.853809135861,2.96264532113589,39.8015355642474,28.1911613566289,air freight & logistics,NaN,NaN,NaN,NaN,NaN,NaN,-1.0,-1.0,0.0,-1.0,10.0,1.0,0.0,0.0
CHRW,CH Robinson Worldwide Inc,2019,42.3106737804967,24.4265572390572,57.3576190081043,44.210584834334,air freight & logistics,0.131680215498581,1.80684496608783,32240.0,302184.0,NaN,NaN,1.45,44.84,0.0,21.3,9.0,1.0,0.0,0.0
CAT,Caterpillar Inc,2012,72.7949240181486,84.6023330827655,66.5416848015425,66.8247245579365,machinery,NaN,NaN,2838510.0,2.84453E7,1.95327E7,NaN,5.15,-1.0,1.0,-1.0,15.0,1.0,0.0,1.0
CSX,CSX Corp,2021,52.1074863142892,72.2517179996688,51.4720920615702,28.7604208203683,road & rail,360.494472266843,17.5012756307285,4000329.0,5.604363E7,2028979.76,NaN,4.05,5.0,1.0,-1.0,12.0,1.0,0.0,0.0
CSX,CSX Corp,2012,72.9063254419484,68.6446192696192,77.7233278485959,71.7582697201017,road & rail,457.615684612124,27.0338278931751,5716441.0,7.5560577E7,5347413.05,NaN,-1.0,6.39,1.0,10.28,13.0,1.0,0.0,0.0
CMI,Cummins Inc,2019,71.4056032009196,58.83624829277,81.9681631786441,70.9876672214327,machinery,17.3593009309498,30.4507396196242,837107.0,1.3599136786E7,3536437.577,53657.574,3.135,25.8,1.0,-1.0,10.0,1.0,0.0,1.0
CHRW,CH Robinson Worldwide Inc,2020,43.8957636705158,28.0812385215794,60.8400306161499,40.8456468199152,air freight & logistics,0.125412260145787,1.95499424279343,31850.0,297864.0,NaN,NaN,0.95,45.72,0.0,19.2,10.0,1.0,0.0,0.0
CMI,Cummins Inc,2017,73.7290860700523,69.4135905430283,75.336341708918,77.0295160238209,machinery,15.2038395504917,28.856667186931,846887.0,1.3440273237E7,3679418.52,NaN,3.05,25.91,1.0,-1.0,8.0,1.0,0.0,1.0
CAT,Caterpillar Inc,2013,76.3932904781254,86.9485372463779,71.2215260814785,70.5077521207149,machinery,NaN,NaN,2608650.0,2.74699E7,1.83971E7,NaN,5.1,-1.0,1.0,-1.0,16.0,1.0,1.0,1.0
CSX,CSX Corp,2020,55.567820003194,73.0504107634789,54.6047342586894,35.8407225587078,road & rail,361.00502638854,16.3865292787132,4504923.0,6.3133899E7,1815066.241,NaN,4.45,5.0,1.0,-1.0,11.0,1.0,0.0,0.0
CHRW,CH Robinson Worldwide Inc,2018,39.7227310949394,20.5844815403639,64.8810576396782,29.9828060522696,air freight & logistics,NaN,NaN,NaN,309564.0,NaN,NaN,1.15,44.83,0.0,20.7,9.0,1.0,0.0,0.0
CHRW,CH Robinson Worldwide Inc,2016,30.7766508322708,8.84831793413883,59.1323401752961,20.2282541640962,air freight & logistics,NaN,NaN,NaN,NaN,NaN,NaN,-1.0,43.28,0.0,16.6,9.0,1.0,0.0,0.0
CMI,Cummins Inc,2020,70.4178303223089,60.9315807002206,80.8649262408277,65.880477309981,machinery,14.9209907969454,26.4669081652634,845472.0,1.4382914484E7,3649135.24,53657.574,-1.0,26.4,1.0,12.0,12.0,1.0,0.0,1.0
CSX,CSX Corp,2018,53.8515179731926,73.3339957604663,55.2144257541558,28.7007645132117,road & rail,412.579505610098,19.3457223001403,4927403.0,6.8794471E7,7573810.474,NaN,6.15,6.0,1.0,13.0,14.0,1.0,0.0,0.0
CMI,Cummins Inc,2018,76.7427312821083,70.0353303763551,78.7517792250276,82.7065496697398,machinery,15.2805860805861,28.1358974358974,829690.0,1.3623360964E7,3605992.843,95142.264,2.94,26.08,1.0,-1.0,10.0,1.0,0.0,1.0
CSX,CSX Corp,2019,56.7415840326209,74.1915684624018,58.2497979435992,33.8409246326118,road & rail,379.488816326531,16.7084081632653,4853416.0,6.7896819E7,1841473.261,NaN,5.2,6.0,1.0,9.0,13.0,1.0,0.0,0.0
CAT,Caterpillar Inc,2016,74.7807004579392,71.3622551122551,78.1741432572806,74.4336543136237,machinery,18.9317393801451,29.7802641934866,2290000.0,2.46808E7,1.44603E7,NaN,2.95,-1.0,1.0,-1.0,12.0,1.0,0.0,1.0
CSX,CSX Corp,2013,70.2856770433158,69.136649514008,69.4213978112283,72.788073080199,road & rail,447.921873671682,25.5181501317691,5569075.0,7.8169012E7,4266163.11,58673.85,-1.0,7.0,1.0,8.86,13.0,1.0,0.0,0.0
CSX,CSX Corp,2015,66.3278693103789,72.5782205041794,64.8451403353364,60.7549955453735,road & rail,435.125424263951,25.8527113426474,5840132.0,8.0637653407E7,6594184.22,119584.89,4.75,7.0,1.0,10.1,12.0,1.0,0.0,0.0
CAT,Caterpillar Inc,2021,72.1356065934007,60.1713260761998,77.4650797633598,79.5052117245401,machinery,16.6235508287822,19.8093321835777,1521000.0,1.934E7,1.27946858E7,NaN,2.1,20.0,1.0,-1.0,11.0,1.0,0.0,1.0
CAT,Caterpillar Inc,2017,72.7907718739038,54.7803617571059,80.1526849569565,84.7509779718368,machinery,22.3940628486909,34.0971014868827,2177000.0,2.305E7,1.46495367E7,NaN,2.5,-1.0,1.0,-1.0,12.0,1.0,0.0,1.0
CSX,CSX Corp,2016,68.5150003303163,72.7318763326226,63.8454208375405,69.5252024681573,road & rail,448.742612818559,23.756498179663,5580687.0,7.7533379911E7,6109651.74,NaN,4.7,6.0,1.0,10.0,12.0,1.0,0.0,0.0
CHRW,CH Robinson Worldwide Inc,2017,33.6378666816211,10.671962532036,57.9963221663626,29.5309595309595,air freight & logistics,NaN,NaN,NaN,NaN,NaN,NaN,-1.0,43.6,0.0,17.9,8.0,1.0,0.0,0.0
DAL,Delta Air Lines Inc,2020,71.6080014708899,73.0152401205032,84.3856502767954,51.2485004365098,airlines,794.103452677261,6.29457314867998,3.762431E7,5.58965232E8,NaN,NaN,19.5,41.0,1.0,-1.0,13.0,1.0,1.0,0.0
EFX,Equifax Inc,2020,31.0942279589874,20.9204773720902,28.747432715401,41.2145361810647,professional services,0.241475652868058,8.4285551374159,30411.0,NaN,NaN,NaN,-1.0,-1.0,0.0,-1.0,10.0,1.0,0.0,0.0
DE,Deere & Co,2017,60.7640115794432,64.1603985979993,66.188833549327,49.5758027966616,machinery,NaN,NaN,NaN,NaN,NaN,NaN,5.95,-1.0,1.0,-1.0,14.0,1.0,0.0,0.0
DOV,Dover Corp,2013,55.2662617842853,62.3958334761558,42.2076247864427,63.8320998178789,machinery,20.0674324352565,34.2017550454231,399918.0,NaN,NaN,NaN,-1.0,-1.0,1.0,-1.0,12.0,1.0,0.0,0.0
DE,Deere & Co,2019,67.7640208360172,79.4060516728042,73.4821349823878,46.2965008399645,machinery,NaN,NaN,NaN,NaN,NaN,NaN,6.35,-1.0,1.0,-1.0,13.0,1.0,0.0,0.0
EFX,Equifax Inc,2018,34.7211143075504,3.26086956521738,42.1218460650603,47.2867950481431,professional services,NaN,NaN,NaN,NaN,NaN,NaN,-1.0,-1.0,0.0,-1.0,12.0,1.0,0.0,0.0
EMR,Emerson Electric Co,2017,67.1727206914006,68.2374574666769,84.0412067977311,43.7785769994359,electrical equipment,10.5001538556219,35.918764231645,754261.0,NaN,4502748.545,NaN,3.1,27.8,1.0,-1.0,13.0,1.0,0.0,0.0
DE,Deere & Co,2016,61.4547404769967,63.5818373318373,67.4602385906912,51.0283489465663,machinery,NaN,NaN,NaN,NaN,NaN,NaN,5.8,-1.0,1.0,-1.0,11.0,1.0,0.0,0.0
CTAS,Cintas Corp,2019,60.3185025426797,50.1292390405293,52.6837841273239,77.2064605249176,commercial services & supplies,NaN,NaN,NaN,NaN,NaN,NaN,11.85,-1.0,1.0,-1.0,9.0,1.0,0.0,0.0
DOV,Dover Corp,2018,63.3646350718008,65.4251413513444,56.0132010266053,70.5305743956051,machinery,NaN,NaN,NaN,NaN,NaN,NaN,-1.0,-1.0,1.0,-1.0,12.0,1.0,0.0,0.0
DOV,Dover Corp,2012,40.9672758012614,39.3692498230714,27.1809834890158,60.9602680067001,machinery,NaN,NaN,386524.0,NaN,NaN,NaN,-1.0,-1.0,0.0,-1.0,13.0,1.0,0.0,0.0
DE,Deere & Co,2014,59.071203081887,54.1579212783182,62.9693540542893,59.8562321934645,machinery,12.1731831369219,29.1352459129742,1493593.0,NaN,NaN,NaN,-1.0,-1.0,1.0,-1.0,12.0,1.0,0.0,0.0
DE,Deere & Co,2020,69.4173252643399,83.1800326528649,78.0883086325541,41.5334537597846,machinery,10.33337170423,15.5535983423773,967000.0,1.278E7,2.45E7,NaN,8.4,19.0,1.0,-1.0,11.0,1.0,1.0,0.0
EMR,Emerson Electric Co,2012,48.2893003558005,46.0236275414122,65.0935084060578,28.9759238449516,electrical equipment,NaN,NaN,NaN,NaN,NaN,NaN,-1.0,-1.0,1.0,-1.0,15.0,1.0,0.0,0.0
DOV,Dover Corp,2014,49.5208685028651,61.452029603556,35.8806183738816,53.087358684481,machinery,17.5761561501381,37.267408801554,363429.0,NaN,NaN,NaN,-1.0,-1.0,1.0,-1.0,12.0,1.0,0.0,0.0
EFX,Equifax Inc,2021,46.2767486458222,26.3710807516922,32.4306379567443,77.9029687188683,professional services,0.193821926105391,6.57540884312538,27940.0,NaN,NaN,NaN,-1.0,45.0,0.0,17.0,10.0,1.0,0.0,0.0
DAL,Delta Air Lines Inc,2021,66.7306672297395,74.0761271249075,77.7175613722005,42.4755116353203,airlines,1004.67417373501,16.0325241298625,1.7448981E7,5.397738075E8,NaN,NaN,11.8,42.0,1.0,-1.0,12.0,1.0,0.0,0.0
DE,Deere & Co,2018,64.8535071370912,68.1919356033723,71.6303541349058,51.9621935804195,machinery,NaN,NaN,NaN,NaN,NaN,NaN,5.7,-1.0,1.0,-1.0,12.0,1.0,0.0,0.0
DOV,Dover Corp,2020,59.0364670127341,65.3730625347254,41.2542596928198,74.7470019835655,machinery,6.57669106842877,19.7909989505326,184366.0,NaN,NaN,NaN,-1.0,-1.0,1.0,-1.0,11.0,1.0,0.0,0.0
DAL,Delta Air Lines Inc,2013,65.6836354089098,63.2804104878572,65.127628486119,69.1457485695095,airlines,845.228633760567,10.0633215162258,3.1363556E7,4.55357633E8,851759.25,NaN,19.1,-1.0,1.0,-1.0,14.0,1.0,0.0,0.0
EFX,Equifax Inc,2015,24.1909751193581,3.03030303030302,37.0327572733888,22.5945017182131,professional services,NaN,NaN,NaN,NaN,NaN,NaN,-1.0,-1.0,0.0,-1.0,10.0,1.0,0.0,0.0
DOV,Dover Corp,2015,52.3155276396909,61.9894114253308,37.1124757574755,60.6397573424944,machinery,NaN,NaN,NaN,NaN,NaN,NaN,-1.0,-1.0,1.0,-1.0,13.0,1.0,0.0,0.0
EMR,Emerson Electric Co,2019,67.1562958366277,64.3550482672746,75.0087117762749,60.2224031323141,electrical equipment,7.90218815513627,33.1930686582809,627278.0,NaN,3793040.997,NaN,2.3,30.6,1.0,-1.0,10.0,1.0,0.0,0.0
EMR,Emerson Electric Co,2015,47.6871754792102,60.5682211394583,47.9655344243121,31.8649611811124,electrical equipment,NaN,NaN,NaN,NaN,NaN,NaN,4.1,-1.0,1.0,-1.0,13.0,1.0,0.0,0.0
EMR,Emerson Electric Co,2021,71.3097725184848,73.8155361502576,68.2049935414404,72.3735663747044,electrical equipment,10.7207707380797,38.1861528412802,898518.0,8130643.2,NaN,NaN,2.25,-1.0,1.0,-1.0,10.0,1.0,0.0,0.0
EFX,Equifax Inc,2014,32.8869431519187,3.1578947368421,43.3029646514187,40.3879162375558,professional services,NaN,NaN,NaN,NaN,NaN,NaN,-1.0,-1.0,0.0,-1.0,10.0,1.0,0.0,0.0
EMR,Emerson Electric Co,2020,71.4126743165533,67.6742429274818,68.0798072803705,80.2685509864343,electrical equipment,11.6611902573529,40.7589613970588,912530.0,8215344.0,NaN,NaN,2.35,-1.0,1.0,-1.0,8.0,1.0,0.0,0.0
CTAS,Cintas Corp,2012,70.9740499105752,52.338394294916,76.5185839591089,77.2193506007776,commercial services & supplies,NaN,NaN,NaN,NaN,NaN,NaN,-1.0,42.0,1.0,-1.0,8.0,1.0,0.0,0.0
CTAS,Cintas Corp,2013,71.8520947709938,54.6494396102616,78.2328955632555,76.0110979976496,commercial services & supplies,NaN,NaN,NaN,NaN,NaN,NaN,-1.0,42.0,1.0,-1.0,10.0,1.0,0.0,1.0
DAL,Delta Air Lines Inc,2018,71.5733136125051,76.1922503725782,81.1830883156202,52.3447593079495,airlines,869.800233360883,7.20195439739414,3.6078116E7,4.811006232E8,NaN,NaN,19.55,41.0,1.0,-1.0,12.0,1.0,0.0,0.0
DOV,Dover Corp,2021,58.5008641006277,68.5395576115934,44.0238464602243,65.4354105715534,machinery,6.59646597575779,15.3976859751496,156959.0,NaN,975000.0,NaN,6.6,24.0,1.0,-1.0,9.0,1.0,0.0,0.0
EFX,Equifax Inc,2012,36.2895400523588,3.55805243445692,43.2524196795538,50.3045685279188,professional services,NaN,NaN,NaN,NaN,NaN,NaN,-1.0,-1.0,0.0,-1.0,9.0,1.0,0.0,0.0
EFX,Equifax Inc,2017,32.0474797260725,4.00516795865632,40.5985340663001,40.7507507507507,professional services,NaN,NaN,NaN,NaN,NaN,NaN,-1.0,-1.0,0.0,-1.0,11.0,1.0,0.0,0.0
DE,Deere & Co,2015,62.2341879217246,59.8366956685287,66.9956310712986,58.8683976072292,machinery,NaN,NaN,NaN,NaN,NaN,NaN,-1.0,-1.0,1.0,-1.0,12.0,1.0,0.0,0.0
CTAS,Cintas Corp,2014,70.7929715993139,48.3976671476671,77.3360576901974,78.1090747104493,commercial services & supplies,NaN,NaN,NaN,NaN,NaN,NaN,-1.0,-1.0,1.0,-1.0,9.0,1.0,0.0,1.0
DAL,Delta Air Lines Inc,2012,57.9595468604317,65.3697299077733,66.7355577850415,36.88810720268,airlines,909.830784565001,11.9892923252171,3.2369712E7,5.54026224E8,1039409.03,NaN,22.21,-1.0,0.0,-1.0,13.0,1.0,0.0,0.0
DOV,Dover Corp,2016,51.6146987995382,57.6430557633797,41.7966087991585,57.2532773323151,machinery,NaN,NaN,NaN,NaN,NaN,NaN,-1.0,-1.0,1.0,-1.0,12.0,1.0,0.0,0.0
CTAS,Cintas Corp,2017,64.7794837179812,59.2769147459979,65.5769214448317,67.6123337918386,commercial services & supplies,NaN,NaN,NaN,NaN,NaN,NaN,12.35,-1.0,1.0,-1.0,9.0,1.0,0.0,0.0
DE,Deere & Co,2013,62.7791898526024,55.0273333985173,68.4795369119364,64.6076292308224,machinery,13.120468566966,32.5206403748536,1461086.0,NaN,NaN,NaN,-1.0,-1.0,1.0,-1.0,11.0,1.0,0.0,0.0
EMR,Emerson Electric Co,2014,38.3269325306251,43.2180854549141,52.0482124868681,14.4674264121819,electrical equipment,NaN,NaN,NaN,NaN,NaN,NaN,4.95,-1.0,1.0,-1.0,15.0,1.0,0.0,0.0
CTAS,Cintas Corp,2015,74.8455080954979,57.6969744262977,77.3031558337742,83.7091539983631,commercial services & supplies,NaN,NaN,NaN,NaN,NaN,NaN,-1.0,-1.0,1.0,-1.0,9.0,1.0,0.0,1.0
DAL,Delta Air Lines Inc,2015,69.2159882159915,76.1951816299642,74.0107435284544,54.4799301394955,airlines,845.170556464001,8.34418512462217,3.4449562E7,5.00794807E8,792283.19,NaN,16.8,-1.0,1.0,-1.0,16.0,1.0,0.0,0.0
DE,Deere & Co,2012,70.3721459976051,61.0823520141744,78.8827171335733,70.3615943994523,machinery,NaN,NaN,1336644.0,NaN,NaN,NaN,-1.0,-1.0,0.0,-1.0,11.0,1.0,0.0,0.0
DAL,Delta Air Lines Inc,2014,70.5742499624063,74.4814213564213,71.1229777303113,65.4685122151296,airlines,850.97670293596,9.0308686098536,3.2485066E7,4.70364339E8,768517.76,NaN,17.0,-1.0,1.0,-1.0,14.0,1.0,0.0,0.0
EFX,Equifax Inc,2013,32.1449873068578,2.22222222222222,42.3820141211445,40.0102774922919,professional services,NaN,NaN,NaN,NaN,NaN,NaN,-1.0,-1.0,0.0,-1.0,9.0,1.0,0.0,0.0
DAL,Delta Air Lines Inc,2019,73.9503027337067,77.4169337764405,82.0288001594473,58.2436651543592,airlines,832.494734236464,6.90235834195958,3.7301128E7,NaN,NaN,NaN,19.75,40.9,1.0,-1.0,12.0,1.0,1.0,0.0
DE,Deere & Co,2021,72.1739659313057,84.4023173346528,78.1641502138581,49.6461470768319,machinery,9.89027774242,14.9868893358112,977200.0,1.2927E7,2.3E7,NaN,8.25,19.4,1.0,4.7,12.0,1.0,0.0,0.0
EMR,Emerson Electric Co,2013,41.6046327173103,44.3060287661925,51.6590179373544,25.1805412812607,electrical equipment,NaN,NaN,NaN,NaN,NaN,NaN,-1.0,-1.0,1.0,-1.0,13.0,1.0,0.0,0.0
EFX,Equifax Inc,2016,26.6483727620109,3.3625730994152,37.1070097879639,29.5846185482212,professional services,NaN,NaN,NaN,NaN,NaN,NaN,-1.0,-1.0,0.0,-1.0,10.0,1.0,0.0,0.0
EFX,Equifax Inc,2019,33.3631387434265,2.97619047619047,30.1495371040069,58.7402712919724,professional services,NaN,NaN,NaN,NaN,NaN,NaN,-1.0,-1.0,0.0,-1.0,9.0,1.0,0.0,0.0
CTAS,Cintas Corp,2020,67.3870331966758,54.0780740662022,59.4916066001552,86.7919052391171,commercial services & supplies,90.1643470984952,22.9799821627111,779825.0,1.6279433E7,1.4813E7,NaN,10.85,-1.0,1.0,-1.0,8.0,1.0,0.0,0.0
DAL,Delta Air Lines Inc,2017,70.5532528368904,77.2798742138364,85.4003693214436,41.2957144977686,airlines,898.272648922687,7.27117870722434,3.5723704E7,5.84307052351E8,NaN,NaN,20.15,40.89,1.0,-1.0,13.0,1.0,1.0,0.0
EMR,Emerson Electric Co,2016,63.0770024400277,63.2453194953195,78.9554059868058,42.0566706567907,electrical equipment,11.7832290080641,42.9705069644166,970948.0,NaN,5310731.95,NaN,3.8,-1.0,1.0,-1.0,13.0,1.0,0.0,0.0
CTAS,Cintas Corp,2018,56.5595919762629,48.8374299555734,60.7105469216787,56.6611074049366,commercial services & supplies,NaN,NaN,NaN,NaN,NaN,NaN,11.35,-1.0,1.0,-1.0,9.0,1.0,0.0,0.0
CTAS,Cintas Corp,2021,67.8015311705613,63.6743427687431,70.8236777209021,66.8289313486211,commercial services & supplies,84.4743631723951,20.1081985908496,740980.0,1.5345334E7,1.3397E7,NaN,8.95,-1.0,1.0,-1.0,9.0,1.0,0.0,0.0
DOV,Dover Corp,2019,61.9625549791311,66.4539922494787,45.6692703999551,77.9351367029671,machinery,NaN,NaN,NaN,NaN,NaN,NaN,-1.0,-1.0,1.0,-1.0,12.0,1.0,0.0,0.0
DOV,Dover Corp,2017,65.5410351774334,61.2263224763224,55.0766991080807,84.438597709696,machinery,NaN,NaN,NaN,NaN,NaN,NaN,-1.0,-1.0,1.0,-1.0,13.0,1.0,0.0,0.0
CTAS,Cintas Corp,2016,65.1738935173183,60.6626508928227,64.9829720398159,68.5757185757186,commercial services & supplies,NaN,NaN,NaN,NaN,NaN,NaN,-1.0,-1.0,1.0,-1.0,9.0,1.0,0.0,0.0
EMR,Emerson Electric Co,2018,69.4278433986134,65.7373135113584,82.1751811021098,57.1433031631797,electrical equipment,12.0850433824542,41.6027406693293,779654.0,NaN,4017839.932,NaN,2.7,27.9,1.0,-1.0,10.0,1.0,0.0,0.0
DAL,Delta Air Lines Inc,2016,61.9448453148727,74.1298858146684,69.6285212198086,37.2292223494972,airlines,861.343283215409,7.18489583333333,3.5352571E7,5.80183024207E8,NaN,NaN,19.35,41.23,1.0,-1.0,15.0,1.0,0.0,0.0
EXPD,Expeditors International of Washington Inc,2017,57.5894691356761,50.7716994397949,49.3741750826771,76.4506750396321,air freight & logistics,2.0033446828873,6.1256548623762,49570.94,303433.2,NaN,NaN,1.55,-1.0,0.0,-1.0,11.0,1.0,0.0,0.0
FDX,FedEx Corp,2013,63.5619623012169,58.6516104440633,61.5348399246704,72.0896436193116,air freight & logistics,331.210637300843,22.4720946579194,1.5095179E7,2.13247E8,NaN,NaN,-1.0,27.5,0.0,26.21,12.0,1.0,0.0,0.0
FAST,Fastenal Co,2021,39.1918167517676,60.127954319155,28.8353413654618,27.646941621837,trading companies & distributors,23.8007543427833,11.1754289660546,197521.0,NaN,30557.518,NaN,1.68,24.4,1.0,-1.0,11.0,0.0,0.0,0.0
FDX,FedEx Corp,2018,79.7405986251436,77.1217541070482,73.539109566096,90.9451478236198,air freight & logistics,232.987930834397,18.1387125118122,1.5147708E7,2.51743995283E8,NaN,NaN,-1.0,29.0,1.0,41.0,12.0,1.0,0.0,0.0
FDX,FedEx Corp,2016,77.0568584188245,79.1391257995735,65.3587130015961,89.7657266043227,air freight & logistics,289.595894885466,20.4619518260173,1.4713175E7,2.38461E8,NaN,NaN,-1.0,27.0,0.0,33.0,12.0,1.0,0.0,0.0
FDX,FedEx Corp,2012,66.7367996026938,57.4732905982906,61.0016921412521,85.3086501078519,air freight & logistics,351.171509261144,25.1850702218604,1.4792319E7,NaN,NaN,NaN,-1.0,27.3,0.0,-1.0,11.0,1.0,1.0,0.0
FBHS,Fortune Brands Home & Security Inc,2021,53.7991922513162,68.4940660687558,53.0802603864587,35.8221828769215,building products,NaN,NaN,NaN,NaN,NaN,NaN,-1.0,-1.0,-1.0,-1.0,NaN,NaN,NaN,NaN
EXPD,Expeditors International of Washington Inc,2019,55.1947557694684,53.0390712682379,54.50548538674,58.6776286684921,air freight & logistics,1.02745821795901,5.40264905788816,52330.56,390236.4,1393030.88,NaN,2.5,-1.0,1.0,-1.0,10.0,1.0,0.0,0.0
ETN,Eaton Corporation PLC,2014,69.1645324102656,87.6396293085626,55.7974075805168,64.520202020202,electrical equipment,6.49868187112991,42.4253571209613,798000.0,6768000.0,3946000.0,NaN,4.4,30.1,1.0,-1.0,13.0,1.0,0.0,0.0
FBHS,Fortune Brands Home & Security Inc,2015,35.3844107719315,13.1403157565948,48.6792144026186,43.4732086037928,building products,NaN,NaN,NaN,NaN,NaN,NaN,-1.0,-1.0,-1.0,-1.0,NaN,NaN,NaN,NaN
EXPD,Expeditors International of Washington Inc,2021,55.3591766556189,56.573418612353,49.2052415507675,61.9022019438447,air freight & logistics,0.653426819068805,3.83917194131042,45449.29,360907.2,214249.257,NaN,2.95,-1.0,1.0,-1.0,8.0,1.0,0.0,0.0
ETN,Eaton Corporation PLC,2018,73.2290654362816,82.8323948552788,81.1237002760444,51.3543266769073,electrical equipment,7.5960905453993,41.7278573960602,974000.0,8708400.0,5093000.0,NaN,3.45,31.0,1.0,-1.0,14.0,1.0,0.0,0.0
EXPD,Expeditors International of Washington Inc,2015,35.9163004523768,41.9590643274853,34.5914434149728,30.3872979508718,air freight & logistics,0.950230786654909,6.40712682229755,48299.0,NaN,NaN,NaN,3.75,-1.0,0.0,-1.0,11.0,1.0,0.0,0.0
FBHS,Fortune Brands Home & Security Inc,2012,20.8134136798885,8.74193635821542,23.3217542336083,32.5766006639025,building products,NaN,NaN,NaN,NaN,NaN,NaN,-1.0,-1.0,-1.0,-1.0,NaN,NaN,NaN,NaN
ETN,Eaton Corporation PLC,2017,75.5607957109053,86.1134136669481,76.9728483216019,61.0462962962963,electrical equipment,8.7672021098058,43.6168304962839,1092470.0,9955640.0,5668040.0,NaN,3.95,30.4,1.0,-1.0,14.0,1.0,0.0,0.0
FAST,Fastenal Co,2018,36.6445407793773,13.8515599959348,36.0196250866937,64.8154516276937,trading companies & distributors,NaN,NaN,NaN,NaN,NaN,NaN,2.21,22.72,1.0,-1.0,9.0,0.0,0.0,0.0
FAST,Fastenal Co,2019,33.0126978308366,13.1555168103688,32.7380051776767,57.2014676450967,trading companies & distributors,NaN,NaN,NaN,NaN,NaN,NaN,2.58,23.86,1.0,-1.0,9.0,0.0,0.0,0.0
FAST,Fastenal Co,2013,24.7821442024381,5.18015222966823,18.2788265954741,56.8311065433367,trading companies & distributors,NaN,NaN,NaN,NaN,NaN,NaN,-1.0,-1.0,0.0,-1.0,11.0,0.0,0.0,0.0
EXPD,Expeditors International of Washington Inc,2014,31.8490142515427,22.7849497958733,47.2856270713413,22.6582949326076,air freight & logistics,1.11607124501481,6.94082503420497,48988.0,NaN,NaN,NaN,3.75,-1.0,0.0,-1.0,10.0,1.0,0.0,0.0
FTV,Fortive Corp,2017,27.8461800521684,6.40826873385012,42.5459939521764,34.2985842985843,machinery,NaN,NaN,NaN,NaN,NaN,NaN,-1.0,-1.0,-1.0,-1.0,NaN,NaN,NaN,NaN
ETN,Eaton Corporation PLC,2019,67.1032450000064,87.2916825930456,79.2355115815237,26.9703703703703,electrical equipment,7.49852970005881,39.9431484022741,968000.0,8726400.0,4862000.0,NaN,3.25,31.3,1.0,-1.0,12.0,1.0,0.0,0.0
FAST,Fastenal Co,2016,38.1435163671333,11.3542938542938,40.3287818429271,67.4254575365001,trading companies & distributors,NaN,NaN,NaN,NaN,NaN,NaN,-1.0,21.07,1.0,-1.0,10.0,0.0,0.0,0.0
FDX,FedEx Corp,2019,76.6426368756697,78.4459175084175,70.3133021654305,82.7068352396832,air freight & logistics,231.510817417876,16.0425821237586,1.620237E7,2.69840750682E8,NaN,NaN,-1.0,28.0,1.0,51.0,13.0,1.0,0.0,0.0
EXPD,Expeditors International of Washington Inc,2016,49.3709399584664,46.2132788438758,36.8450897482568,69.4437385692477,air freight & logistics,0.861918873529614,6.56119306620045,49116.0,NaN,NaN,NaN,3.75,-1.0,0.0,-1.0,11.0,1.0,0.0,0.0
FTV,Fortive Corp,2020,45.3429047664033,28.225435186351,47.8795778442713,62.558008004817,machinery,3.69487422376592,12.654720555731,62135.0,653431.403,NaN,NaN,3.15,-1.0,1.0,-1.0,7.0,1.0,0.0,0.0
ETN,Eaton Corporation PLC,2016,67.6601946805734,87.6861339361339,71.3357152342327,38.8100517368809,electrical equipment,7.6,37.4,1014840.0,9336528.0,5795864.0,NaN,4.2,29.8,1.0,-1.0,14.0,1.0,0.0,0.0
FBHS,Fortune Brands Home & Security Inc,2014,24.6636920753572,7.04746021819192,38.1993386552657,26.3589471811487,building products,NaN,NaN,NaN,NaN,NaN,NaN,-1.0,-1.0,-1.0,-1.0,NaN,NaN,NaN,NaN
EXPD,Expeditors International of Washington Inc,2020,55.0182131142298,55.1364907188771,52.7806979928899,57.7850496463948,air freight & logistics,0.822282533044761,5.10700482152245,48474.45,378694.8,1377562.456,NaN,3.6,-1.0,1.0,-1.0,10.0,1.0,0.0,0.0
FTV,Fortive Corp,2021,52.6187779730486,35.1861651221841,55.7975816981331,69.3701485100865,machinery,4.42976401761651,10.415872389842,67754.0,652419.709,NaN,NaN,-1.0,60.0,1.0,-1.0,8.0,1.0,0.0,0.0
FBHS,Fortune Brands Home & Security Inc,2016,43.5763781618407,21.0713988830699,52.0136778115501,59.6144151063647,building products,NaN,NaN,NaN,NaN,NaN,NaN,-1.0,-1.0,-1.0,-1.0,NaN,NaN,NaN,NaN
FDX,FedEx Corp,2020,75.652087095214,72.3766684704184,70.6901938333682,86.0330506853682,air freight & logistics,221.05768154621,14.2910765787095,1.6402161E7,2.78195559892E8,NaN,NaN,-1.0,29.0,1.0,62.0,12.0,1.0,0.0,0.0
FAST,Fastenal Co,2017,34.4377851728338,14.0188553739094,37.4612481894646,54.976404976405,trading companies & distributors,NaN,NaN,NaN,NaN,NaN,NaN,-1.0,21.96,1.0,-1.0,9.0,0.0,0.0,0.0
ETN,Eaton Corporation PLC,2020,70.0225830131101,90.4249841766219,77.3012934439178,35.9965034965034,electrical equipment,14.2673423110741,29.0085149706141,935148.0,1.0645393356E7,3472000.0,NaN,3.2,33.0,1.0,-1.0,12.0,1.0,0.0,1.0
FAST,Fastenal Co,2014,32.9872717376586,7.00017249157444,34.8835589908167,61.6855475454858,trading companies & distributors,NaN,NaN,NaN,NaN,NaN,NaN,4.0,-1.0,1.0,-1.0,11.0,0.0,0.0,0.0
ETN,Eaton Corporation PLC,2015,64.4542143460963,88.8474630384724,60.1998701066088,40.7602339181286,electrical equipment,5.08028667331942,30.0734827179534,775000.0,9920700.0,6261064.0,NaN,4.25,29.8,1.0,-1.0,13.0,1.0,0.0,0.0
ETN,Eaton Corporation PLC,2021,70.0789626725792,92.2145532607212,76.8717087146738,34.6102091560625,electrical equipment,15.0489481065919,26.4201028517999,887023.0,1.068495462E7,3309000.0,NaN,2.7,32.0,1.0,-1.0,13.0,1.0,0.0,1.0
ETN,Eaton Corporation PLC,2013,70.5944096921929,86.3989736029944,57.0512486772254,69.3855218855219,electrical equipment,7.16555548632314,44.0525889463518,822000.0,7106400.0,4135000.0,NaN,4.4,-1.0,1.0,-1.0,12.0,1.0,0.0,0.0
FBHS,Fortune Brands Home & Security Inc,2019,59.8954858628404,60.1830903755523,56.4898407698618,64.8571106419817,building products,NaN,NaN,NaN,NaN,NaN,NaN,-1.0,-1.0,-1.0,-1.0,NaN,NaN,NaN,NaN
FBHS,Fortune Brands Home & Security Inc,2017,59.7542900938454,57.1233974358974,60.7983699739018,61.5387254037561,building products,NaN,NaN,NaN,NaN,NaN,NaN,-1.0,-1.0,-1.0,-1.0,NaN,NaN,NaN,NaN
FBHS,Fortune Brands Home & Security Inc,2020,63.4479915968531,66.8550569800569,55.0253172110039,72.2143298031854,building products,NaN,NaN,NaN,NaN,NaN,NaN,-1.0,-1.0,-1.0,-1.0,NaN,NaN,NaN,NaN
FBHS,Fortune Brands Home & Security Inc,2013,26.9472756327931,7.61712167172228,39.7939732357754,31.9499828708461,building products,NaN,NaN,NaN,NaN,NaN,NaN,-1.0,-1.0,-1.0,-1.0,NaN,NaN,NaN,NaN
FDX,FedEx Corp,2021,74.2999773050304,76.8523693216316,66.6269022761298,81.2121044226796,air freight & logistics,220.109510669344,13.7001025759568,1.61836E7,2.79445E8,NaN,NaN,-1.0,29.0,1.0,65.0,13.0,1.0,0.0,0.0
FTV,Fortive Corp,2018,26.9534715284379,7.96903460837886,37.9934161734971,35.26020174232,machinery,NaN,NaN,NaN,NaN,NaN,NaN,-1.0,-1.0,1.0,-1.0,7.0,1.0,0.0,0.0
FAST,Fastenal Co,2015,33.2078327320609,11.0152015582655,30.6658428602781,63.1718213058419,trading companies & distributors,NaN,NaN,NaN,NaN,NaN,NaN,-1.0,-1.0,1.0,-1.0,10.0,0.0,0.0,0.0
EXPD,Expeditors International of Washington Inc,2013,34.8745515511684,24.5254431103487,46.2134381625907,32.5529290853032,air freight & logistics,1.14575661921343,7.08978733239712,49349.15,NaN,NaN,NaN,3.75,-1.0,0.0,-1.0,9.0,1.0,0.0,0.0
FAST,Fastenal Co,2012,21.6499638859151,9.35643414534212,17.617915295091,41.6886632825719,trading companies & distributors,NaN,NaN,NaN,NaN,NaN,NaN,-1.0,-1.0,0.0,-1.0,9.0,0.0,0.0,0.0
FAST,Fastenal Co,2020,46.4415078045677,59.746576729364,32.1253003922671,49.2455637020508,trading companies & distributors,NaN,NaN,NaN,NaN,NaN,NaN,2.0,24.53,1.0,-1.0,10.0,0.0,0.0,0.0
ETN,Eaton Corporation PLC,2012,63.7589858805856,89.5806514837201,58.2310663049663,40.0207039337474,electrical equipment,NaN,NaN,782000.0,6822000.0,3989000.0,NaN,5.1,-1.0,1.0,-1.0,12.0,1.0,0.0,0.0
FDX,FedEx Corp,2017,77.0084226161264,78.8063323580776,69.4846089582931,84.6318886809684,air freight & logistics,273.202918693537,19.031589397399,1.4718391E7,2.43292152815E8,NaN,NaN,-1.0,28.0,1.0,38.0,13.0,1.0,0.0,0.0
FDX,FedEx Corp,2014,70.5025868058262,70.7988524771047,62.5322693179836,80.5084807344875,air freight & logistics,311.017928511753,21.9187346173821,1.4744766E7,2.08632E8,NaN,NaN,-1.0,27.2,0.0,23.5,12.0,1.0,0.0,0.0
EXPD,Expeditors International of Washington Inc,2018,55.433129923045,49.0273361596891,48.2021809608016,72.5203160899886,air freight & logistics,1.59115774312999,6.61287153147228,56779.66,366908.4,NaN,NaN,2.75,-1.0,0.0,-1.0,11.0,1.0,0.0,0.0
FTV,Fortive Corp,2019,40.1301182264718,25.0914558901971,45.3109421046008,51.3838772786767,machinery,2.44401591355258,9.03354701968347,66066.0,653675.519,NaN,NaN,-1.0,-1.0,1.0,-1.0,7.0,1.0,0.0,0.0
EXPD,Expeditors International of Washington Inc,2012,36.010284262548,23.5868298368298,57.4654721911161,23.0266852662714,air freight & logistics,1.00959224946633,6.38131524650424,45539.35,NaN,NaN,NaN,3.75,-1.0,0.0,-1.0,8.0,1.0,0.0,0.0
FBHS,Fortune Brands Home & Security Inc,2018,62.5359278481272,59.7353639541693,62.7216189871829,65.8857447924187,building products,NaN,NaN,NaN,NaN,NaN,NaN,-1.0,-1.0,-1.0,-1.0,NaN,NaN,NaN,NaN
FDX,FedEx Corp,2015,72.5633586392536,76.0985561833019,58.2645023821494,86.9096347206313,air freight & logistics,295.189588956921,21.0696117804552,1.4410983E7,2.0471E8,NaN,NaN,-1.0,27.0,0.0,-1.0,13.0,1.0,0.0,0.0
HON,Honeywell International Inc,2014,67.5877072243294,62.1996753246753,62.8207868585673,83.2496410503131,industrial conglomerates,146.89616354706,46.6288331342095,7289119.0,NaN,NaN,NaN,-1.0,-1.0,1.0,-1.0,11.0,1.0,0.0,0.0
GD,General Dynamics Corp,2016,51.9892167400533,38.0110401932033,46.3564574170331,69.8753977345043,aerospace & defense,NaN,NaN,873858.0,NaN,NaN,NaN,-1.0,-1.0,1.0,-1.0,13.0,1.0,0.0,0.0
GWW,W W Grainger Inc,2014,57.6005705296321,27.804349752631,75.4311995128595,69.9780996840241,trading companies & distributors,3.80009262523261,11.4799422796198,136757.0,NaN,NaN,NaN,-1.0,-1.0,0.0,-1.0,12.0,1.0,0.0,0.0
GE,General Electric Co,2014,80.6215299920793,84.2523448773448,76.167772636762,82.5460620776233,industrial conglomerates,17.705221678455,27.5111906080609,4980000.0,5.18245472E7,2.90719488E7,NaN,-1.0,-1.0,1.0,-1.0,18.0,1.0,0.0,1.0
GE,General Electric Co,2021,75.3144727071649,75.9604978354977,65.9255586322364,89.6500348742437,industrial conglomerates,9.62628899965715,15.296568821373,1890000.0,2.1132E7,2.63843077E7,NaN,-1.0,21.9,1.0,-1.0,11.0,1.0,1.0,1.0
GNRC,Generac Holdings Inc,2019,25.4600241886793,2.36873077668176,31.8199564392748,44.8309984434067,electrical equipment,NaN,NaN,NaN,NaN,NaN,NaN,-1.0,-1.0,1.0,-1.0,10.0,1.0,0.0,0.0
GNRC,Generac Holdings Inc,2017,25.5361092837072,0.568475452196381,40.7753397312643,35.5169455169455,electrical equipment,NaN,NaN,NaN,NaN,NaN,NaN,-1.0,-1.0,1.0,-1.0,8.0,1.0,0.0,0.0
HII,Huntington Ingalls Industries Inc,2017,36.2285535949882,6.50826446280991,35.9382253060027,58.4169884169884,aerospace & defense,NaN,NaN,NaN,NaN,NaN,NaN,-1.0,-1.0,1.0,-1.0,9.0,1.0,0.0,0.0
GE,General Electric Co,2013,79.7999918726561,85.0965007215007,81.9197763029445,68.5812409050479,industrial conglomerates,13.6690697400101,20.1913669763601,4880000.0,5.0642683E7,2.812561116E7,NaN,-1.0,30.93,1.0,-1.0,18.0,1.0,0.0,1.0
HII,Huntington Ingalls Industries Inc,2021,33.5218972323675,14.3075491759702,47.6809711937839,28.4190077704722,aerospace & defense,NaN,NaN,NaN,2445837.0,NaN,NaN,26.2,-1.0,1.0,-1.0,10.0,1.0,0.0,0.0
HON,Honeywell International Inc,2015,53.1426626293842,58.3047933249546,61.1890267025537,32.4738449789996,industrial conglomerates,111.298963000896,45.081321213673,6107432.0,3.86257466E7,NaN,NaN,2.45,-1.0,1.0,-1.0,12.0,1.0,0.0,0.0
GE,General Electric Co,2015,81.4900497011942,81.7887690266722,76.1324306075825,89.7729413262059,industrial conglomerates,NaN,NaN,5030000.0,5.2330976E7,3.05104046E7,NaN,-1.0,-1.0,1.0,-1.0,17.0,1.0,0.0,1.0
GD,General Dynamics Corp,2014,37.0692543271264,28.5693065104829,40.650406504065,38.448098663926,aerospace & defense,NaN,NaN,NaN,NaN,NaN,NaN,-1.0,-1.0,0.0,-1.0,13.0,1.0,0.0,0.0
GNRC,Generac Holdings Inc,2021,30.7033146715541,2.20208388057087,33.8785521328816,60.7417025047714,electrical equipment,NaN,NaN,NaN,NaN,NaN,NaN,9.15,-1.0,1.0,-1.0,10.0,1.0,0.0,0.0
HII,Huntington Ingalls Industries Inc,2016,36.1258330262013,5.88842975206611,36.2415104914331,58.1431215299198,aerospace & defense,NaN,NaN,NaN,NaN,NaN,NaN,-1.0,-1.0,1.0,-1.0,10.0,1.0,0.0,0.0
GE,General Electric Co,2016,82.4460077943324,84.5674486803519,74.8512971209216,91.697062424334,industrial conglomerates,17.020094131541,22.3171642439084,4530000.0,4.90603E7,3.06997E7,NaN,-1.0,-1.0,1.0,-1.0,16.0,1.0,0.0,1.0
GWW,W W Grainger Inc,2019,71.6103972029542,61.7421776310247,78.6896000685356,74.1706391543964,trading companies & distributors,3.70263788968825,8.05362110311751,122559.0,1357261.2,470000.0,NaN,7.0,37.4,1.0,-1.0,11.0,1.0,0.0,0.0
HON,Honeywell International Inc,2018,67.4111959996901,71.9893637656794,66.3020606122815,62.5019758790762,industrial conglomerates,68.6874459315048,38.6462520991298,4218429.0,3.254649088E7,NaN,NaN,2.3,-1.0,1.0,-1.0,14.0,1.0,0.0,0.0
HON,Honeywell International Inc,2012,61.7836023889732,55.2513434841021,57.4214118915034,78.464925536999,industrial conglomerates,NaN,NaN,NaN,NaN,NaN,NaN,-1.0,-1.0,0.0,-1.0,10.0,1.0,0.0,0.0
GD,General Dynamics Corp,2021,63.2940894096531,35.8742662009707,62.2818545984522,84.774100284537,aerospace & defense,NaN,NaN,762200.0,NaN,NaN,NaN,13.902,23.0,1.0,-1.0,12.0,1.0,0.0,0.0
GD,General Dynamics Corp,2012,36.8593086342845,34.3448691460055,39.8465425859731,34.6538693467336,aerospace & defense,NaN,NaN,918787.8,NaN,NaN,NaN,-1.0,-1.0,0.0,-1.0,11.0,1.0,0.0,0.0
GNRC,Generac Holdings Inc,2018,23.9172658954217,2.02738885370982,34.3529697788584,36.5027510316368,electrical equipment,NaN,NaN,NaN,NaN,NaN,NaN,-1.0,-1.0,1.0,-1.0,10.0,1.0,0.0,0.0
HON,Honeywell International Inc,2017,66.8386483989735,68.2616303504461,67.5509729178671,63.5921021810592,industrial conglomerates,91.3929395298204,44.998989139732,5262137.0,3.68057681E7,NaN,NaN,2.35,-1.0,1.0,-1.0,14.0,1.0,0.0,0.0
GD,General Dynamics Corp,2013,46.0218368572463,37.5528907614469,40.7942086323365,59.3187378101548,aerospace & defense,NaN,NaN,914956.0,NaN,NaN,NaN,-1.0,-1.0,0.0,-1.0,13.0,1.0,0.0,0.0
HII,Huntington Ingalls Industries Inc,2014,39.964065868858,3.53535353535353,44.0880058233117,61.088225197391,aerospace & defense,NaN,NaN,NaN,NaN,NaN,NaN,-1.0,-1.0,1.0,-1.0,9.0,1.0,0.0,0.0
HII,Huntington Ingalls Industries Inc,2020,36.1610862254506,17.0916756854257,51.3390738900234,29.5707151206035,aerospace & defense,NaN,NaN,NaN,NaN,NaN,NaN,23.35,-1.0,1.0,-1.0,11.0,1.0,0.0,0.0
GWW,W W Grainger Inc,2021,75.5729715331101,78.6212999106093,79.1513985760627,67.2232620237953,trading companies & distributors,3.0197631899704,7.04875500609438,115647.0,1325966.4,474648.0,NaN,5.0,38.1,1.0,-1.0,11.0,1.0,0.0,0.0
GE,General Electric Co,2017,81.2466520414077,86.8050279645674,69.3217277602943,92.5054941005861,industrial conglomerates,13.5601165165567,18.4986774701175,3830000.0,4.272993E7,2.54758093E7,NaN,-1.0,-1.0,1.0,-1.0,17.0,1.0,1.0,1.0
GD,General Dynamics Corp,2018,58.0237883702324,36.4807162534435,56.5392571237774,75.8344058344058,aerospace & defense,NaN,NaN,821773.0,NaN,NaN,NaN,12.829,-1.0,1.0,-1.0,14.0,1.0,0.0,0.0
GWW,W W Grainger Inc,2012,43.7229946209547,19.498917305426,50.9697051872339,63.2906446571344,trading companies & distributors,NaN,NaN,NaN,NaN,NaN,NaN,-1.0,-1.0,0.0,-1.0,12.0,1.0,0.0,0.0
GWW,W W Grainger Inc,2015,51.9453555182809,31.0585069184664,74.5381314172486,47.3879343260786,trading companies & distributors,NaN,NaN,159498.11,NaN,NaN,NaN,6.5,-1.0,1.0,-1.0,11.0,1.0,0.0,0.0
GWW,W W Grainger Inc,2018,60.3056440360956,42.1799006492596,75.7437438551303,61.8154718931201,trading companies & distributors,4.0329660920309,9.89937659338808,141235.0,1442870.0,510000.0,NaN,6.5,-1.0,1.0,-1.0,11.0,1.0,0.0,0.0
GD,General Dynamics Corp,2017,56.6330603058058,38.2781160891208,52.2662923219681,76.0127493316882,aerospace & defense,NaN,NaN,817293.0,NaN,NaN,NaN,15.39,-1.0,1.0,-1.0,13.0,1.0,0.0,0.0
GD,General Dynamics Corp,2020,56.0799271835507,35.0045325045325,54.6246732629415,73.5078941516566,aerospace & defense,NaN,NaN,794161.0,NaN,NaN,NaN,12.495,-1.0,1.0,-1.0,11.0,1.0,0.0,0.0
GNRC,Generac Holdings Inc,2020,31.0408131808596,1.84192382621226,32.958654644282,63.5649771543938,electrical equipment,NaN,NaN,NaN,NaN,NaN,NaN,-1.0,-1.0,1.0,-1.0,10.0,1.0,0.0,0.0
GD,General Dynamics Corp,2015,40.3491768702205,33.6964984530907,36.0689698479582,51.0298661174047,aerospace & defense,NaN,NaN,NaN,NaN,NaN,NaN,-1.0,-1.0,0.0,-1.0,12.0,1.0,0.0,0.0
GWW,W W Grainger Inc,2016,58.8554396357408,38.2074244574244,74.9951897772966,62.4720521085695,trading companies & distributors,NaN,NaN,156449.76,NaN,588971.0,NaN,6.0,-1.0,1.0,-1.0,11.0,1.0,0.0,0.0
GE,General Electric Co,2019,79.9287155546714,81.2072935234699,74.0604638535525,87.6056775805883,industrial conglomerates,13.2973240423865,15.5650847317858,2800000.0,3.1757306E7,3.33494621E7,NaN,-1.0,-1.0,1.0,-1.0,11.0,1.0,1.0,1.0
HII,Huntington Ingalls Industries Inc,2013,29.7018098399382,3.53535353535353,22.1962497052461,59.0647482014388,aerospace & defense,NaN,NaN,NaN,NaN,NaN,NaN,-1.0,-1.0,0.0,-1.0,9.0,1.0,0.0,0.0
GE,General Electric Co,2018,81.4254673795276,81.6815918789602,79.9426861982996,83.4634563698035,industrial conglomerates,16.8212814391765,21.2532358303367,3780000.0,4.325746E7,3.47500638E7,NaN,-1.0,-1.0,1.0,-1.0,18.0,1.0,0.0,1.0
HII,Huntington Ingalls Industries Inc,2019,37.8250731572481,8.3916083916084,45.2611836941532,49.3295530353569,aerospace & defense,NaN,NaN,NaN,NaN,NaN,NaN,-1.0,-1.0,1.0,-1.0,11.0,1.0,0.0,0.0
HON,Honeywell International Inc,2019,73.9441644443431,74.1153851347701,67.6087883959044,84.0056251105646,industrial conglomerates,33.4390881728919,30.3068288350521,2583877.0,2.048610002E7,NaN,NaN,2.25,-1.0,1.0,-1.0,14.0,1.0,0.0,0.0
HII,Huntington Ingalls Industries Inc,2018,45.6619761524209,7.79220779220779,51.894137573855,64.9850985786336,aerospace & defense,NaN,NaN,NaN,NaN,NaN,NaN,-1.0,-1.0,1.0,-1.0,10.0,1.0,NaN,NaN
HON,Honeywell International Inc,2013,64.1576775674773,59.3037518037518,58.6930446561679,80.1719767043508,industrial conglomerates,181.744175860275,48.5515070218183,8412471.0,NaN,NaN,NaN,-1.0,-1.0,1.0,-1.0,10.0,1.0,1.0,0.0
GWW,W W Grainger Inc,2013,42.7882201733507,16.7747467226246,47.6865812744831,67.5820926482929,trading companies & distributors,3.40113527976891,11.6929731121533,121933.0,NaN,NaN,NaN,-1.0,-1.0,0.0,-1.0,12.0,1.0,0.0,0.0
HON,Honeywell International Inc,2020,75.5493355168683,77.7949126624587,66.6978823949995,86.6640210628224,industrial conglomerates,35.3846466676236,25.0907372852974,2527992.0,1.984356848E7,NaN,NaN,2.1,28.7,1.0,-1.0,12.0,1.0,0.0,0.0
GE,General Electric Co,2020,79.9847561781557,81.1397941480877,71.3791579852868,92.298701991759,industrial conglomerates,11.0838939936378,15.4066126511566,2390000.0,2.71E7,2.48701437E7,NaN,-1.0,-1.0,1.0,-1.0,10.0,1.0,1.0,1.0
GWW,W W Grainger Inc,2017,57.5207691625851,39.9587138946452,74.1772828275127,56.7566953456524,trading companies & distributors,4.84499543986274,10.236645856612,150415.0,1548442.8,640000.0,NaN,5.5,-1.0,1.0,-1.0,11.0,1.0,0.0,0.0
GE,General Electric Co,2012,84.4593258952351,85.1250186595014,85.0437099574875,82.5317291174229,industrial conglomerates,15.4086472197287,20.5684235822984,5090000.0,5.0800805E7,3.4447249E7,NaN,-1.0,31.31,1.0,-1.0,16.0,1.0,0.0,0.0
GD,General Dynamics Corp,2019,62.7826126496285,38.8775510204081,62.7662877466678,80.3351204906259,aerospace & defense,NaN,NaN,784264.0,NaN,NaN,NaN,11.004,-1.0,1.0,-1.0,13.0,1.0,0.0,0.0
GWW,W W Grainger Inc,2020,74.2519810453601,78.4024481163641,80.5034708276434,61.0750228456062,trading companies & distributors,3.33722484627039,8.09241600570359,128252.0,2058278.4,508653.0,NaN,7.0,38.0,1.0,-1.0,11.0,1.0,0.0,0.0
HON,Honeywell International Inc,2021,78.0805955828141,74.8384581105168,74.0623717836674,89.3765059485727,industrial conglomerates,29.7106704078019,25.9332043912937,2042631.0,1.81549116E7,NaN,NaN,1.85,28.9,1.0,-1.0,13.0,1.0,0.0,0.0
HON,Honeywell International Inc,2016,62.7686900599324,63.6791300097751,69.9781101658234,49.6980442944629,industrial conglomerates,98.9585173423312,43.9480226269042,5759991.0,3.840734918E7,NaN,NaN,-1.0,-1.0,1.0,-1.0,14.0,1.0,0.0,0.0
IR,Ingersoll Rand Inc,2018,18.2519056290811,9.2703667221714,19.6547183738845,27.1905089408528,machinery,18.4453144733519,27.3132946030142,108695.0,835084.8,NaN,NaN,-1.0,-1.0,0.0,-1.0,8.0,1.0,0.0,0.0
JBHT,J B Hunt Transport Services Inc,2018,46.4437422513908,27.6706853912736,47.4838954149298,67.6192113709308,road & rail,227.399059303702,3.17821599294979,1657751.0,NaN,NaN,NaN,-1.0,-1.0,0.0,-1.0,10.0,1.0,0.0,0.0
J,Jacobs Engineering Group Inc,2018,62.3878977986014,64.0677994844661,53.7777893980289,71.8988514569575,professional services,NaN,NaN,NaN,NaN,NaN,NaN,-1.0,-1.0,1.0,27.6,11.0,1.0,0.0,0.0
IEX,IDEX Corp,2014,28.752950164334,15.9685221714739,30.8544692657478,41.3389387116901,machinery,NaN,NaN,88400.0,986760.0,164665.33,NaN,11.0,-1.0,0.0,-1.0,9.0,1.0,0.0,0.0
ITW,Illinois Tool Works Inc,2020,53.4486637185304,37.5043212782923,53.4923054579579,76.7626602439225,machinery,9.39301155290949,29.3696931036927,546903.0,5941850.4,2691002.544,NaN,8.7,-1.0,1.0,-1.0,11.0,1.0,0.0,0.0
HWM,Howmet Aerospace Inc,2019,51.8181772107328,43.467365967366,76.4246340374893,24.5866862018209,aerospace & defense,241.959280023606,239.008557096489,3260000.0,1.359E7,1.223E7,NaN,5.35,24.0,1.0,16.17,13.0,1.0,0.0,0.0
HWM,Howmet Aerospace Inc,2012,71.5509242350615,75.5280073461891,88.1100191502346,46.1876235130003,aerospace & defense,1226.40375135265,665.30399583183,4.72E7,4.58389738E8,1.105E8,NaN,6.38,-1.0,1.0,-1.0,6.0,1.0,1.0,1.0
HWM,Howmet Aerospace Inc,2021,59.1216546258614,52.0908849258132,68.2131580735687,51.953514399005,aerospace & defense,70.355580908918,81.7645940292831,800000.0,1.127E7,4146440.0,NaN,-1.0,25.0,1.0,37.0,10.0,1.0,0.0,0.0
JBHT,J B Hunt Transport Services Inc,2020,52.9988799446104,47.0115112160566,53.0329123612705,60.139480277217,road & rail,205.290783958291,3.2755215401465,1911564.0,2.665097E7,NaN,NaN,11.0,13.3,0.0,51.9,10.0,1.0,0.0,0.0
IEX,IDEX Corp,2015,35.7140583019935,30.5920481798759,33.3909484639264,44.9063255695558,machinery,NaN,NaN,94000.0,998640.0,173750.32,NaN,9.95,-1.0,0.0,-1.0,9.0,1.0,0.0,0.0
IEX,IDEX Corp,2017,40.3435185030513,28.0871837183718,38.2921886514369,57.7406416056723,machinery,NaN,NaN,NaN,NaN,NaN,NaN,-1.0,-1.0,0.0,-1.0,9.0,1.0,0.0,0.0
JBHT,J B Hunt Transport Services Inc,2012,33.6319285406439,30.5069930069929,30.8344198174706,41.0186125211506,road & rail,NaN,NaN,NaN,NaN,NaN,NaN,-1.0,-1.0,0.0,-1.0,12.0,1.0,0.0,0.0
ITW,Illinois Tool Works Inc,2012,48.5945637430625,30.6015823257202,46.8340219148553,77.8500406866354,machinery,8.66055804340338,33.5875301412332,613231.0,5374198.8,1870068.248,NaN,-1.0,-1.0,1.0,-1.0,10.0,1.0,0.0,1.0
IEX,IDEX Corp,2018,42.2976666847606,29.7172172172172,37.4109435607755,63.8012430305932,machinery,NaN,NaN,NaN,NaN,NaN,NaN,-1.0,-1.0,0.0,-1.0,8.0,1.0,0.0,0.0
ITW,Illinois Tool Works Inc,2016,44.2164740173761,25.7962691430433,52.0244928948001,58.5230548825909,machinery,8.40335695635957,35.4460276016412,587801.0,5219197.2,2667934.256,NaN,-1.0,-1.0,1.0,-1.0,11.0,1.0,0.0,0.0
J,Jacobs Engineering Group Inc,2016,55.6312813311227,63.2862711028085,59.2932289984011,39.8689455314014,professional services,NaN,NaN,NaN,NaN,NaN,NaN,1.8,-1.0,1.0,12.57,11.0,1.0,0.0,0.0
JBHT,J B Hunt Transport Services Inc,2021,56.4707231991036,49.4488946845504,51.2644266578978,71.6651029201348,road & rail,196.208340869726,1.73796224031095,1907524.0,2.6816E7,NaN,NaN,9.85,13.8,0.0,39.5,10.0,1.0,0.0,0.0
IEX,IDEX Corp,2013,31.9557008167376,16.3709131523725,30.4103667575965,52.6835506692942,machinery,NaN,NaN,92600.0,970259.0,219932.32,NaN,14.0,-1.0,0.0,-1.0,9.0,1.0,0.0,0.0
HWM,Howmet Aerospace Inc,2018,57.8733933871476,38.1354359925788,82.135930282948,39.4586787955243,aerospace & defense,125.771604938272,132.716049382716,3350000.0,4.282E7,1.168E7,NaN,5.55,23.0,1.0,14.99,14.0,1.0,0.0,0.0
IR,Ingersoll Rand Inc,2019,23.4373967228134,6.06737018372118,27.6026454668433,38.820324660885,machinery,16.8280169529333,23.1608298014722,107562.0,969534.0,208000.0,NaN,7.85,-1.0,1.0,12.3,11.0,1.0,0.0,0.0
ITW,Illinois Tool Works Inc,2018,46.1705437208489,32.8858463726884,44.1191420399252,68.9939925676548,machinery,9.53500069861674,36.573983512645,660004.0,6216177.6,3086854.224,NaN,-1.0,-1.0,1.0,-1.0,11.0,1.0,0.0,0.0
ITW,Illinois Tool Works Inc,2021,66.0550653817106,58.5601285968932,66.4223250508265,76.4498222047154,machinery,8.60028630507396,30.0442977572769,485917.0,5389624.8,2656172.987,NaN,7.0,-1.0,1.0,-1.0,10.0,1.0,0.0,0.0
HWM,Howmet Aerospace Inc,2017,73.9128460459778,72.2979797979798,75.5896101569307,72.8241343885515,aerospace & defense,126.67419719219,140.390511537841,3310000.0,4.147E7,1.29E7,NaN,5.65,30.0,1.0,12.47,9.0,1.0,0.0,1.0
J,Jacobs Engineering Group Inc,2015,63.2465345106447,59.1531355570825,71.7564550164581,57.2525136820669,professional services,NaN,NaN,NaN,NaN,NaN,NaN,2.1,-1.0,1.0,10.76,11.0,1.0,0.0,0.0
JBHT,J B Hunt Transport Services Inc,2015,38.2440475191915,21.4491029834473,36.0159448394742,61.2945144457172,road & rail,NaN,NaN,NaN,NaN,NaN,NaN,-1.0,-1.0,0.0,-1.0,11.0,1.0,0.0,0.0
JBHT,J B Hunt Transport Services Inc,2017,41.4761244605757,24.5412896055884,44.2044460263083,58.2511082511082,road & rail,NaN,NaN,NaN,NaN,NaN,NaN,-1.0,-1.0,0.0,-1.0,10.0,1.0,0.0,0.0
IEX,IDEX Corp,2021,53.641766635218,57.6371326381634,53.2533523926213,49.3565816608659,machinery,2.15083392653486,13.5313733444575,36880.0,255430.8,120563.211,NaN,7.65,-1.0,1.0,-1.0,10.0,1.0,0.0,0.0
ITW,Illinois Tool Works Inc,2015,39.584746833683,23.6708967555741,52.6471692703275,41.6623393152602,machinery,8.69476663904999,36.2484810825739,650958.0,5732870.4,2369238.909,NaN,-1.0,-1.0,1.0,-1.0,13.0,1.0,0.0,0.0
HWM,Howmet Aerospace Inc,2013,68.0753892324116,67.3054070112893,83.5501696757194,47.6631182603065,aerospace & defense,1257.38396624473,704.64135021097,4.65E7,4.16378666E8,1.02E8,NaN,5.66,-1.0,1.0,6.1,6.0,1.0,0.0,1.0
IR,Ingersoll Rand Inc,2020,41.8442861743841,33.1454362008604,42.2772453276032,51.7152485861698,machinery,16.7971776989274,24.3945511644031,100998.0,821862.0,208000.0,NaN,5.75,22.0,1.0,13.9,11.0,1.0,0.0,0.0
ITW,Illinois Tool Works Inc,2017,45.1509548817087,25.4953405858011,47.5596161517663,70.0584238927797,machinery,7.98183689977204,38.8832267078462,637318.0,5573390.4,3074581.925,NaN,-1.0,-1.0,1.0,-1.0,12.0,1.0,0.0,0.0
J,Jacobs Engineering Group Inc,2012,67.1670072686762,69.6904499858495,73.2911280157925,55.1965099908293,professional services,NaN,NaN,13050.0,NaN,NaN,NaN,-1.0,25.0,1.0,7.0,11.0,1.0,0.0,0.0
JBHT,J B Hunt Transport Services Inc,2019,44.2834262152237,34.7906144781144,48.4818793631339,50.2168112074716,road & rail,206.849455952577,2.69824027606208,1805227.0,NaN,NaN,NaN,-1.0,-1.0,0.0,-1.0,10.0,1.0,0.0,0.0
IEX,IDEX Corp,2012,27.4409635040316,14.8302895143601,33.1077451280314,35.1439919401712,machinery,NaN,NaN,55154.0,457814.0,153661.0,NaN,14.5,-1.0,0.0,-1.0,10.0,1.0,0.0,0.0
IR,Ingersoll Rand Inc,2021,42.0827311616086,33.9614474967572,42.2549674816368,51.6024506065044,machinery,10.1467331118494,16.523457162992,105966.0,1134262.8,540000.0,NaN,2.65,22.0,1.0,16.7,10.0,1.0,0.0,0.0
HWM,Howmet Aerospace Inc,2014,71.6736825383582,74.8463335177331,94.698018228606,38.136305662259,aerospace & defense,1224.38346648142,655.609586662035,4.34E7,4.87859943E8,1.022E8,NaN,4.67,19.83,1.0,4.7,6.0,1.0,0.0,1.0
IEX,IDEX Corp,2016,40.577716392677,31.9013381513381,31.6968843608428,62.633127835133,machinery,NaN,NaN,NaN,NaN,NaN,NaN,-1.0,-1.0,0.0,-1.0,8.0,1.0,0.0,0.0
J,Jacobs Engineering Group Inc,2020,70.3792327053831,87.8427882043501,63.3499364188092,55.6150632238869,professional services,3.52909273195181,6.36110056425596,104636.0,352976.4,483600.0,NaN,0.95,29.0,1.0,18.6,11.0,1.0,0.0,0.0
HWM,Howmet Aerospace Inc,2020,52.559951025541,51.1024408041454,67.3845396329586,33.533238408954,aerospace & defense,61.9892927585235,77.4866159481544,990000.0,1.361E7,4846940.0,NaN,-1.0,26.0,1.0,19.87,10.0,1.0,1.0,0.0
HWM,Howmet Aerospace Inc,2015,67.7402440601303,67.9612940523756,88.1297481007597,39.9390352551864,aerospace & defense,2144.79349386063,1076.38335193749,4.04E7,4.55418094E8,9.88E7,NaN,5.59,20.68,1.0,4.5,6.0,1.0,0.0,1.0
IEX,IDEX Corp,2020,57.8028372053352,57.2313487059779,54.6933781495167,62.5654697221927,machinery,2.2028579640684,14.7981237670736,42410.19,286344.065,94675.743,NaN,1.86,-1.0,1.0,-1.0,10.0,1.0,0.0,0.0
HWM,Howmet Aerospace Inc,2016,73.59975042439,72.3484848484848,96.0101622953463,44.1387868660911,aerospace & defense,1949.56900024168,861.999516635785,3.49E7,4.43102385E8,1.329E8,NaN,5.883,21.167,1.0,4.5,5.0,1.0,0.0,1.0
ITW,Illinois Tool Works Inc,2019,44.9366327126319,31.3711648571273,39.9967033819422,72.873759422328,machinery,9.56310942578548,31.6059723726977,607985.0,6197115.6,3178604.992,NaN,10.3,-1.0,1.0,-1.0,11.0,1.0,0.0,0.0
ITW,Illinois Tool Works Inc,2013,44.0994002609481,26.1715367965367,51.3888363363931,58.5280179526104,machinery,7.80231221688865,30.8436887296329,571613.0,5146902.0,2723193.671,NaN,-1.0,-1.0,1.0,-1.0,12.0,1.0,0.0,1.0
J,Jacobs Engineering Group Inc,2017,60.7596998009777,62.3853395577919,52.8008018953891,69.44939681136,professional services,NaN,NaN,NaN,NaN,NaN,NaN,-1.0,-1.0,1.0,11.47,12.0,1.0,0.0,0.0
IEX,IDEX Corp,2019,59.9379757706475,59.0735938944672,57.1753488842619,64.5973448286584,machinery,2.46890684979381,15.4970636148339,44621.47,301511.03,120563.211,NaN,7.3,-1.0,1.0,-1.0,9.0,1.0,0.0,0.0
JBHT,J B Hunt Transport Services Inc,2014,42.6288333208894,21.6493802640773,36.3888888888888,75.9161047506646,road & rail,NaN,NaN,NaN,NaN,NaN,NaN,-1.0,-1.0,0.0,-1.0,11.0,1.0,0.0,0.0
J,Jacobs Engineering Group Inc,2021,85.0175468654222,92.7597067644817,86.9249991744134,71.5504776032403,professional services,1.5186999896686,4.1824110596844,72620.0,808707.6,295000.0,NaN,1.0,29.5,1.0,17.9,10.0,1.0,0.0,0.0
JBHT,J B Hunt Transport Services Inc,2013,31.8089423407024,25.2101200686106,30.4867448935245,41.446385748544,road & rail,274.494261104891,4.51040360199249,1410363.0,NaN,NaN,NaN,-1.0,-1.0,0.0,-1.0,11.0,1.0,0.0,0.0
J,Jacobs Engineering Group Inc,2013,67.0622885734469,69.7593207825766,71.8688084895943,56.6641271517517,professional services,0.59643617824657,0.635447265486535,12789.0,NaN,NaN,NaN,-1.0,-1.0,1.0,9.89,11.0,1.0,0.0,0.0
J,Jacobs Engineering Group Inc,2019,65.8053926061051,75.7670664867868,58.2757969794064,62.2331587032692,professional services,NaN,NaN,NaN,NaN,NaN,NaN,-1.0,-1.0,1.0,19.8,10.0,1.0,0.0,0.0
ITW,Illinois Tool Works Inc,2014,47.8261559158898,30.2985209235209,52.1077975415805,66.5637928139901,machinery,8.41995047753803,33.4705341351256,592122.0,5304841.2,2609373.963,NaN,-1.0,-1.0,1.0,-1.0,12.0,1.0,0.0,1.0
J,Jacobs Engineering Group Inc,2014,62.1297489735271,61.6682570464083,68.4100997859695,54.1229098854618,professional services,0.502029690709688,0.750520159305614,13645.0,NaN,NaN,NaN,1.65,-1.0,1.0,-1.0,10.0,1.0,0.0,0.0
JBHT,J B Hunt Transport Services Inc,2016,40.8035048908703,22.6776830135038,43.6305806800892,58.8792926177257,road & rail,NaN,NaN,NaN,NaN,NaN,NaN,-1.0,-1.0,0.0,-1.0,11.0,1.0,0.0,0.0
MAS,Masco Corp,2013,67.0518776733502,71.8205766875277,71.3450101237161,54.1266614493464,building products,26.8659434846659,38.4377929556716,487623.0,5584280.0,NaN,NaN,-1.0,-1.0,1.0,-1.0,9.0,1.0,0.0,0.0
LDOS,Leidos Holdings Inc,2012,73.3110453184641,66.4450454511306,75.9764468634732,73.0756383926841,professional services,NaN,NaN,44008.0,447874.0,257192.25,NaN,1.45,32.1,1.0,-1.0,13.0,1.0,0.0,0.0
LMT,Lockheed Martin Corp,2014,49.858867951707,53.8093920953961,58.2450993961389,35.5938142883274,aerospace & defense,5.28784282141495,20.8767326522827,1234497.0,1.1053072E7,6121011.0,NaN,6.4,26.0,1.0,8.59,12.0,1.0,1.0,0.0
JCI,Johnson Controls International PLC,2013,83.9776397949605,95.2047278443406,95.3991211465381,55.530303030303,building products,93.721997573797,151.654872624343,2427270.0,1.99123E7,6391130.0,NaN,-1.0,30.0,1.0,20.11,8.0,1.0,0.0,1.0
JCI,Johnson Controls International PLC,2012,90.3862538146967,95.6432469320011,95.8241010328917,76.9482401656314,building products,89.0621388652079,143.693189353036,2457198.0,2.0287155E7,6007261.0,NaN,-1.0,30.0,1.0,18.9,10.0,1.0,0.0,1.0
LDOS,Leidos Holdings Inc,2013,65.4069659873726,70.3506698187549,76.1422625615443,54.6795716768655,professional services,NaN,NaN,44008.0,486181.0,298431.0,NaN,4.5,31.4,1.0,-1.0,13.0,1.0,0.0,0.0
LHX,L3harris Technologies Inc,2014,34.1899441851101,23.0095068330362,22.5141353714924,58.2161390795352,aerospace & defense,NaN,NaN,NaN,NaN,NaN,NaN,-1.0,-1.0,1.0,-1.0,12.0,1.0,0.0,0.0
LHX,L3harris Technologies Inc,2021,65.8651946371148,56.1179981634527,69.5624158632204,68.0013499446352,aerospace & defense,3.37842145762339,14.0468286248214,317035.0,3945000.0,1753510.0,NaN,2.8,24.0,1.0,15.06,12.0,1.0,0.0,0.0
MAS,Masco Corp,2018,64.6708367527652,66.4302055750188,58.8314469938408,71.5320345728174,building products,NaN,NaN,31873.1,2960000.0,1068000.0,NaN,15.0,-1.0,1.0,-1.0,10.0,1.0,0.0,0.0
LUV,Southwest Airlines Co,2015,68.3865772498056,65.4232542819499,72.8713466518682,65.0436553391879,airlines,955.88427841978,2.75345337274926,1.7835455E7,2.513782584E8,314189.03,NaN,-1.0,-1.0,1.0,5.903,10.0,1.0,1.0,0.0
LHX,L3harris Technologies Inc,2018,48.8398071660469,28.1168831168831,53.4288428406844,57.8159253320363,aerospace & defense,NaN,NaN,NaN,NaN,NaN,NaN,-1.0,-1.0,1.0,-1.0,12.0,1.0,0.0,0.0
LMT,Lockheed Martin Corp,2017,82.8457281798773,91.1409550045913,80.7473756647365,79.606995251167,aerospace & defense,5.75880698638248,22.1492007104796,1131279.0,9126972.725,4334294.45,NaN,4.6,25.0,1.0,-1.0,12.0,1.0,0.0,0.0
LMT,Lockheed Martin Corp,2013,53.4910526153914,50.8169934640523,60.4224976675996,46.0560704778248,aerospace & defense,6.65668078883417,21.7446396696703,1320633.0,1.1738984E7,6853859.0,NaN,7.15,-1.0,1.0,-1.0,11.0,1.0,0.0,0.0
LDOS,Leidos Holdings Inc,2016,73.1598570909931,63.2889332889332,86.3478891030348,64.7647733323528,professional services,0.590790616854909,15.1346655082537,90500.0,671400.0,222313.0,NaN,2.5,35.8,1.0,31.8,8.0,1.0,0.0,0.0
LHX,L3harris Technologies Inc,2015,32.8721418234172,17.7120971238618,22.4460215913634,58.1226931398753,aerospace & defense,NaN,NaN,NaN,NaN,NaN,NaN,8.643,-1.0,1.0,-1.0,13.0,1.0,0.0,0.0
LMT,Lockheed Martin Corp,2021,71.8676072849266,84.1374269005848,72.1090874599576,62.5423997739577,aerospace & defense,5.10536347221293,11.0790309636862,968021.0,1.03629456E7,5148157.6,NaN,5.15,23.0,1.0,8.9,11.0,1.0,0.0,0.0
LDOS,Leidos Holdings Inc,2019,81.1469955449319,69.0423509294865,92.2754231555809,75.1955762648398,professional services,0.248770894788594,6.72969518190757,70971.0,755435.0,133333.496,NaN,1.502,34.819,1.0,-1.0,13.0,1.0,0.0,0.0
LHX,L3harris Technologies Inc,2020,48.6394412718005,42.7465605732651,56.9861288588421,41.6464883882926,aerospace & defense,8.37115405376228,29.2467882975278,348455.0,4527000.0,1883350.0,NaN,-1.0,24.0,1.0,-1.0,12.0,1.0,0.0,0.0
LMT,Lockheed Martin Corp,2019,79.3258678868602,87.8613053613054,76.1552519214991,77.3644931586457,aerospace & defense,5.83512810248199,14.9255804643715,1037205.0,1.203705E7,4996741.2,NaN,5.4,23.0,1.0,8.6,10.0,1.0,0.0,0.0
JCI,Johnson Controls International PLC,2021,77.0964199248039,95.0066101204838,91.9686719441012,36.1050168202427,building products,24.6161222386521,14.8423175157951,880594.0,8.0385684E7,3374000.0,NaN,2.0,24.0,1.0,23.0,13.0,1.0,0.0,1.0
LMT,Lockheed Martin Corp,2020,79.3121530030151,87.4826798832481,73.4760311583412,81.2316206802913,aerospace & defense,5.42729065138946,12.5201443398683,964890.0,1.01339856E7,4656054.3,NaN,5.55,22.6,1.0,9.8,12.0,1.0,0.0,0.0
LDOS,Leidos Holdings Inc,2021,81.4611464067475,72.4133080436215,91.2735225380307,75.7259518026357,professional services,2.01739679105823,7.99531278168379,111082.0,702234.0,119444.827,NaN,0.995,34.87,1.0,-1.0,13.0,1.0,0.0,0.0
LHX,L3harris Technologies Inc,2019,45.4612043728501,26.3280238280238,44.1027858006885,61.3336152813195,aerospace & defense,NaN,NaN,NaN,NaN,NaN,NaN,-1.0,-1.0,1.0,-1.0,13.0,1.0,0.0,0.0
LUV,Southwest Airlines Co,2014,66.114750795119,72.3461321287408,71.5074123989218,51.3210350780919,airlines,1014.54731905757,2.69393751059382,1.8004153E7,2.536744968E8,261193.29,NaN,-1.0,-1.0,1.0,5.6,10.0,1.0,0.0,0.0
MAS,Masco Corp,2020,67.2390049214671,66.4175569800569,68.6142358289361,66.1523588235988,building products,15.9302675082657,31.7102494740006,317000.0,3240000.0,1102000.0,NaN,8.5,-1.0,1.0,-1.0,11.0,1.0,0.0,0.0
LMT,Lockheed Martin Corp,2018,84.9706378165919,88.6178107606679,84.2441682256819,83.2808142141701,aerospace & defense,4.84561218016494,16.4344681750899,1006335.0,8649027.273,4387290.19,NaN,5.55,23.0,1.0,12.0,12.0,1.0,0.0,0.0
LDOS,Leidos Holdings Inc,2014,67.3208617848396,70.9877522248656,78.2839409293745,56.7803653894823,professional services,0.534441398217958,17.7494859492803,106705.0,446954.0,264657.0,NaN,2.0,31.7,1.0,-1.0,13.0,1.0,0.0,0.0
LUV,Southwest Airlines Co,2020,69.0910367222655,84.2756836659275,75.917825179048,42.3373754117521,airlines,898.140895309435,1.99674514000357,2.0188287E7,2.920300668E8,359613.95,NaN,-1.0,43.0,1.0,5.455,11.0,1.0,0.0,0.0
JCI,Johnson Controls International PLC,2020,85.1537293122656,95.0782650220624,91.8195445752001,64.5046620046619,building products,26.8015270360481,16.1140270360481,1028600.0,8.8672957E7,3776000.0,NaN,2.05,22.0,1.0,24.0,12.0,1.0,0.0,1.0
JCI,Johnson Controls International PLC,2016,86.1494802794552,95.8312845812845,92.796217860905,65.8167036215816,building products,86.9001211876389,150.182791355282,2347600.0,1.90756E7,5966010.0,NaN,-1.0,29.0,1.0,21.74,11.0,1.0,0.0,1.0
LMT,Lockheed Martin Corp,2016,74.4349122065868,86.7363829684404,64.4492823738106,78.9499096434354,aerospace & defense,NaN,NaN,956109.0,9391156.58,5674329.59,NaN,5.3,25.0,1.0,8.74,12.0,1.0,0.0,0.0
LUV,Southwest Airlines Co,2021,67.9817662921919,82.8453025553338,73.7729901338369,43.1059079692028,airlines,1366.50839964633,4.2367374005305,1.2402502E7,1.792054584E8,314189.03,NaN,-1.0,42.0,1.0,8.878,11.0,1.0,0.0,0.0
MAS,Masco Corp,2012,73.8276018145462,75.5455511493078,70.9192023781689,76.1507601296806,building products,NaN,NaN,531914.0,5584280.0,1453600.0,NaN,16.5,-1.0,1.0,-1.0,9.0,1.0,0.0,0.0
LHX,L3harris Technologies Inc,2013,25.6673319895981,22.2073677956031,22.3761777340345,32.6659815005138,aerospace & defense,NaN,NaN,NaN,NaN,NaN,NaN,-1.0,-1.0,1.0,-1.0,11.0,1.0,0.0,1.0
LUV,Southwest Airlines Co,2013,65.3532959361968,71.7216810966811,70.5260867845417,50.7325746218228,airlines,1066.97530430712,2.73776919475655,1.8279257E7,2.57657598E8,291476.724,NaN,-1.0,-1.0,1.0,47.86,10.0,1.0,0.0,0.0
MAS,Masco Corp,2015,32.1224521571457,11.3148479427549,29.3100303951368,63.5784650630011,building products,NaN,NaN,NaN,NaN,NaN,NaN,-1.0,-1.0,1.0,-1.0,10.0,1.0,0.0,0.0
JCI,Johnson Controls International PLC,2017,75.0805354959936,93.5570010489421,93.3136892005974,29.0030864197531,building products,39.6434227575947,81.6552286797524,2527500.0,1.38501E8,5966010.0,NaN,3.1,29.0,1.0,23.7,12.0,1.0,0.0,1.0
JCI,Johnson Controls International PLC,2015,82.2132094932742,95.3650834102282,92.1583223192819,53.3918128654971,building products,86.4872241579559,142.176635694928,2362555.0,1.9217822E7,6493057.0,NaN,-1.0,30.0,1.0,22.11,11.0,1.0,0.0,1.0
LDOS,Leidos Holdings Inc,2015,75.8495011704461,68.0902929146488,79.6760925277877,74.8821433116966,professional services,0.489223135369825,14.6663048534657,97738.0,391573.0,228741.0,NaN,2.5,32.9,1.0,-1.0,11.0,1.0,0.0,0.0
LDOS,Leidos Holdings Inc,2018,77.8289254443586,66.125738856255,88.7527825551155,71.9332266865267,professional services,0.241374414312083,11.2594065029107,81000.0,776745.0,65604.9,NaN,1.0,-1.0,1.0,-1.0,12.0,1.0,0.0,0.0
LMT,Lockheed Martin Corp,2012,63.5672942300153,45.7219251336898,67.8233969570066,70.8845145373994,aerospace & defense,NaN,NaN,1374988.0,NaN,6899705.0,NaN,7.0,-1.0,0.0,-1.0,11.0,1.0,0.0,0.0
MAS,Masco Corp,2017,61.6329276857041,48.114245951417,61.8716389992986,78.8332328823126,building products,NaN,NaN,28068.1,2680000.0,913000.0,NaN,17.0,-1.0,0.0,-1.0,11.0,1.0,0.0,0.0
LDOS,Leidos Holdings Inc,2017,84.0280211704455,64.1389367122431,89.0087103029695,85.7058197548995,professional services,0.33955857385399,9.25297113752122,45200.0,365559.0,78392.1,NaN,1.25,35.0,1.0,27.0,10.0,1.0,0.0,0.0
LMT,Lockheed Martin Corp,2015,75.0468085972697,83.2483250889323,66.2385045981607,80.9725085910653,aerospace & defense,NaN,NaN,888800.0,9761483.0,6056659.0,NaN,5.9,25.0,1.0,9.98,12.0,1.0,0.0,0.0
JCI,Johnson Controls International PLC,2019,89.0887670625626,96.3365159010891,91.511638484058,77.2148148148148,building products,26.9979487179487,17.1989316239316,1034207.0,8.9046267E7,4103000.0,NaN,2.5,22.0,1.0,23.3,12.0,1.0,0.0,1.0
MAS,Masco Corp,2019,56.2584044005444,62.7165812410399,44.3236761262583,66.5605154709485,building products,NaN,NaN,30262.32,3020000.0,1047000.0,NaN,12.5,-1.0,1.0,-1.0,11.0,1.0,0.0,0.0
LHX,L3harris Technologies Inc,2016,47.176926921179,26.6861195688946,45.9164439368584,63.9121736916002,aerospace & defense,NaN,NaN,NaN,1267200.0,NaN,NaN,4.193,-1.0,1.0,-1.0,12.0,1.0,0.0,0.0
JCI,Johnson Controls International PLC,2014,79.7007036623857,96.4740707323569,94.8280302263068,39.7390572390572,building products,87.9310001988467,146.799562537284,2360920.0,2.11517E7,6510640.0,NaN,-1.0,30.0,1.0,21.34,9.0,1.0,0.0,1.0
LUV,Southwest Airlines Co,2012,70.9423029148216,69.8783043197936,78.7685117119079,60.5907828625308,airlines,1112.38561757568,2.67141397368757,1.7459563E7,2.46128288E8,299047.548,NaN,-1.0,-1.0,1.0,-1.0,10.0,1.0,0.0,0.0
MAS,Masco Corp,2014,66.8152100926625,70.809484102167,68.1371227186335,59.5516574329522,building products,11.56490993996,39.6749833222148,384043.0,NaN,NaN,NaN,-1.0,-1.0,1.0,-1.0,10.0,1.0,0.0,0.0
LDOS,Leidos Holdings Inc,2020,78.4173916992174,71.3811549586653,91.3117050009257,69.4248262671342,professional services,0.247890916225231,5.71610751422405,60797.0,712505.0,118771.024,NaN,1.005,34.453,1.0,-1.0,13.0,1.0,0.0,0.0
JCI,Johnson Controls International PLC,2018,76.7752284619689,94.9971615533073,91.3976211798339,35.7373271889401,building products,29.8997591416685,17.5363258156339,1083203.0,8.7157348E7,3681000.0,NaN,2.8,21.688,1.0,21.2,10.0,1.0,0.0,1.0
LHX,L3harris Technologies Inc,2017,50.8468424607719,28.3815426997245,54.4797952652024,62.3967262617569,aerospace & defense,NaN,NaN,NaN,972000.0,NaN,NaN,3.333,-1.0,1.0,-1.0,12.0,1.0,0.0,0.0
LUV,Southwest Airlines Co,2016,63.2796118608385,75.8076043453401,68.8780665161314,41.2566507742611,airlines,945.05862764884,2.46266397578204,1.8779872E7,2.652773796E8,302832.8,NaN,-1.0,-1.0,1.0,6.395,10.0,1.0,1.0,0.0
LUV,Southwest Airlines Co,2017,65.3027320080489,76.3760556383507,68.1488872762457,48.9319029809827,airlines,969.225787372468,2.62526492187885,1.9717886E7,2.785177152E8,314189.03,NaN,-1.0,43.0,1.0,6.311,11.0,1.0,0.0,0.0
MAS,Masco Corp,2021,68.5429688600025,69.3257592721358,73.5792665967962,59.6351415365858,building products,11.6296406739228,25.9430445802892,252000.0,2800000.0,1180000.0,NaN,8.5,36.0,1.0,36.182,11.0,1.0,0.0,0.0
MAS,Masco Corp,2016,44.0506511855055,41.8785848693011,37.6347022761503,56.9259906878946,building products,NaN,NaN,NaN,NaN,NaN,NaN,-1.0,-1.0,0.0,-1.0,11.0,1.0,0.0,0.0
LUV,Southwest Airlines Co,2019,69.461284145329,85.1940457203614,74.5921772003936,44.6014316372816,airlines,924.858274527658,2.13849305713635,2.0361484E7,2.920628088E8,374755.59,NaN,-1.0,43.0,1.0,6.337,11.0,1.0,0.0,0.0
LHX,L3harris Technologies Inc,2012,37.2646387864976,20.102090422946,27.2848755234748,63.3786311207553,aerospace & defense,NaN,NaN,NaN,NaN,NaN,NaN,-1.0,-1.0,1.0,-1.0,11.0,1.0,0.0,1.0
LUV,Southwest Airlines Co,2018,64.2112661501399,84.1618652455771,60.906889449907,47.1303839538353,airlines,952.847347015984,2.44178568050695,2.0200544E7,2.851308396E8,321759.85,NaN,-1.0,42.0,1.0,5.963,11.0,1.0,0.0,0.0
NDSN,Nordson Corp,2021,58.7998378549818,42.2088009032728,77.0775512208384,54.7449691173541,machinery,NaN,NaN,NaN,NaN,NaN,NaN,10.5,26.0,1.0,7.4,10.0,1.0,0.0,0.0
NOC,Northrop Grumman Corp,2015,65.4618198829586,65.1005412864995,71.4364254298281,57.6278477790505,aerospace & defense,5.90746522849844,19.2588702810105,620627.0,NaN,NaN,NaN,4.95,26.91,1.0,-1.0,11.0,1.0,0.0,0.0
NLSN,Nielsen Holdings PLC,2015,25.0409254417626,16.0561497326203,41.0330876462105,6.97950377562028,professional services,NaN,NaN,NaN,NaN,NaN,NaN,-1.0,-1.0,-1.0,-1.0,NaN,NaN,NaN,NaN
ODFL,Old Dominion Freight Line Inc,2019,40.263690518753,26.0925224466891,46.5720170350491,49.0682677340449,road & rail,NaN,NaN,NaN,NaN,NaN,NaN,-1.0,-1.0,1.0,-1.0,10.0,1.0,0.0,0.0
MMM,3M Co,2017,88.2065079133344,86.3755576748997,94.7496786489961,80.2410736766565,industrial conglomerates,137.500415158258,61.1112956258926,5980000.0,3.059674E7,4.59E7,NaN,-1.0,34.8,1.0,15.065,12.0,1.0,0.0,1.0
MMM,3M Co,2013,85.7168160612159,85.7584776334776,89.9766729981913,78.7216119633781,industrial conglomerates,146.134296415195,75.2407704654896,6620000.0,2.76660697E7,4.34E7,9959000.0,-1.0,33.7,1.0,7.09,10.0,1.0,0.0,0.0
NDSN,Nordson Corp,2017,30.9857165742246,30.972893801008,35.5448335154456,25.023595023595,machinery,NaN,NaN,NaN,NaN,NaN,NaN,-1.0,-1.0,1.0,-1.0,9.0,1.0,0.0,1.0
NSC,Norfolk Southern Corp,2016,63.6647381856273,78.7428926794598,57.2328320872186,53.9324307209595,road & rail,461.007398485891,22.9538024776325,5625565.0,5.88569508E7,NaN,NaN,-1.0,7.27,0.0,8.84,13.0,1.0,0.0,0.0
NLSN,Nielsen Holdings PLC,2021,58.9526368606283,57.3564122738001,76.4795534474773,36.4076048835531,professional services,NaN,NaN,NaN,NaN,NaN,NaN,-1.0,-1.0,-1.0,-1.0,NaN,NaN,NaN,NaN
NSC,Norfolk Southern Corp,2015,62.1291004705464,77.3986519972247,53.3541621776915,55.2130584192439,road & rail,452.4957759004,23.1918185860382,5349107.0,7.466664446E7,NaN,NaN,-1.0,7.1,0.0,6.65,12.0,1.0,0.0,0.0
NLSN,Nielsen Holdings PLC,2018,63.8459812725691,54.8014240506329,72.2368539882763,55.8128512708665,professional services,NaN,NaN,NaN,NaN,NaN,NaN,-1.0,-1.0,-1.0,-1.0,NaN,NaN,NaN,NaN
NSC,Norfolk Southern Corp,2021,64.076618033912,71.388578407021,53.7683688441484,68.7029895328738,road & rail,431.949539660057,17.8359038597734,5080776.37,6.9869264364E7,NaN,NaN,-1.0,7.48,0.0,13.438,12.0,1.0,0.0,0.0
NDSN,Nordson Corp,2012,44.4028836609898,23.6977297477114,50.5719442291849,61.1607445008461,machinery,NaN,NaN,NaN,NaN,NaN,NaN,-1.0,-1.0,-1.0,-1.0,NaN,NaN,NaN,NaN
MMM,3M Co,2016,86.3103885761715,83.3760997067448,94.8257327950161,76.7529241617675,industrial conglomerates,124.529299068508,61.4388584263725,5630000.0,2.9647186E7,4.22E7,1.0972E7,-1.0,33.9,1.0,11.885,11.0,1.0,0.0,1.0
ODFL,Old Dominion Freight Line Inc,2020,37.7082070606484,24.7644874065328,41.7793800289115,47.9481457868452,road & rail,NaN,NaN,NaN,NaN,NaN,NaN,-1.0,-1.0,1.0,-1.0,10.0,1.0,0.0,0.0
NOC,Northrop Grumman Corp,2012,64.9969483496214,52.2830803579466,61.2018350554515,79.4649384533912,aerospace & defense,NaN,NaN,1261649.69,NaN,NaN,NaN,5.7,24.19,1.0,-1.0,11.0,1.0,0.0,0.0
NSC,Norfolk Southern Corp,2012,67.4313547575222,69.7149378399378,64.43498201522,68.5863396236163,road & rail,NaN,NaN,5228849.0,6.830494E7,NaN,NaN,4.45,7.04,0.0,-1.0,12.0,1.0,0.0,0.0
NOC,Northrop Grumman Corp,2021,78.4368495783496,82.23805036006,89.5972705859357,60.5207316392566,aerospace & defense,4.28973730090718,10.0407789367926,484959.0,6399436.572,3220129.948,NaN,4.5,26.2,1.0,-1.0,12.0,1.0,0.0,0.0
NDSN,Nordson Corp,2019,39.4234814486335,35.2086794407398,40.2608453912455,43.3833666889037,machinery,NaN,NaN,NaN,NaN,NaN,NaN,-1.0,-1.0,1.0,-1.0,9.0,1.0,0.0,1.0
NSC,Norfolk Southern Corp,2020,66.4727526161616,71.933519447724,52.836006073849,77.6476029232931,road & rail,438.154630651074,17.1193925641473,5216529.758,7.083984E7,NaN,NaN,-1.0,7.069,0.0,13.779,12.0,1.0,0.0,0.0
NSC,Norfolk Southern Corp,2013,64.1992036798168,67.3270440251572,62.0128929450963,63.2879992205449,road & rail,459.003311851056,24.8001253132832,5405052.0,1.35741264E8,3142029.7,NaN,3.75,6.91,0.0,7.7,12.0,1.0,0.0,0.0
NOC,Northrop Grumman Corp,2019,76.3062078213567,86.1661486661487,80.9270584198491,62.8117648349977,aerospace & defense,5.42035840639902,14.2334640824489,511078.0,6374743.2,3331622.389,NaN,4.55,26.6,1.0,-1.0,13.0,1.0,0.0,0.0
MMM,3M Co,2020,88.4846285653898,87.7743614052053,95.2398686202331,78.5303240888322,industrial conglomerates,126.026885735624,55.3895942245457,5830000.0,3.0702246E7,4.19E7,NaN,-1.0,36.2,1.0,13.1,12.0,1.0,0.0,1.0
NOC,Northrop Grumman Corp,2016,74.7335489375803,77.1778792711807,76.1156978911386,71.0674603336724,aerospace & defense,5.92710288168814,19.3076024855082,605103.0,NaN,3580997.86,NaN,4.3,27.08,1.0,-1.0,11.0,1.0,0.0,0.0
MMM,3M Co,2014,87.8919704594782,85.7584776334776,90.8964244404452,86.130509846372,industrial conglomerates,181.076090829581,76.447151047909,7950000.0,2.8646024E7,4.33E7,1.01755E7,-1.0,33.7,1.0,8.45,12.0,1.0,0.0,0.0
NOC,Northrop Grumman Corp,2020,79.422973800341,85.3442091368228,88.8865225247526,62.252368504941,aerospace & defense,4.45771722877554,12.1466688818741,499709.0,6273032.4,3406410.087,NaN,4.25,26.5,1.0,-1.0,13.0,1.0,0.0,0.0
NSC,Norfolk Southern Corp,2019,68.5016956862226,72.7676066217733,57.8678437154911,77.2066101255125,road & rail,469.903326698891,21.6864752156194,5186764.0,6.895558E7,NaN,NaN,-1.0,7.42,0.0,10.829,12.0,1.0,0.0,0.0
NLSN,Nielsen Holdings PLC,2017,54.365425543651,54.6457489878542,67.6578282795308,36.7703207933414,professional services,NaN,NaN,NaN,NaN,NaN,NaN,-1.0,-1.0,-1.0,-1.0,NaN,NaN,NaN,NaN
NLSN,Nielsen Holdings PLC,2013,29.5030402886893,11.8929163705283,43.8251464197997,16.5156418554476,professional services,NaN,NaN,NaN,NaN,NaN,NaN,-1.0,-1.0,-1.0,-1.0,NaN,NaN,NaN,NaN
ODFL,Old Dominion Freight Line Inc,2021,35.7482954883402,22.1458091847436,40.1033998709603,46.4096433552501,road & rail,277.462069089187,6.62369752005477,1140641.0,1.6192686E7,NaN,NaN,16.5,-1.0,1.0,18.21,11.0,1.0,0.0,0.0
NDSN,Nordson Corp,2016,30.0569707418285,29.2814105314105,36.6133297399507,22.3915278634587,machinery,NaN,NaN,NaN,NaN,NaN,NaN,-1.0,-1.0,1.0,-1.0,9.0,1.0,0.0,1.0
NOC,Northrop Grumman Corp,2013,68.1900215529331,52.7820218996689,69.2543495422343,78.0464655798297,aerospace & defense,6.43719521429653,20.4056413751325,708973.0,NaN,NaN,NaN,4.7,28.0,1.0,-1.0,12.0,1.0,0.0,0.0
NDSN,Nordson Corp,2018,39.9558253624199,32.0803931173839,44.6218791662386,43.2886290692343,machinery,NaN,NaN,NaN,NaN,NaN,NaN,-1.0,-1.0,1.0,-1.0,9.0,1.0,0.0,1.0
NLSN,Nielsen Holdings PLC,2019,63.7727532028037,51.3477938450129,75.5796258376767,52.368690686151,professional services,NaN,NaN,NaN,NaN,NaN,NaN,-1.0,-1.0,-1.0,-1.0,NaN,NaN,NaN,NaN
MMM,3M Co,2019,86.4920225426711,88.0226394965699,96.7237434067638,67.5921498259578,industrial conglomerates,146.192583549519,56.7678925682893,6650000.0,3.1546294E7,4.58E7,NaN,-1.0,35.4,1.0,13.67,13.0,1.0,0.0,1.0
NDSN,Nordson Corp,2020,35.8719512534857,35.1112553149474,35.3850041502664,37.4232281372861,machinery,NaN,NaN,NaN,NaN,NaN,NaN,-1.0,-1.0,1.0,7.9,9.0,1.0,0.0,1.0
NDSN,Nordson Corp,2014,44.7521230819369,22.0254950082281,57.7902636408938,54.9296258153107,machinery,NaN,NaN,NaN,NaN,NaN,NaN,-1.0,-1.0,1.0,-1.0,10.0,1.0,0.0,1.0
NOC,Northrop Grumman Corp,2017,80.1313924584895,80.1905417814508,88.4893682864658,68.7583157215059,aerospace & defense,6.02380345150047,18.459831675593,576002.0,3984130.0,3335240.0,NaN,5.4,27.0,1.0,-1.0,12.0,1.0,0.0,0.0
NSC,Norfolk Southern Corp,2017,70.2970528680552,77.9864371413667,53.474662988833,82.9388985830703,road & rail,501.04585672153,23.8346494148987,5517019.0,7.298438E7,NaN,NaN,-1.0,7.203,0.0,8.346,12.0,1.0,0.0,0.0
NSC,Norfolk Southern Corp,2014,62.3581254547027,64.1086468792526,52.8689167974882,72.5934709996216,road & rail,446.126630434783,22.9034420289855,5178092.0,7.2939409E7,3623619.7,NaN,4.05,6.9,0.0,6.93,13.0,1.0,0.0,0.0
MMM,3M Co,2021,91.7147191862517,88.0291889483065,95.5518246966504,90.8742084544225,industrial conglomerates,111.856823266219,52.199850857569,5280000.0,2.9052E7,4.47E7,NaN,-1.0,36.7,1.0,10.4,11.0,1.0,0.0,0.0
MMM,3M Co,2015,89.7872848153379,84.6807650235069,94.7634322077009,89.1767850324551,industrial conglomerates,137.959209327174,70.3937651236605,6630000.0,2.902366E7,4.25E7,1.09908E7,-1.0,33.9,1.0,11.99,10.0,1.0,0.0,1.0
ODFL,Old Dominion Freight Line Inc,2018,30.3109449957796,13.4814962020844,28.5339564649909,52.8163686382393,road & rail,NaN,NaN,NaN,NaN,NaN,NaN,-1.0,-1.0,0.0,-1.0,9.0,1.0,0.0,0.0
NLSN,Nielsen Holdings PLC,2020,69.8302315293667,59.9367461017946,76.9082091476902,63.8087228077646,professional services,NaN,NaN,NaN,NaN,NaN,NaN,-1.0,-1.0,-1.0,-1.0,NaN,NaN,NaN,NaN
NOC,Northrop Grumman Corp,2014,66.4730084078071,46.2039256664003,72.9806154461292,72.5155795440023,aerospace & defense,6.00279165675311,19.331727337616,638885.9,NaN,NaN,NaN,4.85,27.83,1.0,-1.0,12.0,1.0,0.0,0.0
NOC,Northrop Grumman Corp,2018,80.8830346418245,82.6716141001856,86.2342909386857,72.3174845032817,aerospace & defense,5.27932486035781,16.3054318788958,533273.0,3912830.0,3356030.0,NaN,4.5,26.9,1.0,-1.0,14.0,1.0,0.0,0.0
NLSN,Nielsen Holdings PLC,2016,58.5062127637597,58.9945205479452,69.9520749138151,43.2730583381251,professional services,NaN,NaN,NaN,NaN,NaN,NaN,-1.0,-1.0,-1.0,-1.0,NaN,NaN,NaN,NaN
MMM,3M Co,2012,86.2780334714382,85.7340647857889,88.037542662116,84.2117642500097,industrial conglomerates,137.111208672453,68.5556043362264,6090000.0,2.6643748E7,4.113E7,NaN,-1.0,33.63,1.0,8.25,10.0,1.0,0.0,0.0
MMM,3M Co,2018,87.4813403939884,86.1106620975041,97.3941318247048,73.3558469554996,industrial conglomerates,125.090817196828,59.3865495782923,5840000.0,3.1229776E7,4.6E7,NaN,-1.0,34.7,1.0,13.527,12.0,1.0,0.0,1.0
NDSN,Nordson Corp,2015,32.0365230266174,24.9274654700151,50.0693146556002,16.9243986254295,machinery,NaN,NaN,NaN,NaN,NaN,NaN,-1.0,-1.0,1.0,-1.0,9.0,1.0,0.0,1.0
NDSN,Nordson Corp,2013,45.1650028142783,19.2108538850906,62.0650766948252,54.1521068859198,machinery,NaN,NaN,NaN,NaN,NaN,NaN,-1.0,-1.0,1.0,-1.0,9.0,1.0,0.0,1.0
NLSN,Nielsen Holdings PLC,2014,26.1587137510747,14.7772675086107,33.4308406907066,20.3775620280474,professional services,NaN,NaN,NaN,NaN,NaN,NaN,-1.0,-1.0,-1.0,-1.0,NaN,NaN,NaN,NaN
NSC,Norfolk Southern Corp,2018,72.0058374209634,80.4131337219572,56.690244621279,81.8273524993603,road & rail,498.284587378641,23.7080299352751,5161463.0,6.916416E7,NaN,NaN,-1.0,8.444,0.0,10.276,13.0,1.0,1.0,0.0
PWR,Quanta Services Inc,2013,25.7735798249596,8.79143595422665,28.9717800995996,45.1421719767043,construction & engineering,NaN,NaN,NaN,NaN,NaN,NaN,11.98,-1.0,0.0,-1.0,11.0,1.0,0.0,0.0
OTIS,Otis Worldwide Corp,2021,61.8168007085281,42.94599350849,58.9084156098522,88.2749853668374,machinery,10.4891815616181,5.89526497334588,209000.0,2490120.0,181699.68,3785.41,2.71,-1.0,1.0,-1.0,9.0,1.0,0.0,0.0
PWR,Quanta Services Inc,2019,31.1404668283016,19.0664710768632,23.2899334262668,58.8603513453413,construction & engineering,NaN,NaN,NaN,NaN,NaN,NaN,-1.0,-1.0,0.0,-1.0,9.0,1.0,0.0,0.0
PCAR,Paccar Inc,2021,67.4994959010421,83.9081760397258,54.0788709601842,65.4050102126353,machinery,4.69571909045809,6.45667722668625,285498.0,3426595.2,NaN,NaN,10.27,-1.0,1.0,-1.0,11.0,1.0,0.0,0.0
PCAR,Paccar Inc,2020,65.5731713639031,78.0677053294875,55.7860740857067,63.4117025921707,machinery,4.76470588235294,6.82941176470588,272411.91,3205308.126,NaN,NaN,11.085,-1.0,1.0,-1.0,11.0,1.0,0.0,0.0
RHI,Robert Half International Inc,2012,21.5396522659308,3.55805243445692,25.8869341102644,28.5719120135363,professional services,NaN,NaN,NaN,NaN,NaN,NaN,-1.0,-1.0,0.0,-1.0,6.0,1.0,0.0,0.0
PWR,Quanta Services Inc,2018,30.4173014550175,18.4964726631393,24.3611581484044,55.4504814305364,construction & engineering,NaN,NaN,NaN,NaN,NaN,NaN,-1.0,-1.0,0.0,-1.0,10.0,1.0,0.0,0.0
RHI,Robert Half International Inc,2016,38.2566819296881,32.1792729687466,29.6050742910346,53.5657001850709,professional services,NaN,NaN,NaN,NaN,NaN,NaN,-1.0,-1.0,0.0,-1.0,6.0,1.0,0.0,0.0
PWR,Quanta Services Inc,2014,31.1805444060306,10.3436246293389,29.8889059442035,62.1318228630278,construction & engineering,NaN,NaN,NaN,NaN,NaN,NaN,12.09,-1.0,0.0,-1.0,12.0,1.0,0.0,0.0
PNR,Pentair PLC,2021,56.5585871422451,68.231651506914,57.3272752025049,41.5430744478572,machinery,15.6229703757704,21.7184704089072,112689.0,905571.5004,613000.0,NaN,9.8,31.0,1.0,-1.0,8.0,1.0,0.0,0.0
PNR,Pentair PLC,2013,44.0358941080092,52.3343574739702,54.1118782026428,20.8670033670033,machinery,NaN,NaN,NaN,NaN,NaN,NaN,-1.0,-1.0,1.0,-1.0,11.0,1.0,0.0,0.0
RHI,Robert Half International Inc,2021,73.1862852771431,62.4477167292772,79.0905650939771,73.1589257169171,professional services,0.115504012526913,2.08894108436093,11262.51,NaN,NaN,NaN,-1.0,54.0,1.0,-1.0,8.0,1.0,0.0,0.0
RHI,Robert Half International Inc,2017,43.1854621850475,26.785507677559,31.3646748054543,69.7697697697698,professional services,NaN,NaN,NaN,NaN,NaN,NaN,-1.0,-1.0,0.0,-1.0,7.0,1.0,0.0,0.0
PNR,Pentair PLC,2012,47.3749777869397,53.7039670922091,54.5881034892627,30.3229813664596,machinery,NaN,NaN,NaN,NaN,NaN,NaN,-1.0,-1.0,1.0,-1.0,10.0,1.0,0.0,0.0
PH,Parker-Hannifin Corp,2015,58.0189827939271,60.6094586492261,57.8459097415058,55.1373297696321,machinery,NaN,NaN,672223.0,5101765.2,NaN,NaN,7.95,-1.0,1.0,-1.0,12.0,1.0,0.0,0.0
RHI,Robert Half International Inc,2020,72.0233554774518,57.0313915475205,77.1060163102015,76.0232191643349,professional services,0.288894500753321,2.79238783148778,18717.04,NaN,NaN,NaN,-1.0,56.0,1.0,-1.0,8.0,1.0,0.0,0.0
PNR,Pentair PLC,2016,40.4006543153913,45.2102514602514,49.8842256809046,22.1951219512195,machinery,42.8468070357855,36.7468157005459,367436.0,1752084.0,792682.676,NaN,-1.0,-1.0,1.0,-1.0,11.0,1.0,0.0,0.0
PNR,Pentair PLC,2020,53.5089296951708,64.8403114287737,57.2237018702974,35.0407925407925,machinery,17.3900987420533,22.5399026105776,118081.0,833812.4916,592000.0,NaN,11.35,30.0,1.0,-1.0,9.0,1.0,0.0,0.0
PH,Parker-Hannifin Corp,2021,59.2917194688764,69.3232758708458,61.2819227603789,44.6444741376544,machinery,NaN,NaN,617700.0,5324005.0,NaN,NaN,2.0,-1.0,1.0,-1.0,11.0,1.0,0.0,0.0
PH,Parker-Hannifin Corp,2018,60.3301378761028,69.9242653615411,60.9900188089856,47.9520076704638,machinery,NaN,NaN,576031.0,4467769.2,NaN,NaN,4.25,-1.0,1.0,-1.0,13.0,1.0,0.0,0.0
PNR,Pentair PLC,2019,50.8789856272841,59.2607517227199,58.5785164308026,30.7259259259259,machinery,6.21125763043405,26.231493035648,96196.0,882015.4296,557000.0,NaN,10.5,30.0,1.0,-1.0,8.0,1.0,0.0,0.0
PH,Parker-Hannifin Corp,2016,52.0111302851322,67.5713763213763,59.4955714420636,23.5259010803294,machinery,NaN,NaN,619102.0,4758814.8,NaN,NaN,7.15,-1.0,1.0,-1.0,14.0,1.0,0.0,0.0
PCAR,Paccar Inc,2016,48.9770077234562,61.5033519439872,52.8590010286711,28.8556701030928,machinery,4.87037426962152,8.71048270779597,257995.54,2932589.518,NaN,NaN,11.0,-1.0,1.0,-1.0,11.0,1.0,0.0,0.0
PH,Parker-Hannifin Corp,2014,48.0175543068679,59.7577136331902,50.3590520022056,30.8593994702829,machinery,6.0503066142254,45.2670865901683,667932.0,4919936.0,NaN,NaN,8.85,-1.0,1.0,-1.0,11.0,1.0,0.0,0.0
PCAR,Paccar Inc,2013,47.0978781814011,61.3708820415209,42.1091898061248,36.5109983079526,machinery,5.80980850127177,9.65177863920955,252877.35,NaN,NaN,NaN,21.0,-1.0,0.0,-1.0,11.0,1.0,0.0,0.0
PCAR,Paccar Inc,2019,63.4672592415102,78.8946614770684,48.2548460801932,64.8995404814558,machinery,5.14130311876812,8.03912851298287,256443.75,2910375.623,NaN,NaN,9.62,-1.0,1.0,-1.0,11.0,1.0,0.0,0.0
PWR,Quanta Services Inc,2016,34.5240966830964,17.5912564801453,22.8411716924936,74.3265473987251,construction & engineering,NaN,NaN,NaN,NaN,NaN,NaN,-1.0,-1.0,0.0,-1.0,10.0,1.0,0.0,0.0
PH,Parker-Hannifin Corp,2012,49.2089836758716,63.4636280921358,46.3289623055145,35.8794383952674,machinery,7.06082276907176,48.3004437921345,683483.0,5200080.0,NaN,NaN,10.0,-1.0,0.0,-1.0,12.0,1.0,0.0,0.0
RHI,Robert Half International Inc,2014,31.9558025835644,25.6655684154205,28.5797230827858,40.6728458633711,professional services,NaN,NaN,NaN,NaN,NaN,NaN,-1.0,-1.0,0.0,-1.0,6.0,1.0,0.0,0.0
PNR,Pentair PLC,2018,45.2956653251608,58.2232992860587,61.0615918381963,9.1116231438812,machinery,69.5076782513968,58.3308149137295,363790.0,856036.8,533621.658,NaN,7.0,25.3,1.0,-1.0,12.0,1.0,0.0,0.0
PCAR,Paccar Inc,2012,31.1435685434924,41.9378980891719,41.2793994786004,4.90117252931323,machinery,NaN,NaN,NaN,NaN,NaN,NaN,-1.0,-1.0,0.0,-1.0,12.0,1.0,0.0,0.0
RHI,Robert Half International Inc,2015,31.4860211187505,25.9559884559884,25.4138357083164,43.1159475626829,professional services,NaN,NaN,NaN,NaN,NaN,NaN,-1.0,-1.0,0.0,-1.0,6.0,1.0,0.0,0.0
PNR,Pentair PLC,2015,36.9757332992262,39.1066145755399,45.3637509453821,23.4210526315789,machinery,NaN,NaN,NaN,NaN,NaN,NaN,-1.0,-1.0,1.0,-1.0,11.0,1.0,0.0,0.0
PWR,Quanta Services Inc,2015,34.0993379357471,9.93337001039183,27.7020715708291,76.7457044673539,construction & engineering,NaN,NaN,NaN,NaN,NaN,NaN,9.05,-1.0,0.0,-1.0,10.0,1.0,0.0,0.0
PWR,Quanta Services Inc,2021,39.3824147962667,11.0407042971053,46.3470913753121,69.4650328750747,construction & engineering,54.1810361873731,0.778474314186751,665678.0,9636900.0,83888.471,NaN,-1.0,8.0,1.0,-1.0,10.0,1.0,0.0,0.0
PWR,Quanta Services Inc,2012,24.7626317948109,2.53968253968254,31.5122432297544,46.575296108291,construction & engineering,NaN,NaN,NaN,NaN,NaN,NaN,12.79,-1.0,0.0,-1.0,11.0,1.0,0.0,0.0
PCAR,Paccar Inc,2018,60.3145942260837,76.6628610535472,47.9312250654333,56.9326469326469,machinery,5.48907702152892,9.6756864656048,258300.0,2772130.0,NaN,NaN,9.945,-1.0,1.0,-1.0,11.0,1.0,0.0,0.0
RHI,Robert Half International Inc,2019,70.5040973436798,54.1804802089612,79.563983106812,70.3541086406475,professional services,NaN,NaN,NaN,NaN,NaN,NaN,-1.0,58.0,1.0,-1.0,6.0,1.0,0.0,0.0
PWR,Quanta Services Inc,2017,32.2473360962524,16.9970380496696,23.5558312655086,65.5727155727156,construction & engineering,NaN,NaN,NaN,NaN,NaN,NaN,-1.0,-1.0,0.0,-1.0,10.0,1.0,0.0,0.0
RHI,Robert Half International Inc,2018,53.6438648069062,39.4273456732898,46.1391932376579,73.1847307611441,professional services,NaN,NaN,NaN,NaN,NaN,NaN,-1.0,-1.0,0.0,-1.0,6.0,1.0,0.0,0.0
PWR,Quanta Services Inc,2020,41.2867823698301,11.7988498190972,49.3272783808688,71.4918712145362,construction & engineering,NaN,NaN,NaN,NaN,NaN,NaN,-1.0,-1.0,1.0,-1.0,9.0,1.0,0.0,0.0
PNR,Pentair PLC,2017,49.6784027963094,56.2440837106966,66.0721546006657,20.3055555555555,machinery,68.7423577645113,59.6353305042077,356967.0,1870074.0,859664.639,NaN,6.0,24.7,1.0,-1.0,12.0,1.0,0.0,0.0
PH,Parker-Hannifin Corp,2019,56.8774316813929,69.3904013017372,53.6500387311982,46.0933388939015,machinery,NaN,NaN,566280.0,4364413.2,NaN,NaN,3.65,-1.0,1.0,-1.0,12.0,1.0,0.0,0.0
PCAR,Paccar Inc,2017,54.9409849958047,74.8289360789361,46.3414412992808,42.350400987045,machinery,4.78722580577659,9.01125288384575,263759.0,2847890.0,NaN,NaN,9.945,-1.0,1.0,-1.0,11.0,1.0,0.0,0.0
PNR,Pentair PLC,2014,45.6428488082507,54.2315619120257,50.9135440980945,28.4259259259259,machinery,NaN,NaN,NaN,NaN,NaN,NaN,-1.0,-1.0,1.0,-1.0,11.0,1.0,0.0,0.0
RHI,Robert Half International Inc,2013,35.5481179516574,23.9947089947089,33.6120401337792,46.1093814332544,professional services,NaN,NaN,NaN,NaN,NaN,NaN,-1.0,-1.0,0.0,-1.0,6.0,1.0,0.0,0.0
PH,Parker-Hannifin Corp,2017,59.9842992005976,69.8199849054673,61.6360252077351,46.0158800342849,machinery,NaN,NaN,603043.0,4680133.2,NaN,NaN,5.15,-1.0,1.0,-1.0,13.0,1.0,0.0,0.0
PCAR,Paccar Inc,2014,47.6367171799567,58.0303343687558,35.7622459027696,50.7331277834875,machinery,5.51978123808686,9.63622826310079,258417.54,NaN,NaN,NaN,15.0,-1.0,0.0,-1.0,11.0,1.0,0.0,0.0
PCAR,Paccar Inc,2015,45.2747506973668,58.521564968714,40.1873302888701,36.0487469962238,machinery,5.86774372510775,9.59329120872703,264751.67,3073745.817,NaN,NaN,13.5,-1.0,0.0,-1.0,11.0,1.0,0.0,0.0
PH,Parker-Hannifin Corp,2020,61.2241524374894,68.4024841224147,62.2468462995689,51.2692891297417,machinery,NaN,NaN,558058.0,4649832.0,NaN,NaN,2.8,-1.0,1.0,-1.0,11.0,1.0,0.0,0.0
PH,Parker-Hannifin Corp,2013,47.3287652565532,57.6957086376297,44.3657831172133,38.7732320041738,machinery,6.9844367181903,46.0803037165385,697586.0,5489745.0,NaN,NaN,10.95,-1.0,0.0,-1.0,11.0,1.0,0.0,0.0
SNA,Snap-On Inc,2015,44.4406867335897,18.0311102382496,54.8873761830315,62.4354079165076,machinery,NaN,NaN,NaN,NaN,NaN,NaN,-1.0,-1.0,1.0,-1.0,9.0,1.0,0.0,0.0
RSG,Republic Services Inc,2020,74.4657630356772,81.2071911063846,61.4843220027161,86.3341602616323,commercial services & supplies,1438.72487717731,24.0735382643649,1.5065946E7,3.7923122E7,NaN,NaN,18.5,18.6,1.0,18.6,12.0,1.0,1.0,0.0
RTX,Raytheon Technologies Corp,2019,72.1443052258099,73.7755102040817,67.9183049539693,76.6766663880171,aerospace & defense,13.1242542239751,17.899811153634,1856387.0,4.0725316E7,5526698.6,NaN,2.45,-1.0,1.0,-1.0,13.0,1.0,0.0,0.0
ROK,Rockwell Automation Inc,2012,46.9165848568411,36.4674100606687,54.4501497594937,49.5782539621033,electrical equipment,NaN,NaN,102960.0,572465.0,393682.85,NaN,2.4,31.0,1.0,-1.0,9.0,1.0,0.0,0.0
RTX,Raytheon Technologies Corp,2021,71.0372603303934,74.8113234618917,63.6710923743611,78.2548639299165,aerospace & defense,NaN,NaN,2080000.0,2.16559692E7,6208072.4,NaN,-1.0,-1.0,1.0,-1.0,13.0,1.0,0.0,0.0
RSG,Republic Services Inc,2018,71.5032267491134,82.0498292330126,50.4494322607011,91.0226757455777,commercial services & supplies,1343.05253199223,26.4563063287357,1.3751923E7,3.0198675E7,NaN,NaN,-1.0,18.0,1.0,-1.0,11.0,1.0,0.0,0.0
SNA,Snap-On Inc,2013,43.9942374824324,15.8946689531201,46.3679065094749,74.6015758821514,machinery,NaN,NaN,NaN,NaN,NaN,NaN,-1.0,-1.0,1.0,-1.0,10.0,1.0,0.0,0.0
RTX,Raytheon Technologies Corp,2018,67.1208875805887,61.4715335169881,65.5837466305082,73.347427181783,aerospace & defense,NaN,NaN,1960000.0,3.7876654E7,5867385.5,NaN,2.5,-1.0,1.0,-1.0,14.0,1.0,1.0,0.0
ROP,Roper Technologies Inc,2017,49.3742742778866,48.9758464227625,43.4690410520846,54.5788645788646,industrial conglomerates,NaN,NaN,NaN,NaN,NaN,NaN,-1.0,-1.0,-1.0,-1.0,NaN,NaN,NaN,NaN
ROK,Rockwell Automation Inc,2021,63.6454842649364,81.2601302578074,65.6287399211638,39.9076405464377,electrical equipment,5.02139272271016,14.2916562107905,129297.0,815000.0,317595.899,NaN,1.85,30.8,1.0,-1.0,10.0,1.0,0.0,0.0
SNA,Snap-On Inc,2019,36.2686817816229,25.0904778637809,43.1575661668403,40.6504336224149,machinery,NaN,NaN,NaN,NaN,NaN,NaN,-1.0,-1.0,1.0,-1.0,10.0,1.0,0.0,0.0
ROK,Rockwell Automation Inc,2016,45.3324242497704,40.4362741862741,56.8984612609259,36.0434446891175,electrical equipment,6.59953196950253,14.0240054351929,136600.0,NaN,340686.9,NaN,1.8,31.0,1.0,-1.0,10.0,1.0,0.0,0.0
ROP,Roper Technologies Inc,2019,57.309063847519,47.2658982386274,43.1920640873128,72.4783188792528,industrial conglomerates,NaN,NaN,NaN,NaN,NaN,NaN,-1.0,-1.0,-1.0,-1.0,NaN,NaN,NaN,NaN
RSG,Republic Services Inc,2019,75.9342316275879,80.7705724108677,65.9665076509914,85.2853292716099,commercial services & supplies,1491.75462358952,23.4284775269149,1.5213802E7,3.686758E7,NaN,NaN,19.5,19.0,1.0,-1.0,12.0,1.0,0.0,0.0
RSG,Republic Services Inc,2013,50.0258643610185,57.0933977455716,28.4392419175027,72.7194684619277,commercial services & supplies,NaN,NaN,NaN,NaN,NaN,NaN,-1.0,-1.0,0.0,-1.0,10.0,1.0,0.0,0.0
ROP,Roper Technologies Inc,2015,32.3572898276731,42.2330813431516,33.900946923323,28.0652920962199,industrial conglomerates,NaN,NaN,NaN,NaN,NaN,NaN,-1.0,-1.0,-1.0,-1.0,NaN,NaN,NaN,NaN
ROP,Roper Technologies Inc,2018,56.8820773275094,46.3635747313458,42.8675591041263,72.1056854653828,industrial conglomerates,NaN,NaN,NaN,NaN,NaN,NaN,-1.0,-1.0,-1.0,-1.0,NaN,NaN,NaN,NaN
SNA,Snap-On Inc,2017,44.8965719149163,23.3862281576994,52.0522577694203,61.3270851921158,machinery,NaN,NaN,NaN,NaN,NaN,NaN,-1.0,-1.0,1.0,-1.0,10.0,1.0,0.0,0.0
RSG,Republic Services Inc,2017,64.61009747427,77.9621669476537,40.2805739987148,86.3513732838886,commercial services & supplies,1489.07868807056,30.5194030486701,1.4265531E7,3.0870204E7,NaN,NaN,18.5,-1.0,0.0,-1.0,13.0,1.0,0.0,0.0
ROP,Roper Technologies Inc,2021,60.6043313692677,35.768694881109,53.3394113630911,74.3109256543672,industrial conglomerates,NaN,NaN,NaN,NaN,NaN,NaN,-1.0,-1.0,-1.0,-1.0,NaN,NaN,NaN,NaN
ROK,Rockwell Automation Inc,2019,40.1569880993832,48.0878643887685,48.5331976784322,19.6577951040346,electrical equipment,5.10592112560011,15.3177633768003,128900.0,NaN,317974.44,NaN,1.75,31.0,1.0,-1.0,12.0,1.0,0.0,0.0
RTX,Raytheon Technologies Corp,2012,62.4455428155561,76.6522776465958,51.997269339806,66.1904857621441,aerospace & defense,NaN,NaN,1914377.0,NaN,6056659.2,NaN,3.2,-1.0,1.0,-1.0,12.0,1.0,0.0,0.0
RTX,Raytheon Technologies Corp,2020,73.507096950726,71.2399637399638,71.4796573705871,77.9179682916957,aerospace & defense,NaN,NaN,1900000.0,3.7243618E7,5488844.5,NaN,2.4,-1.0,1.0,-1.0,14.0,1.0,0.0,0.0
RSG,Republic Services Inc,2014,45.7199210563275,53.5001830418743,21.8389166072701,70.8415459518243,commercial services & supplies,NaN,NaN,NaN,NaN,NaN,NaN,-1.0,-1.0,0.0,-1.0,12.0,1.0,1.0,0.0
ROK,Rockwell Automation Inc,2013,46.1398095712708,43.9750570986609,51.8688325683132,41.2261268311694,electrical equipment,4.1697220185321,18.9954003066462,139000.0,NaN,344472.49,NaN,2.05,30.0,1.0,-1.0,9.0,1.0,0.0,0.0
ROP,Roper Technologies Inc,2014,22.0268150593826,31.5017538334055,30.1570286496407,12.183316168898,industrial conglomerates,NaN,NaN,NaN,NaN,NaN,NaN,-1.0,-1.0,-1.0,-1.0,NaN,NaN,NaN,NaN
ROP,Roper Technologies Inc,2012,16.7214103607348,4.40613026819923,22.3880604676958,15.5363790186125,industrial conglomerates,NaN,NaN,NaN,NaN,NaN,NaN,-1.0,-1.0,-1.0,-1.0,NaN,NaN,NaN,NaN
RSG,Republic Services Inc,2015,57.056511158481,72.492784992785,29.3647979965603,81.6349751813669,commercial services & supplies,NaN,NaN,NaN,NaN,NaN,NaN,21.5,-1.0,0.0,-1.0,11.0,1.0,0.0,0.0
ROK,Rockwell Automation Inc,2017,41.089792220313,39.0676567656765,56.5487383426931,23.2479587387562,electrical equipment,6.96523407156106,14.8011224020673,137300.0,NaN,333116.08,NaN,1.9,31.0,1.0,-1.0,11.0,1.0,0.0,0.0
ROP,Roper Technologies Inc,2020,65.6577206037032,52.7223730036246,56.1605989694696,77.7164018465389,industrial conglomerates,NaN,NaN,NaN,NaN,NaN,NaN,-1.0,-1.0,-1.0,-1.0,NaN,NaN,NaN,NaN
ROK,Rockwell Automation Inc,2020,57.6556475054341,77.1882129422557,62.0049594010228,28.5141378292541,electrical equipment,5.08730873087309,13.7545754575458,125600.0,NaN,321759.85,NaN,2.15,31.0,1.0,-1.0,12.0,1.0,0.0,0.0
ROP,Roper Technologies Inc,2013,23.4924742654558,32.8380051784307,30.4310351355444,14.7139431312093,industrial conglomerates,NaN,NaN,NaN,NaN,NaN,NaN,-1.0,-1.0,-1.0,-1.0,NaN,NaN,NaN,NaN
RTX,Raytheon Technologies Corp,2013,63.3265070714431,75.9907452420821,45.1724573328563,78.6482220586146,aerospace & defense,15.3595078380027,16.4269110736449,1772220.0,NaN,6056659.2,NaN,3.7,-1.0,1.0,-1.0,13.0,1.0,0.0,0.0
SNA,Snap-On Inc,2018,41.4609889190371,24.0819347807668,46.7658210037349,55.3606295961354,machinery,NaN,NaN,NaN,NaN,NaN,NaN,-1.0,-1.0,1.0,-1.0,10.0,1.0,0.0,0.0
ROK,Rockwell Automation Inc,2015,46.0388581444269,42.5786081911816,60.1813949937814,31.6487208858342,electrical equipment,6.1210031644075,16.5493789259906,144000.0,NaN,370970.376,NaN,2.55,31.0,1.0,-1.0,10.0,1.0,0.0,0.0
ROL,Rollins Inc,2021,7.98894958330891,2.94482812136261,8.27789418543739,11.1506276150627,commercial services & supplies,NaN,NaN,NaN,NaN,NaN,NaN,-1.0,-1.0,0.0,-1.0,8.0,1.0,0.0,0.0
SNA,Snap-On Inc,2014,43.7426691496618,17.1002524143086,58.5125239300856,56.3486485199746,machinery,NaN,NaN,NaN,NaN,NaN,NaN,-1.0,-1.0,1.0,-1.0,10.0,1.0,0.0,0.0
RSG,Republic Services Inc,2016,59.9694804812685,74.0853583898696,34.4332746921336,82.7179622313645,commercial services & supplies,1640.83642347778,31.0063631376851,1.5238847E7,3.008553E7,NaN,NaN,18.0,-1.0,0.0,-1.0,10.0,1.0,0.0,0.0
SNA,Snap-On Inc,2016,41.1469315820459,22.6335538835538,52.9113730523496,47.9384948925049,machinery,NaN,NaN,NaN,NaN,NaN,NaN,-1.0,-1.0,1.0,-1.0,9.0,1.0,0.0,0.0
RSG,Republic Services Inc,2021,73.0981389589002,82.2983355548281,61.7037998547791,81.2174346414612,commercial services & supplies,1301.50488496691,23.3560510557832,1.3452108E7,2.45422764E7,NaN,NaN,18.5,19.0,1.0,16.3,11.0,1.0,0.0,0.0
SNA,Snap-On Inc,2020,39.0762561793251,24.613309182757,43.9154040150481,50.0871320794814,machinery,NaN,NaN,NaN,NaN,NaN,NaN,-1.0,-1.0,1.0,-1.0,10.0,1.0,0.0,0.0
RSG,Republic Services Inc,2012,22.8620955076764,12.6764163842815,29.0267133382461,22.1150592216582,commercial services & supplies,NaN,NaN,NaN,NaN,NaN,NaN,-1.0,-1.0,0.0,-1.0,11.0,1.0,0.0,0.0
ROK,Rockwell Automation Inc,2014,48.3744118256671,42.4801352117714,51.7586385505446,51.0104465008356,electrical equipment,3.68086398057322,16.7683803559447,128000.0,NaN,408824.0,NaN,1.7,30.0,1.0,-1.0,9.0,1.0,0.0,0.0
RTX,Raytheon Technologies Corp,2015,59.4098031988365,67.2121826787141,43.0061949579142,75.9240605290655,aerospace & defense,NaN,NaN,2150000.0,NaN,6813741.6,NaN,3.45,-1.0,1.0,-1.0,12.0,1.0,0.0,0.0
RTX,Raytheon Technologies Corp,2016,58.0640501521664,65.1098657740024,46.8212714914034,68.1373297696321,aerospace & defense,NaN,NaN,2070000.0,NaN,6435197.0,NaN,3.1,-1.0,1.0,-1.0,12.0,1.0,0.0,0.0
ROK,Rockwell Automation Inc,2018,40.8305781823606,39.6509271355362,54.4978270968599,24.3268775284285,electrical equipment,6.92303767327154,14.711455055702,127200.0,NaN,325545.26,NaN,1.8,31.0,1.0,-1.0,11.0,1.0,0.0,0.0
RTX,Raytheon Technologies Corp,2014,60.9263660487701,73.2344452932688,45.6284153005464,72.6376633948411,aerospace & defense,13.8922506411589,15.2647119983365,1682590.0,NaN,5299576.8,NaN,3.65,-1.0,1.0,-1.0,13.0,1.0,0.0,0.0
RTX,Raytheon Technologies Corp,2017,61.4418547716395,58.126117635687,50.1015172063733,79.2458529264768,aerospace & defense,NaN,NaN,2030000.0,NaN,6245930.0,NaN,2.65,-1.0,1.0,-1.0,11.0,1.0,0.0,0.0
SNA,Snap-On Inc,2021,38.9940002851721,23.8616313685723,43.5126948471853,51.2283323371189,machinery,NaN,NaN,NaN,NaN,NaN,NaN,-1.0,-1.0,1.0,-1.0,10.0,1.0,0.0,0.0
SNA,Snap-On Inc,2012,50.0923409607974,18.6568190262887,61.9626085398457,72.2517275674558,machinery,NaN,NaN,NaN,NaN,NaN,NaN,-1.0,-1.0,1.0,-1.0,12.0,1.0,0.0,0.0
ROL,Rollins Inc,2020,25.8373553451371,3.53893418409547,27.3758504652889,39.4803952821166,commercial services & supplies,NaN,NaN,NaN,NaN,NaN,NaN,-1.0,-1.0,0.0,-1.0,9.0,1.0,0.0,0.0
ROP,Roper Technologies Inc,2016,43.8525177823736,48.3689486719789,41.3966318380154,44.6123791898005,industrial conglomerates,NaN,NaN,NaN,NaN,NaN,NaN,-1.0,-1.0,-1.0,-1.0,NaN,NaN,NaN,NaN
UNP,Union Pacific Corp,2018,68.8470031587348,48.3732997703586,70.6930234516441,91.0156208440043,road & rail,497.160122360965,38.6831151898099,1.068525E7,1.49478178194E8,4769616.6,NaN,3.75,6.0,0.0,-1.0,11.0,1.0,0.0,0.0
UNP,Union Pacific Corp,2012,63.3421473668423,43.9942696192696,71.1637863278685,76.3914700145955,road & rail,NaN,NaN,1.1123729E7,1.51006629E8,NaN,NaN,-1.0,-1.0,0.0,0.47,12.0,1.0,0.0,0.0
UNP,Union Pacific Corp,2020,58.6859607716431,47.8626565984521,72.1255861563359,54.2024127793716,road & rail,495.529651366503,12.1408549404345,1.1591133E7,1.6308E8,4542492.0,NaN,4.1,5.0,0.0,9.0,11.0,1.0,0.0,0.0
TT,Trane Technologies PLC,2021,77.9621523495259,67.6903699427614,92.2225379474057,71.5913412315343,building products,22.3756493532562,11.2732542734871,419087.0,4632340.0,2780000.0,NaN,3.95,25.3,1.0,40.01,13.0,1.0,0.0,1.0
TXT,Textron Inc,2021,72.0216309775118,72.6529650572713,60.8503365676484,86.7019628523923,aerospace & defense,14.6024211298606,29.6458547322084,603104.0,5863624.667,3793253.899,NaN,6.4,20.0,1.0,-1.0,12.0,1.0,0.0,0.0
SWK,Stanley Black & Decker Inc,2021,72.5339695663962,93.526090758965,75.8588087625615,42.9841905225636,machinery,9.19320989088431,25.279139465186,445138.0,4454586.0,1674610.276,NaN,3.75,-1.0,1.0,-1.0,10.0,1.0,0.0,1.0
TT,Trane Technologies PLC,2018,67.0080317585683,57.9939707173577,69.0337442793311,75.1689708141321,building products,27.5276807347721,13.2459007156139,578887.0,3629000.0,3400000.0,NaN,3.0,22.77,1.0,-1.0,10.0,1.0,0.0,1.0
TXT,Textron Inc,2018,62.6810094957177,28.8589981447124,64.3322393801988,85.2454839763806,aerospace & defense,13.5190020307514,37.9677980852916,709900.0,5918886.6,NaN,NaN,6.15,-1.0,1.0,-1.0,12.0,1.0,0.0,0.0
SWK,Stanley Black & Decker Inc,2016,35.9219084144409,33.9664802164802,48.1984333099643,22.1725340556411,machinery,NaN,NaN,NaN,NaN,NaN,NaN,4.35,-1.0,1.0,-1.0,10.0,1.0,0.0,0.0
UAL,United Airlines Holdings Inc,2016,59.4196534469879,66.0305889079474,63.0628324849783,46.7840553006687,airlines,830.503010775407,7.48729664060849,3.1729665E7,5.69862877883E8,1299885.673,NaN,30.1,-1.0,1.0,-1.0,12.0,1.0,0.0,0.0
TT,Trane Technologies PLC,2012,75.5679412223181,71.8895296906281,67.9650192318147,89.9503105590062,building products,34.6788602595449,18.8564196602094,683153.0,3307554.0,4059706.0,NaN,5.3,24.0,1.0,-1.0,11.0,1.0,0.0,1.0
TXT,Textron Inc,2012,54.0104985200603,30.5524046165757,47.9913297838759,79.3724183361103,aerospace & defense,NaN,NaN,644096.0,5095724.0,NaN,NaN,-1.0,-1.0,0.0,-1.0,12.0,1.0,0.0,0.0
TT,Trane Technologies PLC,2015,62.3359782211044,52.7814367819675,59.7045963260097,77.2514619883041,building products,37.651922987418,18.1192888282111,718969.0,3733000.0,4040000.0,NaN,4.7,-1.0,1.0,-1.0,11.0,1.0,0.0,1.0
TDG,TransDigm Group Inc,2020,41.1666192533989,24.6787067099567,40.8043696430672,53.7488045903729,aerospace & defense,7.37153045746068,13.1337035914553,107103.0,1374955.292,629468.258,NaN,-1.0,-1.0,1.0,-1.0,12.0,1.0,0.0,0.0
UNP,Union Pacific Corp,2016,64.0832233322846,44.4844231224828,69.5763676924943,80.4606959157743,road & rail,494.018425879606,34.0261380690345,1.2666733E7,1.6559337838E8,7911506.9,NaN,4.9,6.0,0.0,10.5,11.0,1.0,0.0,0.0
TT,Trane Technologies PLC,2014,63.2926448727193,54.1797079634101,58.1007245894,81.0353535353535,building products,44.0144933403506,20.8576171005222,801203.0,3805000.0,3740000.0,NaN,4.9,22.9,1.0,-1.0,12.0,1.0,0.0,1.0
UAL,United Airlines Holdings Inc,2014,50.7231611957734,52.5268210050818,59.4989955754462,35.8191570132379,airlines,819.25073800256,8.02434755348886,3.1667263E7,4.7189733536E8,1230162.0,NaN,34.35,43.0,1.0,-1.0,13.0,1.0,0.0,0.0
SWK,Stanley Black & Decker Inc,2015,34.4366337891549,26.693246078358,53.4052582842594,18.8587247040855,machinery,9.19831029891179,23.0035355158639,350662.0,NaN,NaN,NaN,4.2,-1.0,1.0,-1.0,10.0,1.0,0.0,0.0
TXT,Textron Inc,2014,57.8453069155261,27.2496773003872,53.3970386204492,86.3119767666213,aerospace & defense,9.61959630628422,38.240990438833,585670.0,4895744.0,NaN,NaN,5.7,-1.0,1.0,-1.0,11.0,1.0,0.0,0.0
SWK,Stanley Black & Decker Inc,2020,70.6515579906118,94.0294559886235,75.7892660387715,35.8619742854106,machinery,7.80688579929054,25.8592945417096,470734.0,4504136.4,1593334.082,NaN,4.0,-1.0,1.0,-1.0,12.0,1.0,0.0,0.0
SWK,Stanley Black & Decker Inc,2017,36.0822917583988,37.6955573464323,47.0564505882652,19.7580314758228,machinery,8.11579154657262,22.6206161943465,343381.0,NaN,NaN,NaN,3.3,-1.0,1.0,-1.0,10.0,1.0,0.0,0.0
SWK,Stanley Black & Decker Inc,2019,65.1514649796094,78.3139529216878,68.7819212849989,44.5965478487159,machinery,8.47099470948437,23.1092961917542,409489.0,4027442.4,1368424.451,NaN,4.2,-1.0,1.0,-1.0,11.0,1.0,0.0,0.0
TXT,Textron Inc,2013,61.6248616934728,29.9953314659197,61.8219378915101,84.5527027918949,aerospace & defense,10.7889135254989,44.8728159645233,627586.0,4973040.0,NaN,NaN,-1.0,-1.0,0.0,-1.0,12.0,1.0,0.0,0.0
TXT,Textron Inc,2019,68.2036460131853,51.2075887075887,62.9943191115245,87.7289533928742,aerospace & defense,13.2797577123539,33.8554021693196,669225.0,5798030.532,NaN,NaN,5.8,-1.0,1.0,-1.0,12.0,1.0,0.0,0.0
SWK,Stanley Black & Decker Inc,2014,42.6177639855396,31.7013324769364,61.4085810515572,31.0806327537517,machinery,9.06888569604087,25.9864902618135,351339.0,NaN,NaN,NaN,4.85,-1.0,1.0,-1.0,13.0,1.0,0.0,0.0
UAL,United Airlines Holdings Inc,2021,45.9269774090557,47.8733257338273,48.4150740733235,40.1229630516351,airlines,1008.4899381309,11.4026050146532,1.566045E7,2.95211287018E8,1832138.44,NaN,16.8,36.0,1.0,-1.0,13.0,1.0,0.0,0.0
UNP,Union Pacific Corp,2021,75.966699803497,53.1460437710437,92.4012958769588,81.9865121469404,road & rail,464.496130458817,12.0403537866224,1.0344654E7,1.4544E8,4517000.0,NaN,4.5,5.5,1.0,11.0,12.0,1.0,0.0,0.0
TDG,TransDigm Group Inc,2021,43.8464714469214,33.406432748538,41.5717556231649,54.5860034979392,aerospace & defense,6.64158338232412,12.8843817362336,99641.0,1329443.8025,583880.565,NaN,-1.0,-1.0,1.0,-1.0,11.0,1.0,0.0,0.0
SWK,Stanley Black & Decker Inc,2012,36.5563943550273,20.6944188078045,62.2804714971221,21.8636416476149,machinery,NaN,NaN,381505.0,NaN,NaN,NaN,7.5,-1.0,1.0,-1.0,15.0,1.0,0.0,0.0
UNP,Union Pacific Corp,2014,57.8671869561085,40.5301776453713,66.3592360020931,67.6319343692132,road & rail,554.119707540858,19.4578992640734,1.2002685E7,1.6168870648288E8,1.067486184E7,NaN,-1.0,5.0,0.0,6.373,13.0,1.0,0.0,0.0
TT,Trane Technologies PLC,2019,74.5214217117319,65.535273105374,80.1663256965556,77.9037037037037,building products,29.8771042952737,16.0228616795476,566580.0,3701000.0,3220000.0,NaN,3.27,23.1,1.0,-1.0,12.0,1.0,0.0,1.0
UAL,United Airlines Holdings Inc,2018,58.6689685208244,60.0898668711777,52.8617791655594,65.6554535529092,airlines,858.28030383231,8.77426953207707,3.276079E7,5.83998620513E8,1714790.73,NaN,26.7,-1.0,1.0,-1.0,15.0,1.0,0.0,0.0
UAL,United Airlines Holdings Inc,2015,47.8754166827913,52.9946201141853,49.9630701337138,39.170803105511,airlines,800.297318834991,10.6954062877561,3.1548428E7,5.73031041507E8,1345027.68,NaN,33.0,42.6,1.0,-1.0,13.0,1.0,0.0,0.0
UAL,United Airlines Holdings Inc,2020,56.9940831269425,54.5269770879526,45.9510338057343,75.9657223816101,airlines,795.370697427125,4.38479853903234,3.4596623E7,6.28677136085E8,1972198.61,NaN,21.3,-1.0,1.0,-1.0,13.0,1.0,0.0,0.0
TT,Trane Technologies PLC,2017,68.5760395458159,57.046204620462,70.935824460651,79.3179012345679,building products,30.4728734389921,15.2648254113955,617866.0,3669000.0,3310000.0,NaN,3.0,22.28,1.0,-1.0,12.0,1.0,0.0,1.0
UAL,United Airlines Holdings Inc,2019,60.7387655465868,56.2068048910154,54.3378066060419,75.1475562635176,airlines,805.46759315304,4.15783357141128,3.3439959E7,6.06098036622E8,2013838.12,NaN,27.9,-1.0,1.0,-1.0,13.0,1.0,0.0,0.0
UNP,Union Pacific Corp,2017,66.0462257859845,45.7854210609875,69.8024647417359,85.4760808135041,road & rail,496.721404666942,38.9018016778985,1.1683549E7,1.64497542077E8,5829531.4,NaN,4.35,6.0,0.0,15.066,10.0,1.0,0.0,0.0
UNP,Union Pacific Corp,2013,55.2202947640474,39.5626072041166,62.2229465449804,64.9060725207514,road & rail,606.139949890065,21.0020964360587,1.2265017E7,3.29180993E8,NaN,NaN,-1.0,5.0,0.0,6.78,12.0,1.0,0.0,0.0
UAL,United Airlines Holdings Inc,2012,40.6440920981988,50.7992155598538,34.7841941426847,38.1005282804407,airlines,881.728159525734,6.23521961735381,3.2952321E7,4.79569584E8,NaN,NaN,37.05,44.1,0.0,-1.0,15.0,1.0,0.0,0.0
UNP,Union Pacific Corp,2015,56.6048495961645,41.5939802425083,62.7750245397304,66.5966653939162,road & rail,507.851067704776,36.4220734872285,1.1953871E7,1.6242081177E8,9652795.5,NaN,5.5,6.0,0.0,6.38,13.0,1.0,0.0,0.0
TT,Trane Technologies PLC,2016,67.5899244089044,53.1554219054218,71.3753124298196,79.9482631189948,building products,36.1680964159781,17.1732314840572,709477.0,3725000.0,4200000.0,NaN,3.85,21.761,1.0,-1.0,12.0,1.0,0.0,1.0
TXT,Textron Inc,2017,64.343609369004,25.8608815426997,68.808686162892,86.5116167876904,aerospace & defense,13.931311927289,39.6111152499441,718700.0,5923022.435,NaN,NaN,5.5,-1.0,1.0,-1.0,11.0,1.0,0.0,0.0
TT,Trane Technologies PLC,2020,77.7154434437386,68.2919302254093,93.0295062187056,68.9452214452214,building products,24.1472479905781,11.9307275216238,471752.0,4992440.0,2940000.0,NaN,4.3,24.3,1.0,14.5,12.0,1.0,0.0,1.0
TXT,Textron Inc,2015,53.8049473204723,24.367450079025,44.4222311075569,88.1112383861524,aerospace & defense,10.5572538003966,38.7959352280238,597371.0,5062072.37,NaN,NaN,5.15,-1.0,1.0,-1.0,11.0,1.0,0.0,0.0
TXT,Textron Inc,2020,71.5441184315296,69.7054760264988,62.0902549484314,85.7076933611967,aerospace & defense,14.5430146006298,34.0073003149155,678345.0,6051613.148,3883872.3,NaN,5.25,-1.0,1.0,-1.0,11.0,1.0,0.0,0.0
TXT,Textron Inc,2016,64.2462235519661,24.9353583683727,68.0852638786446,87.8701589104374,aerospace & defense,12.0118172647356,32.7136474996397,620700.0,5024195.72,NaN,NaN,5.15,-1.0,1.0,-1.0,11.0,1.0,0.0,0.0
UAL,United Airlines Holdings Inc,2017,57.6327414130281,61.9779764861732,56.7854885528348,54.1003273211862,airlines,860.196181410361,7.9748071557525,3.1738595E7,5.72436868748E8,1716260.646,NaN,24.55,-1.0,1.0,-1.0,15.0,1.0,1.0,0.0
SWK,Stanley Black & Decker Inc,2018,45.8517208255705,41.3551470981288,58.2482302837432,34.9944080088965,machinery,6.83495061888127,22.4467158321473,339477.0,3149006.4,NaN,NaN,4.7,-1.0,1.0,-1.0,12.0,1.0,0.0,0.0
UNP,Union Pacific Corp,2019,64.7208892940854,47.9745370370371,67.6359446710454,81.0269400124956,road & rail,481.025329566855,36.3939265536723,1.0989985E7,1.54134372037E8,4315367.4,NaN,3.95,6.0,0.0,-1.0,12.0,1.0,0.0,0.0
UAL,United Airlines Holdings Inc,2013,42.0324159856557,48.931277056277,41.6156402041058,35.0572553752541,airlines,863.659829888028,8.32407407407407,3.2395946E7,4.82867172E8,NaN,NaN,34.25,43.0,0.0,-1.0,13.0,1.0,0.0,0.0
SWK,Stanley Black & Decker Inc,2013,46.210590161505,30.6036538128868,70.6150329025949,32.9419777415289,machinery,9.67237242041273,28.803711406175,360771.0,NaN,NaN,NaN,6.0,-1.0,1.0,-1.0,15.0,1.0,0.0,0.0
XYL,Xylem Inc,2014,48.574093813506,61.5318992288823,52.6305652121743,27.7062425923559,machinery,8.64020047480876,11.1854391981008,75159.0,949738.0,413000.0,9300.0,7.4,-1.0,1.0,-1.0,10.0,1.0,0.0,0.0
UPS,United Parcel Service Inc,2021,68.6324136920906,69.3080049125131,65.2029198334939,72.2800462437594,air freight & logistics,191.958863065835,9.86584608740249,1.4954E7,2.03929E8,6550000.0,NaN,-1.0,21.0,1.0,-1.0,12.0,1.0,0.0,0.0
WAB,Westinghouse Air Brake Technologies Corp,2021,59.5741373591825,57.2047640718953,78.3450248132048,37.8066661975426,machinery,NaN,NaN,384475.0,NaN,149997.0,49210.33,5.4,16.0,1.0,-1.0,11.0,1.0,0.0,0.0
WM,Waste Management Inc,2019,88.0785435253329,92.1705121335922,86.9932279448298,86.6009576301945,commercial services & supplies,1083.18902312737,16.9021746634449,1.5934821E7,5.48243964E7,2375344.775,NaN,14.0,17.14,1.0,22.25,9.0,1.0,0.0,0.0
WM,Waste Management Inc,2014,68.5030470713651,87.0430289206161,78.9672237002745,42.207358907089,commercial services & supplies,NaN,NaN,1.9633917E7,NaN,700200.0,NaN,14.5,18.0,1.0,19.27,8.0,1.0,1.0,0.0
XYL,Xylem Inc,2013,48.5720997525492,59.6847414326937,47.1750428081602,37.0686266190193,machinery,NaN,NaN,97236.0,745272.0,439000.0,NaN,7.75,-1.0,1.0,-1.0,9.0,1.0,0.0,0.0
VRSK,Verisk Analytics Inc,2021,79.9293639237794,65.0265106079359,82.0709709750163,82.5560582910784,professional services,0.936400201106084,3.42569848452201,12146.7,NaN,NaN,NaN,-1.0,34.5,1.0,12.2,12.0,1.0,0.0,0.0
XYL,Xylem Inc,2012,47.8054416795275,58.6508781099029,46.2383723679499,36.8455199493677,machinery,NaN,NaN,NaN,NaN,NaN,NaN,-1.0,-1.0,-1.0,-1.0,NaN,NaN,NaN,NaN
VRSK,Verisk Analytics Inc,2013,27.7271629676339,29.6296296296296,48.1599840981372,9.56149366221309,professional services,NaN,NaN,NaN,NaN,NaN,NaN,-1.0,-1.0,0.0,-1.0,11.0,1.0,0.0,0.0
WM,Waste Management Inc,2020,87.2606834824511,68.3788254755996,91.8919097921419,94.5603060248645,commercial services & supplies,1091.06503956014,16.5006705109293,1.6518235E7,2.9104686E7,2987000.0,NaN,14.5,17.0,1.0,22.0,8.0,1.0,0.0,0.0
URI,United Rentals Inc,2017,39.6401874952128,37.7676952998021,33.8038123795244,48.4085224576022,trading companies & distributors,39.0249269382843,6.87175520027506,266981.0,3866980.58,948460.973,60929.959,3.55,-1.0,0.0,-1.0,12.0,0.0,0.0,0.0
UPS,United Parcel Service Inc,2014,67.4702439537732,79.8457096619956,71.3475492761206,47.5791881848547,air freight & logistics,216.453895468066,15.2049808783047,1.2539E7,1.7126E8,5260000.0,NaN,-1.0,20.2,1.0,15.26,13.0,1.0,0.0,0.0
XYL,Xylem Inc,2018,77.0696473601074,72.6357698724545,72.4811863675684,88.4062825355088,machinery,9.30920180323522,10.5788915407054,74998.0,1011801.6,365600.0,19300.0,4.65,25.3,1.0,-1.0,10.0,1.0,0.0,0.0
WAB,Westinghouse Air Brake Technologies Corp,2015,31.9375362885737,23.6357681492842,40.2088987581215,31.0549828178694,machinery,NaN,NaN,NaN,NaN,NaN,NaN,15.0,-1.0,0.0,-1.0,9.0,1.0,0.0,0.0
VRSK,Verisk Analytics Inc,2015,41.133791512924,29.2598112270243,54.4019966415408,33.2705867379407,professional services,NaN,NaN,NaN,NaN,NaN,NaN,-1.0,-1.0,0.0,-1.0,11.0,1.0,0.0,0.0
WM,Waste Management Inc,2017,82.8524314570113,90.8572706098521,74.3007923596459,88.1761384522121,commercial services & supplies,1246.5602191189,18.2295347581205,1.639294E7,NaN,NaN,NaN,15.0,17.0,1.0,23.26,10.0,1.0,0.0,0.0
XYL,Xylem Inc,2020,77.532857028344,74.561156478999,78.7041839036603,79.563158006588,machinery,8.57403495294796,11.5137315152679,104597.0,1361620.8,458500.0,34000.0,3.8,24.0,1.0,-1.0,10.0,1.0,0.0,0.0
UPS,United Parcel Service Inc,2012,72.8282652313809,80.2229020979021,78.1075514662547,57.0916288862195,air freight & logistics,NaN,NaN,1.263E7,1.71474E8,6540000.0,NaN,-1.0,-1.0,1.0,8.1,11.0,1.0,0.0,0.0
XYL,Xylem Inc,2017,70.5731630132654,71.2123596080538,59.6171194063985,84.1707176063004,machinery,10.1866958664112,10.8560087599234,76869.0,1062097.2,424100.0,20400.0,6.0,-1.0,1.0,-1.0,10.0,1.0,0.0,0.0
URI,United Rentals Inc,2015,40.7321013674339,32.9906204906204,32.6881241891198,56.4295532646048,trading companies & distributors,NaN,NaN,NaN,NaN,NaN,NaN,-1.0,-1.0,-1.0,-1.0,NaN,NaN,NaN,NaN
WM,Waste Management Inc,2018,90.9024076939931,93.0646310005724,89.1450909629795,91.6343116467938,commercial services & supplies,NaN,NaN,1.5882E7,NaN,NaN,NaN,15.0,-1.0,1.0,22.45,11.0,1.0,0.0,0.0
UPS,United Parcel Service Inc,2013,70.2804319059824,81.5637507146941,73.0044908011009,53.1991727718742,air freight & logistics,225.607607569909,16.786178325958,1.2872322E7,1.7514E8,5570000.0,NaN,-1.0,20.3,1.0,14.4,12.0,1.0,0.0,0.0
URI,United Rentals Inc,2016,43.7733195447037,35.3024655656234,32.4428248303593,64.1807716872777,trading companies & distributors,42.7176781002639,7.14283201407212,283457.0,4128325.827,731288.216,94915.37,4.778,-1.0,0.0,-1.0,14.0,0.0,0.0,0.0
WAB,Westinghouse Air Brake Technologies Corp,2016,31.3721268086014,26.3044088044088,38.7100058938327,27.8326136129961,machinery,NaN,NaN,NaN,NaN,NaN,NaN,11.0,-1.0,0.0,-1.0,9.0,1.0,0.0,0.0
WAB,Westinghouse Air Brake Technologies Corp,2012,34.1109733107734,26.2463777355937,29.4277887739729,49.6886632825719,machinery,NaN,NaN,NaN,NaN,NaN,NaN,18.5,-1.0,0.0,-1.0,10.0,1.0,0.0,0.0
VRSK,Verisk Analytics Inc,2019,65.9966787688797,64.3411869757102,80.3412255019254,54.1410777311522,professional services,2.85198947851864,5.40879295227757,19785.4,NaN,NaN,NaN,-1.0,35.0,1.0,-1.0,12.0,1.0,0.0,0.0
VRSK,Verisk Analytics Inc,2014,28.9758521326685,28.3760683760683,48.5582480480293,12.2931685547545,professional services,NaN,NaN,NaN,NaN,NaN,NaN,-1.0,-1.0,0.0,-1.0,11.0,1.0,0.0,0.0
VRSK,Verisk Analytics Inc,2016,62.8845954185428,52.027523542675,65.3608574915852,64.0093801961834,professional services,2.15823252115636,7.0971772590447,16296.0,NaN,NaN,NaN,-1.0,-1.0,0.0,-1.0,11.0,1.0,0.0,0.0
UPS,United Parcel Service Inc,2017,70.6550953105972,76.6403574425619,70.5405031315962,63.6217505849407,air freight & logistics,209.122217843497,13.9643267138427,1.302E7,1.85387E8,5300000.0,NaN,-1.0,20.0,1.0,-1.0,12.0,1.0,1.0,0.0
WM,Waste Management Inc,2013,77.1946743222169,87.463768115942,71.0089536750734,77.9682560635633,commercial services & supplies,1378.94259231574,19.6585438780087,1.8710486E7,NaN,700200.0,NaN,15.5,18.0,1.0,17.03,9.0,1.0,0.0,0.0
WAB,Westinghouse Air Brake Technologies Corp,2020,59.2757354832976,59.8699193124747,80.7474956154443,30.410851603915,machinery,NaN,NaN,NaN,NaN,NaN,NaN,-1.0,-1.0,1.0,-1.0,12.0,1.0,0.0,0.0
UPS,United Parcel Service Inc,2015,58.0908495995602,77.4787722602174,62.4167045735673,29.2017309405625,air freight & logistics,212.309246365309,14.9356037375086,1.2598E7,1.72442E8,5050000.0,NaN,-1.0,20.1,1.0,14.43,13.0,1.0,0.0,0.0
URI,United Rentals Inc,2020,70.7815010714766,61.4963173027688,90.7606722104404,51.7521888097852,trading companies & distributors,41.5744998135951,5.09183546663353,375524.0,4949582.4,902562.877,99268.592,3.95,-1.0,0.0,14.5,13.0,1.0,0.0,0.0
VRSK,Verisk Analytics Inc,2012,29.0980856596426,32.0261437908496,49.2424915902518,10.8730964467005,professional services,NaN,NaN,NaN,NaN,NaN,NaN,-1.0,-1.0,0.0,-1.0,11.0,1.0,0.0,0.0
WM,Waste Management Inc,2021,87.0210189700625,69.244199580973,92.3421408817032,92.6655812108844,commercial services & supplies,1010.97586541572,15.4216111290844,1.5862973E7,4.33263852E7,3528280.0,NaN,14.0,18.0,1.0,21.8,9.0,1.0,0.0,0.0
VRSK,Verisk Analytics Inc,2017,58.0824661653266,52.8574327613761,68.1316587073731,50.9965048308606,professional services,1.73967522052927,6.05803929430634,15558.0,NaN,NaN,NaN,-1.0,35.0,0.0,-1.0,14.0,1.0,0.0,0.0
WAB,Westinghouse Air Brake Technologies Corp,2013,38.6484244852419,23.4959046909903,39.6956085405111,55.458473588102,machinery,NaN,NaN,NaN,1415778.0,357342.89,NaN,17.5,-1.0,0.0,-1.0,9.0,1.0,0.0,0.0
UPS,United Parcel Service Inc,2016,71.9238637318376,79.415719023928,74.2784120452807,59.8727245738533,air freight & logistics,206.072262673444,14.9402390438247,1.287E7,1.76772E8,5120000.0,NaN,-1.0,20.0,1.0,-1.0,15.0,1.0,0.0,0.0
URI,United Rentals Inc,2021,80.6480803512486,73.3215128865972,88.5107123402846,75.7299811460698,trading companies & distributors,36.2021174205967,4.79734787723238,383386.0,5389102.8,888000.0,74000.0,3.9,-1.0,1.0,14.4,12.0,1.0,0.0,0.0
UPS,United Parcel Service Inc,2019,69.5231182932053,70.4562991021324,66.2739675062303,72.6271973455603,air freight & logistics,195.945032665015,11.1887061650522,1.3792E7,1.9272E8,5420000.0,NaN,-1.0,20.0,1.0,-1.0,12.0,1.0,1.0,0.0
XYL,Xylem Inc,2015,61.8821121443004,63.5904391012851,58.1883389908003,64.6750668193967,machinery,9.26583268178264,10.5282772999739,75950.0,964512.0,417700.0,19500.0,8.45,-1.0,1.0,-1.0,10.0,1.0,0.0,0.0
UPS,United Parcel Service Inc,2018,68.9784586677532,71.5631072248719,69.7995507740634,64.8094606610075,air freight & logistics,201.785424444084,13.4880701184873,1.3263E7,1.90721E8,5280000.0,NaN,-1.0,20.0,1.0,-1.0,11.0,1.0,1.0,0.0
URI,United Rentals Inc,2019,53.8459186646391,36.3132911392404,49.7568302316366,71.3437042634768,trading companies & distributors,38.3969281734678,5.5164884806505,291629.0,4187617.2,1093737.438,110549.114,3.85,-1.0,0.0,15.1,11.0,0.0,0.0,0.0
VRSK,Verisk Analytics Inc,2020,67.1228192066385,67.3453469289241,79.7014099610145,56.22449662924,professional services,3.34517279736105,4.4682213954202,20370.3,NaN,NaN,NaN,-1.0,33.0,1.0,-1.0,11.0,1.0,0.0,0.0
WAB,Westinghouse Air Brake Technologies Corp,2014,34.5566319520255,23.7033154748039,40.1839745362982,40.2025403364229,machinery,NaN,NaN,NaN,1409787.0,378162.66,NaN,16.5,-1.0,0.0,-1.0,9.0,1.0,0.0,0.0
XYL,Xylem Inc,2016,67.1153592180123,69.3555506055506,57.0587391389755,77.6124758788146,machinery,9.78907048008172,10.423646578141,79153.0,1.11057926E8,413900.0,8800.0,7.55,-1.0,1.0,-1.0,11.0,1.0,0.0,0.0
WAB,Westinghouse Air Brake Technologies Corp,2019,42.7381255004638,40.0303768025146,56.2590793763585,28.2599510784967,machinery,19.2595825188394,27.7222473540326,182372.0,1.4043424305E7,NaN,NaN,6.0,-1.0,1.0,-1.0,13.0,1.0,0.0,0.0
WAB,Westinghouse Air Brake Technologies Corp,2017,39.7692924234062,27.1658415841584,42.2756488987144,51.6073216073216,machinery,NaN,NaN,NaN,NaN,NaN,NaN,9.5,-1.0,0.0,-1.0,9.0,1.0,0.0,0.0
WM,Waste Management Inc,2015,78.8240002559082,87.2594997594997,75.0188073967887,77.781341478936,commercial services & supplies,NaN,NaN,2.013203E7,NaN,NaN,NaN,15.5,17.0,1.0,21.87,8.0,1.0,0.0,0.0
WM,Waste Management Inc,2016,85.8987961224781,90.3128930384569,77.2372761743966,93.8764259927306,commercial services & supplies,NaN,NaN,1.946255E7,NaN,NaN,NaN,15.75,17.0,1.0,24.52,8.0,1.0,0.0,0.0
XYL,Xylem Inc,2019,73.6135537379945,72.5140603228245,67.7675478682145,82.5977090876879,machinery,8.30380284682388,12.459528362014,97733.0,1243828.8,437500.0,17000.0,4.8,25.0,1.0,-1.0,10.0,1.0,0.0,0.0
WM,Waste Management Inc,2012,76.1153201156374,89.7348552404732,73.9179443963045,69.3894033918445,commercial services & supplies,NaN,NaN,2.4732846E7,NaN,NaN,NaN,16.5,17.0,0.0,-1.0,8.0,1.0,1.0,0.0
WAB,Westinghouse Air Brake Technologies Corp,2018,47.8289116622415,41.9696256447821,59.5174908861899,39.5350287895714,machinery,NaN,NaN,NaN,NaN,NaN,NaN,8.5,-1.0,0.0,-1.0,11.0,1.0,0.0,0.0
UPS,United Parcel Service Inc,2020,69.6948034742737,68.4713408434999,66.3744307253828,75.4794432047604,air freight & logistics,192.747109002101,10.9099511557034,1.4635E7,1.9842E8,5860000.0,NaN,-1.0,21.0,1.0,-1.0,13.0,1.0,1.0,0.0
URI,United Rentals Inc,2018,47.4557475878421,39.9253731343283,37.1739130434782,65.864909400878,trading companies & distributors,42.6298160360986,6.9378687955571,285609.0,4031719.2,1354805.81,55823.441,4.15,-1.0,0.0,-1.0,12.0,0.0,0.0,0.0
VRSK,Verisk Analytics Inc,2018,65.0074154492257,62.9939305773879,81.0278432557745,51.8160925218043,professional services,2.14800484803282,5.48946485176207,16383.9,NaN,NaN,NaN,-1.0,35.0,1.0,-1.0,13.0,1.0,0.0,0.0
XYL,Xylem Inc,2021,81.6274425560019,74.2534534507017,84.5668303713387,86.6223654578097,machinery,8.09125547723376,9.54981901314536,92598.0,1318600.8,442900.0,51800.0,3.35,24.4,1.0,-1.0,11.0,1.0,0.0,1.0
