metric_category,name,year,metric_name,value,units,additional_notes,,,,,,,
Social,Abbott,2024,Total Employees,114000,Count,Global [cite: 2982],,,,,,,
Social,Abbott,2023,Total Employees,114000,Count,Global [cite: 2982],,,,,,,
Social,Abbott,2024,% Management Women (U.S.),44,Percent,U.S. Only [cite: 2982],,,,,,,
Social,Abbott,2023,% Management Women (U.S.),44,Percent,U.S. Only [cite: 2982],,,,,,,
Social,Abbott,2024,% Management Minorities (U.S.),35,Percent,U.S. Only [cite: 2982],,,,,,,
Social,Abbott,2023,% Management Minorities (U.S.),35,Percent,U.S. Only [cite: 2982],,,,,,,
Social,Abbott,2024,Supplier Diversity Spend (Total),3826,USD Millions,Small and Diverse Suppliers [cite: 2982],,,,,,,
Social,Abbott,2023,Supplier Diversity Spend (Total),4016,USD Millions,Small and Diverse Suppliers [cite: 2982],,,,,,,
Social,Abbott,2024,Lost-Time Case Rate,0.18,Cases per 100 Workers,Employee and Contractor [cite: 2985],,,,,,,
Social,Abbott,2023,Lost-Time Case Rate,0.15,Cases per 100 Workers,Employee and Contractor [cite: 2985],,,,,,,
Social,Abbott,2024,Recordable Injury or Illness Rate,0.31,Cases per 100 Workers,Employee and Contractor [cite: 2985],,,,,,,
Social,Abbott,2023,Recordable Injury or Illness Rate,0.29,Cases per 100 Workers,Employee and Contractor [cite: 2985],,,,,,,
Social,Abbott,2024,Global Vehicle Accident Rate,2.91,Accidents per Million Miles,Field-Based Employees Only [cite: 2985],,,,,,,
Social,Abbott,2023,Global Vehicle Accident Rate,2.86,Accidents per Million Miles,Field-Based Employees Only [cite: 2985],,,,,,,
Social,Abbott,2024,Occupational Illness Frequency Rate,0.18,Illnesses per Million Hours,Employee and Contractor [cite: 2985],,,,,,,
Social,Abbott,2023,Occupational Illness Frequency Rate,0.18,Illnesses per Million Hours,Employee and Contractor [cite: 2985],,,,,,,
Environment,Abbott,2024,Scope 1 & 2 Carbon Emissions (Market-Based),894,1000 Metric Tons CO2e,Market-Based [cite: 2988],,,,,,,
Environment,Abbott,2023,Scope 1 & 2 Carbon Emissions (Market-Based),904,1000 Metric Tons CO2e,Market-Based [cite: 2988],,,,,,,
Environment,Abbott,2024,Scope 1 (Direct) Emissions,502,1000 Metric Tons CO2e,Total Direct [cite: 2988],,,,,,,
Environment,Abbott,2023,Scope 1 (Direct) Emissions,504,1000 Metric Tons CO2e,Total Direct [cite: 2988],,,,,,,
Environment,Abbott,2024,Scope 2 (Purchased Energy) Emissions (Market-Based),393,1000 Metric Tons CO2e,Market-Based [cite: 2988],,,,,,,
Environment,Abbott,2023,Scope 2 (Purchased Energy) Emissions (Market-Based),400,1000 Metric Tons CO2e,Market-Based [cite: 2988],,,,,,,
Environment,Abbott,2024,Total Energy Consumption (Scope 1 & 2),13821,1000 Gigajoules,Total [cite: 3000],,,,,,,
Environment,Abbott,2023,Total Energy Consumption (Scope 1 & 2),13812,1000 Gigajoules,Total [cite: 3000],,,,,,,
Environment,Abbott,2024,Water Withdrawal (Total),13510,Megaliters,Total Intake [cite: 3006],,,,,,,
Environment,Abbott,2023,Water Withdrawal (Total),13391,Megaliters,Total Intake [cite: 3006],,,,,,,
Environment,Abbott,2024,Water Consumed in Process,2338,Megaliters,Consumed [cite: 3006],,,,,,,
Environment,Abbott,2023,Water Consumed in Process,2267,Megaliters,Consumed [cite: 3006],,,,,,,
Environment,Abbott,2024,Total Waste,69197,Metric Tons,Total Generated [cite: 3012],,,,,,,
Environment,Abbott,2023,Total Waste,70156,Metric Tons,Total Generated [cite: 3012],,,,,,,
Environment,Abbott,2024,Total Hazardous Waste,9607,Metric Tons,Hazardous [cite: 3012],,,,,,,
Environment,Abbott,2023,Total Hazardous Waste,11044,Metric Tons,Hazardous [cite: 3012],,,,,,,
Environment,Abbott,2024,Waste Diversion Rate,93.5,Percent,Diverted from Landfill [cite: 3012],,,,,,,
Environment,Abbott,2023,Waste Diversion Rate,91.4,Percent,Diverted from Landfill [cite: 3012],,,,,,,
Environment,Abbott,2024,Packaging Reduction (Cumulative),31285900,Pounds,Cumulative Reduction [cite: 3019],,,,,,,
Environment,Abbott,2023,Packaging Reduction (Cumulative),29961437,Pounds,Cumulative Reduction [cite: 3019],,,,,,,
Governance,Abbott,2024,EHS Fines (Total),18462,USD,Environmental Health and Safety ,,,,,,,
Governance,Abbott,2023,EHS Fines (Total),625,USD,Environmental Health and Safety ,,,,,,,
Governance,Abbott,2024,EHS Notices of Violation,5,Count,Notices ,,,,,,,
Governance,Abbott,2023,EHS Notices of Violation,5,Count,Notices ,,,,,,,
Governance,Abbott,2024,EHS Government Agency Inspections,560,Count,Total Inspections ,,,,,,,
Governance,Abbott,2023,EHS Government Agency Inspections,524,Count,Total Inspections,,,,,,,
NA,Abbott,2022,Total Employees,115000,Count,Global,,,,,,,
NA,Abbott,2021,Total Employees,113000,Count,Global,,,,,,,
NA,Abbott,2020,Total Employees,109000,Count,Global,,,,,,,
NA,Abbott,2019,Total Employees,107000,Count,Global,,,,,,,
NA,Abbott,2018,Total Employees,103000,Count,Global,,,,,,,
NA,Abbott,2022,% of Management Who Are Women (U.S.),43,Percent,U.S. Only,,,,,,,
NA,Abbott,2021,% of Management Who Are Women (U.S.),43,Percent,U.S. Only,,,,,,,
NA,Abbott,2020,% of Management Who Are Women (U.S.),42,Percent,U.S. Only,,,,,,,
NA,Abbott,2019,% of Management Who Are Women (U.S.),41,Percent,U.S. Only,,,,,,,
NA,Abbott,2018,% of Management Who Are Women (U.S.),40,Percent,U.S. Only,,,,,,,
NA,Abbott,2022,% of Management Who Are Minorities (U.S.),35,Percent,U.S. Only,,,,,,,
NA,Abbott,2021,% of Management Who Are Minorities (U.S.),33,Percent,U.S. Only,,,,,,,
NA,Abbott,2020,% of Management Who Are Minorities (U.S.),32,Percent,U.S. Only,,,,,,,
NA,Abbott,2019,% of Management Who Are Minorities (U.S.),36,Percent,U.S. Only,,,,,,,
NA,Abbott,2018,% of Management Who Are Minorities (U.S.),34,Percent,U.S. Only,,,,,,,
NA,Abbott,2022,Supplier Diversity Spend (Total),4413,USD Millions,Small and Diverse Suppliers,,,,,,,
NA,Abbott,2021,Supplier Diversity Spend (Total),3211,USD Millions,Small and Diverse Suppliers,,,,,,,
NA,Abbott,2020,Supplier Diversity Spend (Total),2343,USD Millions,Small and Diverse Suppliers,,,,,,,
NA,Abbott,2022,Lost-Time Case Rate,0.12,Cases per 100 Workers,Employee and Contractor,,,,,,,
NA,Abbott,2021,Lost-Time Case Rate,0.13,Cases per 100 Workers,Employee and Contractor,,,,,,,
NA,Abbott,2020,Lost-Time Case Rate,0.13,Cases per 100 Workers,Employee and Contractor,,,,,,,
NA,Abbott,2019,Lost-Time Case Rate,0.13,Cases per 100 Workers,Employee and Contractor,,,,,,,
NA,Abbott,2018,Lost-Time Case Rate,0.13,Cases per 100 Workers,Employee and Contractor,,,,,,,
NA,Abbott,2022,Recordable Injury or Illness Rate,0.25,Cases per 100 Workers,Employee and Contractor,,,,,,,
NA,Abbott,2021,Recordable Injury or Illness Rate,0.3,Cases per 100 Workers,Employee and Contractor,,,,,,,
NA,Abbott,2020,Recordable Injury or Illness Rate,0.28,Cases per 100 Workers,Employee and Contractor,,,,,,,
NA,Abbott,2019,Recordable Injury or Illness Rate,0.46,Cases per 100 Workers,Employee and Contractor,,,,,,,
NA,Abbott,2018,Recordable Injury or Illness Rate,0.41,Cases per 100 Workers,Employee and Contractor,,,,,,,
NA,Abbott,2022,Scope 1 and 2 Carbon Emissions (Market-Based),929,1000 Metric Tons CO2e,Market-Based,,,,,,,
NA,Abbott,2021,Scope 1 and 2 Carbon Emissions (Market-Based),933,1000 Metric Tons CO2e,Market-Based,,,,,,,
NA,Abbott,2020,Scope 1 and 2 Carbon Emissions (Market-Based),901,1000 Metric Tons CO2e,Market-Based,,,,,,,
NA,Abbott,2019,Scope 1 and 2 Carbon Emissions (Market-Based),963,1000 Metric Tons CO2e,Market-Based,,,,,,,
NA,Abbott,2018,Scope 1 and 2 Carbon Emissions (Market-Based),980,1000 Metric Tons CO2e,Market-Based,,,,,,,
NA,Abbott,2022,Scope 1 (Direct) Emissions,530,1000 Metric Tons CO2e,Total Direct,,,,,,,
NA,Abbott,2021,Scope 1 (Direct) Emissions,536,1000 Metric Tons CO2e,Total Direct,,,,,,,
NA,Abbott,2020,Scope 1 (Direct) Emissions,499,1000 Metric Tons CO2e,Total Direct,,,,,,,
NA,Abbott,2019,Scope 1 (Direct) Emissions,541,1000 Metric Tons CO2e,Total Direct,,,,,,,
NA,Abbott,2018,Scope 1 (Direct) Emissions,536,1000 Metric Tons CO2e,Total Direct,,,,,,,
NA,Abbott,2022,Scope 2 (Purchased Energy) Emissions (Market-Based),399,1000 Metric Tons CO2e,Market-Based,,,,,,,
NA,Abbott,2021,Scope 2 (Purchased Energy) Emissions (Market-Based),397,1000 Metric Tons CO2e,Market-Based,,,,,,,
NA,Abbott,2020,Scope 2 (Purchased Energy) Emissions (Market-Based),402,1000 Metric Tons CO2e,Market-Based,,,,,,,
NA,Abbott,2019,Scope 2 (Purchased Energy) Emissions (Market-Based),423,1000 Metric Tons CO2e,Market-Based,,,,,,,
NA,Abbott,2018,Scope 2 (Purchased Energy) Emissions (Market-Based),445,1000 Metric Tons CO2e,Market-Based,,,,,,,
NA,Abbott,2022,Total Energy Consumption (Scope 1 & 2),14195,1000 Gigajoules,Total,,,,,,,
NA,Abbott,2021,Total Energy Consumption (Scope 1 & 2),14578,1000 Gigajoules,Total,,,,,,,
NA,Abbott,2020,Total Energy Consumption (Scope 1 & 2),13776,1000 Gigajoules,Total,,,,,,,
NA,Abbott,2019,Total Energy Consumption (Scope 1 & 2),14346,1000 Gigajoules,Total,,,,,,,
NA,Abbott,2018,Total Energy Consumption (Scope 1 & 2),14311,1000 Gigajoules,Total,,,,,,,
NA,Abbott,2022,Water Withdrawal (Total),13793,Megaliters,Total Intake,,,,,,,
NA,Abbott,2021,Water Withdrawal (Total),13823,Megaliters,Total Intake,,,,,,,
NA,Abbott,2020,Water Withdrawal (Total),13284,Megaliters,Total Intake,,,,,,,
NA,Abbott,2019,Water Withdrawal (Total),13402,Megaliters,Total Intake,,,,,,,
NA,Abbott,2018,Water Withdrawal (Total),13479,Megaliters,Total Intake,,,,,,,
NA,Abbott,2022,Water Consumed in Process,2351,Megaliters,Consumed,,,,,,,
NA,Abbott,2021,Water Consumed in Process,2419,Megaliters,Consumed,,,,,,,
NA,Abbott,2020,Water Consumed in Process,2524,Megaliters,Consumed,,,,,,,
NA,Abbott,2019,Water Consumed in Process,2307,Megaliters,Consumed,,,,,,,
NA,Abbott,2018,Water Consumed in Process,2668,Megaliters,Consumed,,,,,,,
NA,Abbott,2022,Total Waste,66239,Metric Tons,Total Generated,,,,,,,
NA,Abbott,2021,Total Waste,70133,Metric Tons,Total Generated,,,,,,,
NA,Abbott,2020,Total Waste,60976,Metric Tons,Total Generated,,,,,,,
NA,Abbott,2019,Total Waste,63751,Metric Tons,Total Generated,,,,,,,
NA,Abbott,2018,Total Waste,59969,Metric Tons,Total Generated,,,,,,,
NA,Abbott,2022,Waste Diversion Rate,90,Percent,Diverted from Landfill,,,,,,,
NA,Abbott,2021,Waste Diversion Rate,87.9,Percent,Diverted from Landfill,,,,,,,
NA,Abbott,2020,Waste Diversion Rate,87.7,Percent,Diverted from Landfill,,,,,,,
NA,Abbott,2019,Waste Diversion Rate,89.2,Percent,Diverted from Landfill,,,,,,,
NA,Abbott,2018,Waste Diversion Rate,86.6,Percent,Diverted from Landfill,,,,,,,
NA,Abbott,2022,Total Hazardous Waste,8145,Metric Tons,Hazardous,,,,,,,
NA,Abbott,2021,Total Hazardous Waste,7859,Metric Tons,Hazardous,,,,,,,
NA,Abbott,2020,Total Hazardous Waste,10135,Metric Tons,Hazardous,,,,,,,
NA,Abbott,2019,Total Hazardous Waste,7586,Metric Tons,Hazardous,,,,,,,
NA,Abbott,2018,Total Hazardous Waste,6582,Metric Tons,Hazardous,,,,,,,
NA,Abbott,2022,EHS Fines (Total),14694,USD,Environmental Health and Safety,,,,,,,
NA,Abbott,2021,EHS Fines (Total),0,USD,Environmental Health and Safety,,,,,,,
NA,Abbott,2020,EHS Fines (Total),1200,USD,Environmental Health and Safety,,,,,,,
NA,Abbott,2019,EHS Fines (Total),16700,USD,Environmental Health and Safety,,,,,,,
NA,Abbott,2018,EHS Fines (Total),3000,USD,Environmental Health and Safety,,,,,,,
NA,Abbott,2022,EHS Notices of Violation,11,Count,Notices,,,,,,,
NA,Abbott,2021,EHS Notices of Violation,25,Count,Notices,,,,,,,
NA,Abbott,2020,EHS Notices of Violation,2,Count,Notices,,,,,,,
NA,Abbott,2019,EHS Notices of Violation,4,Count,Notices,,,,,,,
NA,Abbott,2018,EHS Notices of Violation,7,Count,Notices,,,,,,,
Environment,Accenture,FY24,Carbon Emissions by Scope,22395,Metric Tons of CO2e,,,,,,,,
Environment,Accenture,FY23,Carbon Emissions by Scope,22038,Metric Tons of CO2e,,,,,,,,
Environment,Accenture,FY22,Carbon Emissions by Scope,17804,Metric Tons of CO2e,,,,,,,,
Environment,Accenture,FY21,Carbon Emissions by Scope,9250,Metric Tons of CO2e,,,,,,,,
Environment,Accenture,FY24,Carbon Emissions by Scope,3584,Metric Tons of CO2e,,,,,,,,
Environment,Accenture,FY23,Carbon Emissions by Scope,4786,Metric Tons of CO2e,,,,,,,,
Environment,Accenture,FY22,Carbon Emissions by Scope,8356,Metric Tons of CO2e,,,,,,,,
Environment,Accenture,FY21,Carbon Emissions by Scope,70659,Metric Tons of CO2e,,,,,,,,
Environment,Accenture,FY24,Carbon Emissions by Scope,25979,Metric Tons of CO2e,,,,,,,,
Environment,Accenture,FY23,Carbon Emissions by Scope,26824,Metric Tons of CO2e,,,,,,,,
Environment,Accenture,FY22,Carbon Emissions by Scope,26160,Metric Tons of CO2e,,,,,,,,
Environment,Accenture,FY21,Carbon Emissions by Scope,79909,Metric Tons of CO2e,,,,,,,,
Environment,Accenture,FY24,Carbon Emissions by Scope,628840,Metric Tons of CO2e,,,,,,,,
Environment,Accenture,FY23,Carbon Emissions by Scope,515371,Metric Tons of CO2e,,,,,,,,
Environment,Accenture,FY22,Carbon Emissions by Scope,405352,Metric Tons of CO2e,,,,,,,,
Environment,Accenture,FY21,Carbon Emissions by Scope,297067,Metric Tons of CO2e,,,,,,,,
Environment,Accenture,FY24,Carbon Emissions by Scope,654819,Metric Tons of CO2e,Sum of Scope 1,2, and 3 Carbon Emissions,,,,,
Environment,Accenture,FY23,Carbon Emissions by Scope,542195,Metric Tons of CO2e,Sum of Scope 1,2, and 3 Carbon Emissions,,,,,
Environment,Accenture,FY22,Carbon Emissions by Scope,431512,Metric Tons of CO2e,Sum of Scope 1,2, and 3 Carbon Emissions,,,,,
Environment,Accenture,FY21,Carbon Emissions by Scope,376976,Metric Tons of CO2e,Sum of Scope 1,2, and 3 Carbon Emissions,,,,,
Environment,Accenture,FY24,Progress Target,-89,%,Compared to FY19 Base Year,,,,,,,
Environment,Accenture,FY24,Progress Target,-80,%,Compared to FY19 Base Year (0.000024 Metric Tons of CO2e),,,,,,,
Environment,Accenture,FY23,Percentage Change in Scope 1, 2 & 3 Carbon Emissions,-57%,%,Compared to FY16 Baseline,,,,,,
Environment,Accenture,FY22,Percentage Change in Scope 1, 2 & 3 Carbon Emissions,-66%,%,Compared to FY16 Baseline,,,,,,
Environment,Accenture,FY21,Percentage Change in Scope 1, 2 & 3 Carbon Emissions,-70%,%,Compared to FY16 Baseline,,,,,,
Environment,Accenture,FY23,Carbon Emissions,0.7,metric tons of CO2e,,,,,,,,
Environment,Accenture,FY22,Carbon Emissions,0.6,metric tons of CO2e,,,,,,,,
Environment,Accenture,FY21,Carbon Emissions,0.7,metric tons of CO2e,,,,,,,,
Environment,Accenture,FY24,Scope 1 & 2 Carbon Emissions by Source,16076,Metric Tons of CO2e,,,,,,,,
Environment,Accenture,FY23,Scope 1 & 2 Carbon Emissions by Source,16163,Metric Tons of CO2e,,,,,,,,
Environment,Accenture,FY22,Scope 1 & 2 Carbon Emissions by Source,11804,Metric Tons of CO2e,,,,,,,,
Environment,Accenture,FY21,Scope 1 & 2 Carbon Emissions by Source,8060,Metric Tons of CO2e,,,,,,,,
Environment,Accenture,FY24,Scope 1 & 2 Carbon Emissions by Source,0,Metric Tons of CO2e,"Zero value (""—"") due to 100% renewable electricity procurement",,,,,,,
Environment,Accenture,FY23,Scope 1 & 2 Carbon Emissions by Source,0,Metric Tons of CO2e,"Zero value (""—"") due to 100% renewable electricity procurement",,,,,,,
Environment,Accenture,FY22,Scope 1 & 2 Carbon Emissions by Source,3572,Metric Tons of CO2e,,,,,,,,
Environment,Accenture,FY21,Scope 1 & 2 Carbon Emissions by Source,66811,Metric Tons of CO2e,,,,,,,,
Environment,Accenture,FY24,Scope 1 & 2 Carbon Emissions by Source,9903,Metric Tons of CO2e,,,,,,,,
Environment,Accenture,FY23,Scope 1 & 2 Carbon Emissions by Source,10661,Metric Tons of CO2e,,,,,,,,
Environment,Accenture,FY22,Scope 1 & 2 Carbon Emissions by Source,10784,Metric Tons of CO2e,,,,,,,,
Environment,Accenture,FY21,Scope 1 & 2 Carbon Emissions by Source,5038,Metric Tons of CO2e,,,,,,,,
Inclusion & Diversity,Accenture,FY24,Global Workforce Representation,48,%,Global goal of gender parity by 2025,,,,,,,
Inclusion & Diversity,Accenture,FY23,Global Workforce Representation,48.7,%,,,,,,,,
Inclusion & Diversity,Accenture,FY22,Global Workforce Representation,48.6,%,,,,,,,,
Inclusion & Diversity,Accenture,FY21,Global Workforce Representation,47.9,%,,,,,,,,
Inclusion & Diversity,Accenture,FY24,Managing Director Representation,30,%,Global goal of 30% women by 2025,,,,,,,
Inclusion & Diversity,Accenture,FY23,Managing Director Representation,29.5,%,,,,,,,,
Inclusion & Diversity,Accenture,FY22,Managing Director Representation,27.6,%,,,,,,,,
Inclusion & Diversity,Accenture,FY21,Managing Director Representation,25.4,%,,,,,,,,
Inclusion & Diversity,Accenture,FY24,Workforce Representation,34.8,%,,,,,,,,
Inclusion & Diversity,Accenture,FY23,Workforce Representation,34,%,,,,,,,,
Inclusion & Diversity,Accenture,FY22,Workforce Representation,33.1,%,,,,,,,,
Inclusion & Diversity,Accenture,FY21,Workforce Representation,32.1,%,,,,,,,,
Inclusion & Diversity,Accenture,FY24,Managing Director Representation,12.7,%,,,,,,,,
Inclusion & Diversity,Accenture,FY23,Managing Director Representation,11.5,%,,,,,,,,
Inclusion & Diversity,Accenture,FY22,Managing Director Representation,10.7,%,,,,,,,,
Inclusion & Diversity,Accenture,FY21,Managing Director Representation,9.4,%,,,,,,,,
Community Impact,Accenture,FY24,People equipped with Skills to Succeed,5013000,People,Cumulative since 2010,,,,,,,
Community Impact,Accenture,FY23,People equipped with Skills to Succeed,4344000,People,Cumulative since 2010,,,,,,,
Community Impact,Accenture,FY22,People equipped with Skills to Succeed,1637000,People,Cumulative since 2010,,,,,,,
Community Impact,Accenture,FY21,People equipped with Skills to Succeed,3465000,People,Cumulative since 2010,,,,,,,
Community Impact,Accenture,FY24,Hours of participation in Accenture sponsored Time & Skills Programs,1674172,Hours,,,,,,,,
Community Impact,Accenture,FY23,Hours of participation in Accenture sponsored Time & Skills Programs,1495906,Hours,,,,,,,,
Community Impact,Accenture,FY22,Hours of participation in Accenture sponsored Time & Skills Programs,1255678,Hours,,,,,,,,
Community Impact,Accenture,FY21,Hours of participation in Accenture sponsored Time & Skills Programs,1029481,Hours,,,,,,,,
Community Impact,Accenture,FY24,Employees participating in Accenture sponsored Time & Skills Programs,12738,Employees,,,,,,,,
Community Impact,Accenture,FY23,Employees participating in Accenture sponsored Time & Skills Programs,13459,Employees,,,,,,,,
Community Impact,Accenture,FY22,Employees participating in Accenture sponsored Time & Skills Programs,9463,Employees,,,,,,,,
Community Impact,Accenture,FY21,Employees participating in Accenture sponsored Time & Skills Programs,6700,Employees,,,,,,,,
Community Impact,Accenture,FY24,Employee Donations,10459,US$ thousands,,,,,,,,
Community Impact,Accenture,FY23,Employee Donations,12909,US$ thousands,,,,,,,,
Community Impact,Accenture,FY22,Employee Donations,19522,US$ thousands,,,,,,,,
Community Impact,Accenture,FY21,Employee Donations,16926,US$ thousands,,,,,,,,
Community Impact,Accenture,FY24,Accenture and Accenture Foundations Contributions,44586,US$ thousands,,,,,,,,
Community Impact,Accenture,FY23,Accenture and Accenture Foundations Contributions,48235,US$ thousands,,,,,,,,
Community Impact,Accenture,FY22,Accenture and Accenture Foundations Contributions,49464,US$ thousands,,,,,,,,
Community Impact,Accenture,FY24,Accenture and Accenture Foundations Contributions,31806,US$ thousands,"EMEA includes Europe, Middle East, and Africa geographic market",,,,,,,
Community Impact,Accenture,FY23,Accenture and Accenture Foundations Contributions,29765,US$ thousands,,,,,,,,
Community Impact,Accenture,FY22,Accenture and Accenture Foundations Contributions,28929,US$ thousands,,,,,,,,
Community Impact,Accenture,FY24,Accenture and Accenture Foundations Contributions,27575,US$ thousands,,,,,,,,
Community Impact,Accenture,FY23,Accenture and Accenture Foundations Contributions,24316,US$ thousands,,,,,,,,
Community Impact,Accenture,FY22,Accenture and Accenture Foundations Contributions,23239,US$ thousands,,,,,,,,
Community Impact,Accenture,FY24,Accenture and Accenture Foundations Contributions,23248,US$ thousands,,,,,,,,
Community Impact,Accenture,FY23,Accenture and Accenture Foundations Contributions,25666,US$ thousands,,,,,,,,
Community Impact,Accenture,FY22,Accenture and Accenture Foundations Contributions,28949,US$ thousands,,,,,,,,
Community Impact,Accenture,FY24,Accenture and Accenture Foundations Contributions,127215,US$ thousands,,,,,,,,
Community Impact,Accenture,FY23,Accenture and Accenture Foundations Contributions,127982,US$ thousands,,,,,,,,
Community Impact,Accenture,FY22,Accenture and Accenture Foundations Contributions,130581,US$ thousands,,,,,,,,
Community Impact,Accenture,FY24,Accenture and Accenture Foundations Contributions,149993,US$ thousands,,,,,,,,
Community Impact,Accenture,FY23,Accenture and Accenture Foundations Contributions,150103,US$ thousands,,,,,,,,
Community Impact,Accenture,FY22,Accenture and Accenture Foundations Contributions,151903,US$ thousands,,,,,,,,
Community Impact,Accenture,FY23,Accenture and Accenture Foundations Contributions,34709,US$ thousands,,,,,,,,
Community Impact,Accenture,FY22,Accenture and Accenture Foundations Contributions,27992,US$ thousands,,,,,,,,
Community Impact,Accenture,FY21,Accenture and Accenture Foundations Contributions,25604,US$ thousands,,,,,,,,
Community Impact,Accenture,FY23,Accenture and Accenture Foundations Contributions,14263,US$ thousands,,,,,,,,
Community Impact,Accenture,FY22,Accenture and Accenture Foundations Contributions,13858,US$ thousands,,,,,,,,
Community Impact,Accenture,FY21,Accenture and Accenture Foundations Contributions,14357,US$ thousands,,,,,,,,
Environmental,Air Liquide,2024,Scope 1: total direct greenhouse gas (GHG) emissions,14868,ktons CO2-eq,"(a), (b), * Metric verified by independent verifier",,,,,,,
Environmental,Air Liquide,2023,Scope 1: total direct greenhouse gas (GHG) emissions,15473,ktons CO2-eq,"(a), (b)",,,,,,,
Environmental,Air Liquide,2022,Scope 1: total direct greenhouse gas (GHG) emissions,16083,ktons CO2-eq,"(a), (b)",,,,,,,
Environmental,Air Liquide,2021,Scope 1: total direct greenhouse gas (GHG) emissions,15557,ktons CO2-eq,"(a), (b)",,,,,,,
Environmental,Air Liquide,2020,Scope 1: total direct greenhouse gas (GHG) emissions,15505,ktons CO2-eq,"(a), (b)",,,,,,,
Environmental,Air Liquide,2024,Scope 2: total indirect greenhouse gas (GHG) emissions,20064,ktons CO2-eq,"(a), (c), * Metric verified by independent verifier",,,,,,,
Environmental,Air Liquide,2023,Scope 2: total indirect greenhouse gas (GHG) emissions,21504,ktons CO2-eq,"(a), (c)",,,,,,,
Environmental,Air Liquide,2022,Scope 2: total indirect greenhouse gas (GHG) emissions,22771,ktons CO2-eq,"(a), (c)",,,,,,,
Environmental,Air Liquide,2021,Scope 2: total indirect greenhouse gas (GHG) emissions,23961,ktons CO2-eq,"(a), (c)",,,,,,,
Environmental,Air Liquide,2020,Scope 2: total indirect greenhouse gas (GHG) emissions,23784,ktons CO2-eq,"(a), (c)",,,,,,,
Environmental,Air Liquide,2024,Total Scope 1 & 2 emissions,34933,ktons CO2-eq,"(a), (b), (c), * Metric verified by independent verifier",,,,,,,
Environmental,Air Liquide,2023,Total Scope 1 & 2 emissions,36977,ktons CO2-eq,"(a), (b), (c)",,,,,,,
Environmental,Air Liquide,2022,Total Scope 1 & 2 emissions,38854,ktons CO2-eq,"(a), (b), (c)",,,,,,,
Environmental,Air Liquide,2021,Total Scope 1 & 2 emissions,39518,ktons CO2-eq,"(a), (b), (c)",,,,,,,
Environmental,Air Liquide,2020,Total Scope 1 & 2 emissions,39289,ktons CO2-eq,"(a), (b), (c)",,,,,,,
Environmental,Air Liquide,2023,Significant Scope 3 emissions,23244,ktons CO2-eq,"(d), * Metric verified by independent verifier",,,,,,,
Environmental,Air Liquide,2021,Significant Scope 3 emissions,22300,ktons CO2-eq,"(d), (e)",,,,,,,
Environmental,Air Liquide,2020,Significant Scope 3 emissions,22134,ktons CO2-eq,(d),,,,,,,
Environmental,Air Liquide,2024,Change in Scope 1 & 2 emissions vs 2020,-11.1,%,(a), (b), (c),,,,,
Environmental,Air Liquide,2023,Change in Scope 1 & 2 emissions vs 2020,-5.9,%,(a), (b), (c),,,,,
Environmental,Air Liquide,2022,Change in Scope 1 & 2 emissions vs 2020,-1.1,%,(a), (b), (c),,,,,
Environmental,Air Liquide,2021,Change in Scope 1 & 2 emissions vs 2020,0.6,%,(a), (b), (c),,,,,
Environmental,Air Liquide,2024,Annual water withdrawal (million m3),4200,million m3,"(a), * Metric verified by independent verifier",,,,,,,
Environmental,Air Liquide,2023,Annual water withdrawal (million m3),3900,million m3,(a),,,,,,,
Environmental,Air Liquide,2022,Annual water withdrawal (million m3),4000,million m3,(a),,,,,,,
Environmental,Air Liquide,2021,Annual water withdrawal (million m3),3800,million m3,(a),,,,,,,
Environmental,Air Liquide,2020,Annual water withdrawal (million m3),3300,million m3,,,,,,,,
Environmental,Air Liquide,2024,Annual water discharge (million m3),4100,million m3,"(a), * Metric verified by independent verifier",,,,,,,
Environmental,Air Liquide,2023,Annual water discharge (million m3),3800,million m3,(a),,,,,,,
Environmental,Air Liquide,2022,Annual water discharge (million m3),3900,million m3,(a),,,,,,,
Environmental,Air Liquide,2021,Annual water discharge (million m3),3700,million m3,(a),,,,,,,
Environmental,Air Liquide,2020,Annual water discharge (million m3),3210,million m3,,,,,,,,
Environmental,Air Liquide,2024,Annual water consumption (estimated million m3),100,million m3,"(b), * Metric verified by independent verifier",,,,,,,
Environmental,Air Liquide,2023,Annual water consumption (estimated million m3),89,million m3,(b),,,,,,,
Environmental,Air Liquide,2022,Annual water consumption (estimated million m3),91,million m3,(b),,,,,,,
Environmental,Air Liquide,2021,Annual water consumption (estimated million m3),82,million m3,(b),,,,,,,
Environmental,Air Liquide,2020,Annual water consumption (estimated million m3),90,million m3,(b),,,,,,,
Environmental,Air Liquide,2024,Avoided emissions from asset optimization,4363,ktons CO2-eq,"(a), * Metric verified by independent verifier",,,,,,,
Environmental,Air Liquide,2023,Avoided emissions from asset optimization,4024,ktons CO2-eq,(a),,,,,,,
Environmental,Air Liquide,2022,Avoided emissions from asset optimization,3200,ktons CO2-eq,(a),,,,,,,
Environmental,Air Liquide,2021,Avoided emissions from asset optimization,3307,ktons CO2-eq,(a),,,,,,,
Environmental,Air Liquide,2020,Avoided emissions from asset optimization,3600,ktons CO2-eq,(a),,,,,,,
Environmental,Air Liquide,2024,Avoided emissions to improve customers' energy footprint,8119,ktons CO2-eq,"(a), * Metric verified by independent verifier",,,,,,,
Environmental,Air Liquide,2023,Avoided emissions to improve customers' energy footprint,8180,ktons CO2-eq,(a),,,,,,,
Environmental,Air Liquide,2022,Avoided emissions to improve customers' energy footprint,10065,ktons CO2-eq,(a),,,,,,,
Environmental,Air Liquide,2021,Avoided emissions to improve customers' energy footprint,11827,ktons CO2-eq,(a),,,,,,,
Environmental,Air Liquide,2020,Avoided emissions to improve customers' energy footprint,11200,ktons CO2-eq,(a),,,,,,,
Environmental,Air Liquide,2024,Total avoided emissions,12482,ktons CO2-eq,"(a), * Metric verified by independent verifier",,,,,,,
Environmental,Air Liquide,2023,Total avoided emissions,12204,ktons CO2-eq,(a),,,,,,,
Environmental,Air Liquide,2022,Total avoided emissions,13265,ktons CO2-eq,(a),,,,,,,
Environmental,Air Liquide,2021,Total avoided emissions,15134,ktons CO2-eq,(a),,,,,,,
Environmental,Air Liquide,2020,Total avoided emissions,14800,ktons CO2-eq,(a),,,,,,,
Environmental,Air Liquide,2024,Avoided emissions from H2 usage for desulfurization,58400,ktons CO2-eq,* Metric verified by independent verifier,,,,,,,
Environmental,Air Liquide,2023,Avoided emissions from H2 usage for desulfurization,64900,ktons CO2-eq,,,,,,,,
Environmental,Air Liquide,2022,Avoided emissions from H2 usage for desulfurization,64067,ktons CO2-eq,,,,,,,,
Environmental,Air Liquide,2021,Avoided emissions from H2 usage for desulfurization,64200,ktons CO2-eq,,,,,,,,
Environmental,Air Liquide,2020,Avoided emissions from H2 usage for desulfurization,62300,ktons CO2-eq,,,,,,,,
Environmental,Air Liquide,2024,Total avoided emissions including End-Use,70882,ktons CO2-eq,* Metric verified by independent verifier,,,,,,,
Environmental,Air Liquide,2023,Total avoided emissions including End-Use,77104,ktons CO2-eq,,,,,,,,
Environmental,Air Liquide,2022,Total avoided emissions including End-Use,77332,ktons CO2-eq,,,,,,,,
Environmental,Air Liquide,2021,Total avoided emissions including End-Use,79334,ktons CO2-eq,,,,,,,,
Environmental,Air Liquide,2020,Total avoided emissions including End-Use,77100,ktons CO2-eq,,,,,,,,
Social,Air Liquide,2024,Number of lost-time accidents (at least one day's absence) for Group employees and temporary workers,86,Number,"(a), * Metric verified by independent verifier",,,,,,,
Social,Air Liquide,2023,Number of lost-time accidents (at least one day's absence) for Group employees and temporary workers,129,Number,(a),,,,,,,
Social,Air Liquide,2022,Number of lost-time accidents (at least one day's absence) for Group employees and temporary workers,123,Number,(a),,,,,,,
Social,Air Liquide,2021,Number of lost-time accidents (at least one day's absence) for Group employees and temporary workers,138,Number,(a),,,,,,,
Social,Air Liquide,2020,Number of lost-time accidents (at least one day's absence) for Group employees and temporary workers,108,Number,"(a), (f)",,,,,,,
Social,Air Liquide,2024,Accident frequency rate for Group employees and temporary workers,0.7,Number,"(b), * Metric verified by independent verifier",,,,,,,
Social,Air Liquide,2023,Accident frequency rate for Group employees and temporary workers,1,Number,(b),,,,,,,
Social,Air Liquide,2022,Accident frequency rate for Group employees and temporary workers,0.9,Number,(b),,,,,,,
Social,Air Liquide,2021,Accident frequency rate for Group employees and temporary workers,1.1,Number,(b),,,,,,,
Social,Air Liquide,2020,Accident frequency rate for Group employees and temporary workers,0.9,Number,"(b), (f)",,,,,,,
Social,Air Liquide,2024,Number of accidents for subcontractors,51,Number,"(d), (e), * Metric verified by independent verifier",,,,,,,
Social,Air Liquide,2023,Number of accidents for subcontractors,62,Number,"(d), (e)",,,,,,,
Social,Air Liquide,2022,Number of accidents for subcontractors,73,Number,"(d), (e)",,,,,,,
Social,Air Liquide,2021,Number of accidents for subcontractors,83,Number,"(d), (e)",,,,,,,
Social,Air Liquide,2020,Number of accidents for subcontractors,67,Number,"(d), (e), (f)",,,,,,,
Social,Air Liquide,2024,Accident frequency rate for subcontractors,1.1,Number,* Metric verified by independent verifier,,,,,,,
Social,Air Liquide,2023,Accident frequency rate for subcontractors,1.3,Number,,,,,,,,
Social,Air Liquide,2022,Accident frequency rate for subcontractors,1.5,Number,,,,,,,,
Social,Air Liquide,2021,Accident frequency rate for subcontractors,1.6,Number,,,,,,,,
Social,Air Liquide,2020,Accident frequency rate for subcontractors,1.4,Number,(f),,,,,,,
Social,Air Liquide,2024,% of women in management and professional staff,33.1,%,(a), * Metric verified by independent verifier,,,,,,
Social,Air Liquide,2023,% of women in management and professional staff,32,%,(a),,,,,,,
Social,Air Liquide,2022,% of women in management and professional staff,31.5,%,,,,,,,,
Social,Air Liquide,2021,% of women in management and professional staff,31,%,,,,,,,,
Social,Air Liquide,2020,% of women in management and professional staff,30,%,,,,,,,,
Social,Air Liquide,2024,% of women in senior management,23.7,%,* Metric verified by independent verifier,,,,,,,
Social,Air Liquide,2023,% of women in senior management,24.7,%,,,,,,,,
Social,Air Liquide,2022,% of women in senior management,24.8,%,,,,,,,,
Social,Air Liquide,2021,% of women in senior management,24,%,,,,,,,,
Social,Air Liquide,2020,% of women in senior management,21,%,,,,,,,,
Environment,Alibaba Group,2024,GHG Emissions Scope 1,1359300,tonnes of CO2e,Location-based,,,,,,,
Environment,Alibaba Group,2023,GHG Emissions Scope 1,1260800,tonnes of CO2e,Location-based,,,,,,,
Environment,Alibaba Group,2022,GHG Emissions Scope 1,1033200,tonnes of CO2e,Location-based,,,,,,,
Environment,Alibaba Group,2024,GHG Emissions Scope 2,13098700,tonnes of CO2e,Location-based,,,,,,,
Environment,Alibaba Group,2023,GHG Emissions Scope 2,12883300,tonnes of CO2e,Location-based,,,,,,,
Environment,Alibaba Group,2022,GHG Emissions Scope 2,11216500,tonnes of CO2e,Location-based,,,,,,,
Environment,Alibaba Group,2024,GHG Emissions Scope 3,12423100,tonnes of CO2e,Location-based,,,,,,,
Environment,Alibaba Group,2023,GHG Emissions Scope 3,12501600,tonnes of CO2e,Location-based,,,,,,,
Environment,Alibaba Group,2022,GHG Emissions Scope 3,12681500,tonnes of CO2e,Location-based,,,,,,,
Environment,Alibaba Group,2024,GHG Emissions Scope 3 (Market-based),15714700,tonnes of CO2e,Market-based,,,,,,,
Environment,Alibaba Group,2023,GHG Emissions Scope 3 (Market-based),15291200,tonnes of CO2e,Market-based,,,,,,,
Environment,Alibaba Group,2024,GHG Emissions Scope 3+,37184700,tonnes of CO2e,Location-based,,,,,,,
Environment,Alibaba Group,2023,GHG Emissions Scope 3+,35738600,tonnes of CO2e,Location-based,,,,,,,
Environment,Alibaba Group,2024,Total Energy Consumption,54290700,MWh,,,,,,,,
Environment,Alibaba Group,2023,Total Energy Consumption,52627400,MWh,,,,,,,,
Environment,Alibaba Group,2022,Total Energy Consumption,47125700,MWh,,,,,,,,
Environment,Alibaba Group,2024,Total Electricity Consumption,48822900,MWh,,,,,,,,
Environment,Alibaba Group,2023,Total Electricity Consumption,47391700,MWh,,,,,,,,
Environment,Alibaba Group,2022,Total Electricity Consumption,42065300,MWh,,,,,,,,
Environment,Alibaba Group,2024,Purchased renewable electricity,5801400,MWh,,,,,,,,
Environment,Alibaba Group,2023,Purchased renewable electricity,4819700,MWh,,,,,,,,
Environment,Alibaba Group,2022,Purchased renewable electricity,3086300,MWh,,,,,,,,
Environment,Alibaba Group,2024,Renewable energy usage rate,11.9,%,,,,,,,,
Environment,Alibaba Group,2023,Renewable energy usage rate,10.2,%,,,,,,,,
Environment,Alibaba Group,2022,Renewable energy usage rate,7.3,%,,,,,,,,
Environment,Alibaba Group,2024,Total Water Consumption,22500000,tonnes,,,,,,,,
Environment,Alibaba Group,2023,Total Water Consumption,23510000,tonnes,,,,,,,,
Environment,Alibaba Group,2022,Total Water Consumption,22940000,tonnes,,,,,,,,
Environment,Alibaba Group,2024,Total Non-hazardous Waste,139989,tonnes,,,,,,,,
Environment,Alibaba Group,2023,Total Non-hazardous Waste,124806,tonnes,,,,,,,,
Environment,Alibaba Group,2022,Total Non-hazardous Waste,117604,tonnes,,,,,,,,
Environment,Alibaba Group,2024,Total Hazardous Waste,58.8,tonnes,,,,,,,,
Environment,Alibaba Group,2023,Total Hazardous Waste,39.4,tonnes,,,,,,,,
Environment,Alibaba Group,2022,Total Hazardous Waste,47.9,tonnes,,,,,,,,
Social,Alibaba Group,2024,Total Employees,204891,Count,As of March 31,,,,,,,
Social,Alibaba Group,2023,Total Employees,220412,Count,As of March 31,,,,,,,
Social,Alibaba Group,2022,Total Employees,254941,Count,As of March 31,,,,,,,
Social,Alibaba Group,2024,Female employees representation,37,%,,,,,,,,
Social,Alibaba Group,2023,Female employees representation,36,%,,,,,,,,
Social,Alibaba Group,2022,Female employees representation,36,%,,,,,,,,
Social,Alibaba Group,2024,Female employees in management (Director level and above),29,%,,,,,,,,
Social,Alibaba Group,2023,Female employees in management (Director level and above),28,%,,,,,,,,
Social,Alibaba Group,2022,Female employees in management (Director level and above),28,%,,,,,,,,
Social,Alibaba Group,2024,Total voluntary employee turnover rate,6.5,%,,,,,,,,
Social,Alibaba Group,2023,Total voluntary employee turnover rate,8.3,%,,,,,,,,
Social,Alibaba Group,2024,Total training hours,8165000,Hours,,,,,,,,
Social,Alibaba Group,2023,Total training hours,9577000,Hours,,,,,,,,
Social,Alibaba Group,2022,Total training hours,10515000,Hours,,,,,,,,
Social,Alibaba Group,2024,Average training hours per employee,39.9,Hours,,,,,,,,
Social,Alibaba Group,2023,Average training hours per employee,43.5,Hours,,,,,,,,
Social,Alibaba Group,2022,Average training hours per employee,41.2,Hours,,,,,,,,
Social,Alibaba Group,2024,Lost Time Injury Rate (LTIR),0.48,Count,Per 200,000 hours worked,,,,,,
Social,Alibaba Group,2023,Lost Time Injury Rate (LTIR),0.41,Count,Per 200,000 hours worked,,,,,,
Social,Alibaba Group,2022,Lost Time Injury Rate (LTIR),0.38,Count,Per 200,000 hours worked,,,,,,
Social,Alibaba Group,2024,Number of fatal work injuries,0,Count,,,,,,,,
Social,Alibaba Group,2023,Number of fatal work injuries,0,Count,,,,,,,,
Social,Alibaba Group,2022,Number of fatal work injuries,0,Count,,,,,,,,
Governance,Alibaba Group,2024,Independent directors representation,50,%,Out of 10 directors,,,,,,,
Governance,Alibaba Group,2023,Independent directors representation,50,%,Out of 10 directors,,,,,,,
Governance,Alibaba Group,2022,Independent directors representation,50,%,Out of 10 directors,,,,,,,
Governance,Alibaba Group,2024,Female directors representation,30,%,,,,,,,,
Governance,Alibaba Group,2023,Female directors representation,30,%,,,,,,,,
Governance,Alibaba Group,2022,Female directors representation,30,%,,,,,,,,
Governance,Alibaba Group,2024,Training coverage on anti-corruption (Directors and senior management),100,%,,,,,,,,
Governance,Alibaba Group,2023,Training coverage on anti-corruption (Directors and senior management),100,%,,,,,,,,
Governance,Alibaba Group,2022,Training coverage on anti-corruption (Directors and senior management),100,%,,,,,,,,
Governance,Alibaba Group,2024,Training coverage on anti-corruption (Relevant employees),99.4,%,,,,,,,,
Governance,Alibaba Group,2023,Training coverage on anti-corruption (Relevant employees),99.7,%,,,,,,,,
Governance,Alibaba Group,2022,Training coverage on anti-corruption (Relevant employees),99.7,%,,,,,,,,
Carbon,Amazon's Carbon Footprint,2019,Total Emissions (MMT CO₂e),51.17,MMT CO₂e,MMT CO₂e is Million metric tons carbon dioxide equivalent,,,,,,,
Carbon,Amazon's Carbon Footprint,2020,Total Emissions (MMT CO₂e),60.64,MMT CO₂e,MMT CO₂e is Million metric tons carbon dioxide equivalent,,,,,,,
Carbon,Amazon's Carbon Footprint,2021,Total Emissions (MMT CO₂e),71.54,MMT CO₂e,MMT CO₂e is Million metric tons carbon dioxide equivalent,,,,,,,
Carbon,Amazon's Carbon Footprint,2022,Total Emissions (MMT CO₂e),65.1,MMT CO₂e,MMT CO₂e is Million metric tons carbon dioxide equivalent. Carbon Methodology updated.,,,,,,,
Carbon,Amazon's Carbon Footprint,2023,Total Emissions (MMT CO₂e),64.38,MMT CO₂e,MMT CO₂e is Million metric tons carbon dioxide equivalent. Carbon Methodology updated.,,,,,,,
Carbon,Amazon's Carbon Footprint,2024,Total Emissions (MMT CO₂e),68.25,MMT CO₂e,MMT CO₂e is Million metric tons carbon dioxide equivalent. Carbon Methodology updated.,,,,,,,
Carbon,Amazon's Carbon Footprint,2019,Direct Emissions (MMT CO₂e),5.76,MMT CO₂e,Scope 1 emissions,,,,,,,
Carbon,Amazon's Carbon Footprint,2020,Direct Emissions (MMT CO₂e),9.62,MMT CO₂e,Scope 1 emissions,,,,,,,
Carbon,Amazon's Carbon Footprint,2021,Direct Emissions (MMT CO₂e),12.11,MMT CO₂e,Scope 1 emissions,,,,,,,
Carbon,Amazon's Carbon Footprint,2022,Direct Emissions (MMT CO₂e),13.02,MMT CO₂e,Scope 1 emissions. Carbon Methodology updated.,,,,,,,
Carbon,Amazon's Carbon Footprint,2023,Direct Emissions (MMT CO₂e),14.22,MMT CO₂e,Scope 1 emissions. Carbon Methodology updated.,,,,,,,
Carbon,Amazon's Carbon Footprint,2024,Direct Emissions (MMT CO₂e),15.13,MMT CO₂e,Scope 1 emissions. Carbon Methodology updated.,,,,,,,
Carbon,Amazon's Carbon Footprint,2019,Indirect Emissions from Purchased Electricity (MMT CO₂e),5.5,MMT CO₂e,Scope 2 emissions (market-based method),,,,,,,
Carbon,Amazon's Carbon Footprint,2020,Indirect Emissions from Purchased Electricity (MMT CO₂e),5.27,MMT CO₂e,Scope 2 emissions (market-based method),,,,,,,
Carbon,Amazon's Carbon Footprint,2021,Indirect Emissions from Purchased Electricity (MMT CO₂e),4.07,MMT CO₂e,Scope 2 emissions (market-based method),,,,,,,
Carbon,Amazon's Carbon Footprint,2022,Indirect Emissions from Purchased Electricity (MMT CO₂e),3.06,MMT CO₂e,Scope 2 emissions (market-based method). Carbon Methodology updated.,,,,,,,
Carbon,Amazon's Carbon Footprint,2023,Indirect Emissions from Purchased Electricity (MMT CO₂e),2.76,MMT CO₂e,Scope 2 emissions (market-based method). Carbon Methodology updated.,,,,,,,
Carbon,Amazon's Carbon Footprint,2024,Indirect Emissions from Purchased Electricity (MMT CO₂e),2.8,MMT CO₂e,Scope 2 emissions (market-based method). Carbon Methodology updated.,,,,,,,
Carbon,Amazon's Carbon Footprint,2019,Indirect Emissions from Other Sources (MMT CO₂e),39.91,MMT CO₂e,Scope 3 emissions (market-based method),,,,,,,
Carbon,Amazon's Carbon Footprint,2020,Indirect Emissions from Other Sources (MMT CO₂e),45.75,MMT CO₂e,Scope 3 emissions (market-based method),,,,,,,
Carbon,Amazon's Carbon Footprint,2021,Indirect Emissions from Other Sources (MMT CO₂e),55.36,MMT CO₂e,Scope 3 emissions (market-based method),,,,,,,
Carbon,Amazon's Carbon Footprint,2022,Indirect Emissions from Other Sources (MMT CO₂e),49.02,MMT CO₂e,Scope 3 emissions (market-based method). Carbon Methodology updated.,,,,,,,
Carbon,Amazon's Carbon Footprint,2023,Indirect Emissions from Other Sources (MMT CO₂e),47.4,MMT CO₂e,Scope 3 emissions (market-based method). Carbon Methodology updated.,,,,,,,
Carbon,Amazon's Carbon Footprint,2024,Indirect Emissions from Other Sources (MMT CO₂e),50.32,MMT CO₂e,Scope 3 emissions (market-based method). Carbon Methodology updated.,,,,,,,
Carbon,Amazon's Carbon Footprint,2019,Carbon Intensity (gCO₂e/$GMS),122.8,gCO₂e/$GMS,gCO₂e/$GMS is Grams of carbon dioxide equivalent per dollar of gross merchandise sales,,,,,,,
Carbon,Amazon's Carbon Footprint,2020,Carbon Intensity (gCO₂e/$GMS),102.7,gCO₂e/$GMS,gCO₂e/$GMS is Grams of carbon dioxide equivalent per dollar of gross merchandise sales,,,,,,,
Carbon,Amazon's Carbon Footprint,2021,Carbon Intensity (gCO₂e/$GMS),100.8,gCO₂e/$GMS,gCO₂e/$GMS is Grams of carbon dioxide equivalent per dollar of gross merchandise sales,,,,,,,
Carbon,Amazon's Carbon Footprint,2022,Carbon Intensity (gCO₂e/$GMS),85.7,gCO₂e/$GMS,gCO₂e/$GMS is Grams of carbon dioxide equivalent per dollar of gross merchandise sales. Carbon Methodology updated.,,,,,,,
Carbon,Amazon's Carbon Footprint,2023,Carbon Intensity (gCO₂e/$GMS),75.6,gCO₂e/$GMS,gCO₂e/$GMS is Grams of carbon dioxide equivalent per dollar of gross merchandise sales. Carbon Methodology updated.,,,,,,,
Carbon,Amazon's Carbon Footprint,2024,Carbon Intensity (gCO₂e/$GMS),72.6,gCO₂e/$GMS,gCO₂e/$GMS is Grams of carbon dioxide equivalent per dollar of gross merchandise sales. Carbon Methodology updated.,,,,,,,
Packaging,Delivery Packaging - Global Breakdown,2023,Ships in Product Packaging,12,%,,,,,,,,
Packaging,Delivery Packaging - Global Breakdown,2024,Ships in Product Packaging,12,%,,,,,,,,
Packaging,Delivery Packaging - Global Breakdown,2023,Flexibles - Plastic or Paper,50,%,,,,,,,,
Packaging,Delivery Packaging - Global Breakdown,2024,Flexibles - Plastic or Paper,50,%,,,,,,,,
Packaging,Delivery Packaging - Global Breakdown,2023,Carboard Boxes,38,%,,,,,,,,
Packaging,Delivery Packaging - Global Breakdown,2024,Carboard Boxes,38,%,,,,,,,,
Packaging,Delivery Packaging - Europe,2023,Ships in Product Packaging,9,%,,,,,,,,
Packaging,Delivery Packaging - Europe,2024,Ships in Product Packaging,10,%,,,,,,,,
Packaging,Delivery Packaging - Europe,2023,Flexibles - Plastic or Paper,47,%,,,,,,,,
Packaging,Delivery Packaging - Europe,2024,Flexibles - Plastic or Paper,49,%,,,,,,,,
Packaging,Delivery Packaging - Europe,2023,Carboard Boxes,44,%,,,,,,,,
Packaging,Delivery Packaging - Europe,2024,Carboard Boxes,41,%,,,,,,,,
Packaging,Delivery Packaging - North America,2023,Ships in Product Packaging,13,%,,,,,,,,
Packaging,Delivery Packaging - North America,2024,Ships in Product Packaging,13,%,,,,,,,,
Packaging,Delivery Packaging - North America,2023,Flexibles - Plastic or Paper,51,%,,,,,,,,
Packaging,Delivery Packaging - North America,2024,Flexibles - Plastic or Paper,50,%,,,,,,,,
Packaging,Delivery Packaging - North America,2023,Carboard Boxes,36,%,,,,,,,,
Packaging,Delivery Packaging - North America,2024,Carboard Boxes,37,%,,,,,,,,
Packaging,Delivery Packaging - Rest of World,2023,Ships in Product Packaging,8,%,,,,,,,,
Packaging,Delivery Packaging - Rest of World,2024,Ships in Product Packaging,6,%,,,,,,,,
Packaging,Delivery Packaging - Rest of World,2023,Flexibles - Plastic or Paper,53,%,,,,,,,,
Packaging,Delivery Packaging - Rest of World,2024,Flexibles - Plastic or Paper,58,%,,,,,,,,
Packaging,Delivery Packaging - Rest of World,2023,Carboard Boxes,39,%,,,,,,,,
Packaging,Delivery Packaging - Rest of World,2024,Carboard Boxes,35,%,,,,,,,,
Responsible Supply Chain,Supplier Audits by Type,N/A,Initial Audit,39.9,%,,,,,,,,
Responsible Supply Chain,Supplier Audits by Type,N/A,Maintenance Audit,46.6,%,,,,,,,,
Responsible Supply Chain,Supplier Audits by Type,N/A,Verification Audit,13.5,%,,,,,,,,
Responsible Supply Chain,Labor Rights - Freedom of Association,2022,Medium-Level Findings,0.2,%,2022/2023: manufacturing audits only. 2024: expanded scope including third-party labor, service, and not-for-resale goods providers.,,,,,
Responsible Supply Chain,Labor Rights - Freedom of Association,2023,Medium-Level Findings,0.2,%,2022/2023: manufacturing audits only. 2024: expanded scope including third-party labor, service, and not-for-resale goods providers.,,,,,
Responsible Supply Chain,Labor Rights - Freedom of Association,2024,Medium-Level Findings,0.1,%,2022/2023: manufacturing audits only. 2024: expanded scope including third-party labor, service, and not-for-resale goods providers.,,,,,
Responsible Supply Chain,Labor Rights - Freedom of Association,2022,High-Level Findings,0,%,2022/2023: manufacturing audits only. 2024: expanded scope including third-party labor, service, and not-for-resale goods providers.,,,,,
Responsible Supply Chain,Labor Rights - Freedom of Association,2023,High-Level Findings,0,%,2022/2023: manufacturing audits only. 2024: expanded scope including third-party labor, service, and not-for-resale goods providers.,,,,,
Responsible Supply Chain,Labor Rights - Freedom of Association,2024,High-Level Findings,0,%,2022/2023: manufacturing audits only. 2024: expanded scope including third-party labor, service, and not-for-resale goods providers.,,,,,
Responsible Supply Chain,Labor Rights - Freely Chosen Employment,2022,Medium-Level Findings,2.5,%,2022/2023: manufacturing audits only. 2024: expanded scope including third-party labor, service, and not-for-resale goods providers.,,,,,
Responsible Supply Chain,Labor Rights - Freely Chosen Employment,2023,Medium-Level Findings,5.6,%,2022/2023: manufacturing audits only. 2024: expanded scope including third-party labor, service, and not-for-resale goods providers.,,,,,
Responsible Supply Chain,Labor Rights - Freely Chosen Employment,2024,Medium-Level Findings,6.4,%,2022/2023: manufacturing audits only. 2024: expanded scope including third-party labor, service, and not-for-resale goods providers.,,,,,
Responsible Supply Chain,Labor Rights - Freely Chosen Employment,2022,High-Level Findings,0.4,%,2022/2023: manufacturing audits only. 2024: expanded scope including third-party labor, service, and not-for-resale goods providers.,,,,,
Responsible Supply Chain,Labor Rights - Freely Chosen Employment,2023,High-Level Findings,1.3,%,2022/2023: manufacturing audits only. 2024: expanded scope including third-party labor, service, and not-for-resale goods providers.,,,,,
Responsible Supply Chain,Labor Rights - Freely Chosen Employment,2024,High-Level Findings,1,%,2022/2023: manufacturing audits only. 2024: expanded scope including third-party labor, service, and not-for-resale goods providers.,,,,,
Responsible Supply Chain,Labor Rights - Humane Treatment,2022,Medium-Level Findings,0.2,%,2022/2023: manufacturing audits only. 2024: expanded scope including third-party labor, service, and not-for-resale goods providers.,,,,,
Responsible Supply Chain,Labor Rights - Humane Treatment,2023,Medium-Level Findings,0.2,%,2022/2023: manufacturing audits only. 2024: expanded scope including third-party labor, service, and not-for-resale goods providers.,,,,,
Responsible Supply Chain,Labor Rights - Humane Treatment,2024,Medium-Level Findings,0.3,%,2022/2023: manufacturing audits only. 2024: expanded scope including third-party labor, service, and not-for-resale goods providers.,,,,,
Responsible Supply Chain,Labor Rights - Humane Treatment,2022,High-Level Findings,0,%,2022/2023: manufacturing audits only. 2024: expanded scope including third-party labor, service, and not-for-resale goods providers.,,,,,
Responsible Supply Chain,Labor Rights - Humane Treatment,2023,High-Level Findings,0,%,2022/2023: manufacturing audits only. 2024: expanded scope including third-party labor, service, and not-for-resale goods providers.,,,,,
Responsible Supply Chain,Labor Rights - Humane Treatment,2024,High-Level Findings,0.1,%,2022/2023: manufacturing audits only. 2024: expanded scope including third-party labor, service, and not-for-resale goods providers.,,,,,
Responsible Supply Chain,Labor Rights - Nondiscrimination,2022,Medium-Level Findings,0.1,%,2022/2023: manufacturing audits only. 2024: expanded scope including third-party labor, service, and not-for-resale goods providers.,,,,,
Responsible Supply Chain,Labor Rights - Nondiscrimination,2023,Medium-Level Findings,0.1,%,2022/2023: manufacturing audits only. 2024: expanded scope including third-party labor, service, and not-for-resale goods providers.,,,,,
Responsible Supply Chain,Labor Rights - Nondiscrimination,2024,Medium-Level Findings,0.1,%,2022/2023: manufacturing audits only. 2024: expanded scope including third-party labor, service, and not-for-resale goods providers.,,,,,
Responsible Supply Chain,Labor Rights - Nondiscrimination,2022,High-Level Findings,0.1,%,2022/2023: manufacturing audits only. 2024: expanded scope including third-party labor, service, and not-for-resale goods providers.,,,,,
Responsible Supply Chain,Labor Rights - Nondiscrimination,2023,High-Level Findings,0.1,%,2022/2023: manufacturing audits only. 2024: expanded scope including third-party labor, service, and not-for-resale goods providers.,,,,,
Responsible Supply Chain,Labor Rights - Nondiscrimination,2024,High-Level Findings,0,%,2022/2023: manufacturing audits only. 2024: expanded scope including third-party labor, service, and not-for-resale goods providers.,,,,,
Responsible Supply Chain,Labor Rights - Subcontractor and Next-Tier Supplier Responsibility,2022,Medium-Level Findings,0,%,2022/2023: manufacturing audits only. 2024: expanded scope including third-party labor, service, and not-for-resale goods providers.,,,,,
Responsible Supply Chain,Labor Rights - Subcontractor and Next-Tier Supplier Responsibility,2023,Medium-Level Findings,0,%,2022/2023: manufacturing audits only. 2024: expanded scope including third-party labor, service, and not-for-resale goods providers.,,,,,
Responsible Supply Chain,Labor Rights - Subcontractor and Next-Tier Supplier Responsibility,2024,Medium-Level Findings,0,%,2022/2023: manufacturing audits only. 2024: expanded scope including third-party labor, service, and not-for-resale goods providers.,,,,,
Responsible Supply Chain,Labor Rights - Subcontractor and Next-Tier Supplier Responsibility,2022,High-Level Findings,0,%,2022/2023: manufacturing audits only. 2024: expanded scope including third-party labor, service, and not-for-resale goods providers.,,,,,
Responsible Supply Chain,Labor Rights - Subcontractor and Next-Tier Supplier Responsibility,2023,High-Level Findings,0,%,2022/2023: manufacturing audits only. 2024: expanded scope including third-party labor, service, and not-for-resale goods providers.,,,,,
Responsible Supply Chain,Labor Rights - Subcontractor and Next-Tier Supplier Responsibility,2024,High-Level Findings,0,%,2022/2023: manufacturing audits only. 2024: expanded scope including third-party labor, service, and not-for-resale goods providers.,,,,,
Responsible Supply Chain,Labor Rights - Wages and Benefits,2022,Medium-Level Findings,40.8,%,2022/2023: manufacturing audits only. 2024: expanded scope including third-party labor, service, and not-for-resale goods providers.,,,,,
Responsible Supply Chain,Labor Rights - Wages and Benefits,2023,Medium-Level Findings,27.1,%,2022/2023: manufacturing audits only. 2024: expanded scope including third-party labor, service, and not-for-resale goods providers.,,,,,
Responsible Supply Chain,Labor Rights - Wages and Benefits,2024,Medium-Level Findings,17,%,2022/2023: manufacturing audits only. 2024: expanded scope including third-party labor, service, and not-for-resale goods providers.,,,,,
Responsible Supply Chain,Labor Rights - Wages and Benefits,2022,High-Level Findings,0,%,2022/2023: manufacturing audits only. 2024: expanded scope including third-party labor, service, and not-for-resale goods providers.,,,,,
Responsible Supply Chain,Labor Rights - Wages and Benefits,2023,High-Level Findings,0,%,2022/2023: manufacturing audits only. 2024: expanded scope including third-party labor, service, and not-for-resale goods providers.,,,,,
Responsible Supply Chain,Labor Rights - Wages and Benefits,2024,High-Level Findings,0,%,2022/2023: manufacturing audits only. 2024: expanded scope including third-party labor, service, and not-for-resale goods providers.,,,,,
Responsible Supply Chain,Labor Rights - Worker Grievance/Complaint Mechanism,2022,Medium-Level Findings,0,%,2022/2023: manufacturing audits only. 2024: expanded scope including third-party labor, service, and not-for-resale goods providers.,,,,,
Responsible Supply Chain,Labor Rights - Worker Grievance/Complaint Mechanism,2023,Medium-Level Findings,0,%,2022/2023: manufacturing audits only. 2024: expanded scope including third-party labor, service, and not-for-resale goods providers.,,,,,
Responsible Supply Chain,Labor Rights - Worker Grievance/Complaint Mechanism,2024,Medium-Level Findings,0,%,2022/2023: manufacturing audits only. 2024: expanded scope including third-party labor, service, and not-for-resale goods providers.,,,,,
Responsible Supply Chain,Labor Rights - Worker Grievance/Complaint Mechanism,2022,High-Level Findings,0,%,2022/2023: manufacturing audits only. 2024: expanded scope including third-party labor, service, and not-for-resale goods providers.,,,,,
Responsible Supply Chain,Labor Rights - Worker Grievance/Complaint Mechanism,2023,High-Level Findings,0,%,2022/2023: manufacturing audits only. 2024: expanded scope including third-party labor, service, and not-for-resale goods providers.,,,,,
Responsible Supply Chain,Labor Rights - Worker Grievance/Complaint Mechanism,2024,High-Level Findings,0,%,2022/2023: manufacturing audits only. 2024: expanded scope including third-party labor, service, and not-for-resale goods providers.,,,,,
Responsible Supply Chain,Labor Rights - Working Hours,2022,Medium-Level Findings,3.8,%,2022/2023: manufacturing audits only. 2024: expanded scope including third-party labor, service, and not-for-resale goods providers.,,,,,
Responsible Supply Chain,Labor Rights - Working Hours,2023,Medium-Level Findings,6.6,%,2022/2023: manufacturing audits only. 2024: expanded scope including third-party labor, service, and not-for-resale goods providers.,,,,,
Responsible Supply Chain,Labor Rights - Working Hours,2024,Medium-Level Findings,8.1,%,2022/2023: manufacturing audits only. 2024: expanded scope including third-party labor, service, and not-for-resale goods providers.,,,,,
Responsible Supply Chain,Labor Rights - Working Hours,2022,High-Level Findings,0,%,2022/2023: manufacturing audits only. 2024: expanded scope including third-party labor, service, and not-for-resale goods providers.,,,,,
Responsible Supply Chain,Labor Rights - Working Hours,2023,High-Level Findings,0,%,2022/2023: manufacturing audits only. 2024: expanded scope including third-party labor, service, and not-for-resale goods providers.,,,,,
Responsible Supply Chain,Labor Rights - Working Hours,2024,High-Level Findings,0,%,2022/2023: manufacturing audits only. 2024: expanded scope including third-party labor, service, and not-for-resale goods providers.,,,,,
Responsible Supply Chain,Labor Rights - Young Workers,2022,Medium-Level Findings,0.1,%,2022/2023: manufacturing audits only. 2024: expanded scope including third-party labor, service, and not-for-resale goods providers.,,,,,
Responsible Supply Chain,Labor Rights - Young Workers,2023,Medium-Level Findings,1,%,2022/2023: manufacturing audits only. 2024: expanded scope including third-party labor, service, and not-for-resale goods providers.,,,,,
Responsible Supply Chain,Labor Rights - Young Workers,2024,Medium-Level Findings,0.2,%,2022/2023: manufacturing audits only. 2024: expanded scope including third-party labor, service, and not-for-resale goods providers.,,,,,
Responsible Supply Chain,Labor Rights - Young Workers,2022,High-Level Findings,0,%,2022/2023: manufacturing audits only. 2024: expanded scope including third-party labor, service, and not-for-resale goods providers.,,,,,
Responsible Supply Chain,Labor Rights - Young Workers,2023,High-Level Findings,0,%,2022/2023: manufacturing audits only. 2024: expanded scope including third-party labor, service, and not-for-resale goods providers.,,,,,
Responsible Supply Chain,Labor Rights - Young Workers,2024,High-Level Findings,0.1,%,2022/2023: manufacturing audits only. 2024: expanded scope including third-party labor, service, and not-for-resale goods providers.,,,,,
Responsible Supply Chain,Ethical Behavior - Business Integrity,2022,Medium-Level Findings,1.3,%,2022/2023: manufacturing audits only. 2024: expanded scope including third-party labor, service, and not-for-resale goods providers.,,,,,
Responsible Supply Chain,Ethical Behavior - Business Integrity,2023,Medium-Level Findings,3,%,2022/2023: manufacturing audits only. 2024: expanded scope including third-party labor, service, and not-for-resale goods providers.,,,,,
Responsible Supply Chain,Ethical Behavior - Business Integrity,2024,Medium-Level Findings,2.9,%,2022/2023: manufacturing audits only. 2024: expanded scope including third-party labor, service, and not-for-resale goods providers.,,,,,
Responsible Supply Chain,Ethical Behavior - Business Integrity,2022,High-Level Findings,0.1,%,2022/2023: manufacturing audits only. 2024: expanded scope including third-party labor, service, and not-for-resale goods providers.,,,,,
Responsible Supply Chain,Ethical Behavior - Business Integrity,2023,High-Level Findings,0,%,2022/2023: manufacturing audits only. 2024: expanded scope including third-party labor, service, and not-for-resale goods providers.,,,,,
Responsible Supply Chain,Ethical Behavior - Business Integrity,2024,High-Level Findings,0,%,2022/2023: manufacturing audits only. 2024: expanded scope including third-party labor, service, and not-for-resale goods providers.,,,,,
Responsible Supply Chain,Ethical Behavior - Transparency,2022,Medium-Level Findings,0.4,%,2022/2023: manufacturing audits only. 2024: expanded scope including third-party labor, service, and not-for-resale goods providers.,,,,,
Responsible Supply Chain,Ethical Behavior - Transparency,2023,Medium-Level Findings,0.5,%,2022/2023: manufacturing audits only. 2024: expanded scope including third-party labor, service, and not-for-resale goods providers.,,,,,
Responsible Supply Chain,Ethical Behavior - Transparency,2024,Medium-Level Findings,0.8,%,2022/2023: manufacturing audits only. 2024: expanded scope including third-party labor, service, and not-for-resale goods providers.,,,,,
Responsible Supply Chain,Ethical Behavior - Transparency,2022,High-Level Findings,0.9,%,2022/2023: manufacturing audits only. 2024: expanded scope including third-party labor, service, and not-for-resale goods providers.,,,,,
Responsible Supply Chain,Ethical Behavior - Transparency,2023,High-Level Findings,1.8,%,2022/2023: manufacturing audits only. 2024: expanded scope including third-party labor, service, and not-for-resale goods providers.,,,,,
Responsible Supply Chain,Ethical Behavior - Transparency,2024,High-Level Findings,2.9,%,2022/2023: manufacturing audits only. 2024: expanded scope including third-party labor, service, and not-for-resale goods providers.,,,,,
Responsible Supply Chain,Health and Safety - Emergency Preparedness and Response,2022,Medium-Level Findings,6.7,%,2022/2023: manufacturing audits only. 2024: expanded scope including third-party labor, service, and not-for-resale goods providers.,,,,,
Responsible Supply Chain,Health and Safety - Emergency Preparedness and Response,2023,Medium-Level Findings,11.7,%,2022/2023: manufacturing audits only. 2024: expanded scope including third-party labor, service, and not-for-resale goods providers.,,,,,
Responsible Supply Chain,Health and Safety - Emergency Preparedness and Response,2024,Medium-Level Findings,14.1,%,2022/2023: manufacturing audits only. 2024: expanded scope including third-party labor, service, and not-for-resale goods providers.,,,,,
Responsible Supply Chain,Health and Safety - Emergency Preparedness and Response,2022,High-Level Findings,0.7,%,2022/2023: manufacturing audits only. 2024: expanded scope including third-party labor, service, and not-for-resale goods providers.,,,,,
Responsible Supply Chain,Health and Safety - Emergency Preparedness and Response,2023,High-Level Findings,2.9,%,2022/2023: manufacturing audits only. 2024: expanded scope including third-party labor, service, and not-for-resale goods providers.,,,,,
Responsible Supply Chain,Health and Safety - Emergency Preparedness and Response,2024,High-Level Findings,3.5,%,2022/2023: manufacturing audits only. 2024: expanded scope including third-party labor, service, and not-for-resale goods providers.,,,,,
Responsible Supply Chain,Health and Safety - Industrial Hygiene,2022,Medium-Level Findings,15.3,%,2022/2023: manufacturing audits only. 2024: expanded scope including third-party labor, service, and not-for-resale goods providers.,,,,,
Responsible Supply Chain,Health and Safety - Industrial Hygiene,2023,Medium-Level Findings,8.1,%,2022/2023: manufacturing audits only. 2024: expanded scope including third-party labor, service, and not-for-resale goods providers.,,,,,
Responsible Supply Chain,Health and Safety - Industrial Hygiene,2024,Medium-Level Findings,4.2,%,2022/2023: manufacturing audits only. 2024: expanded scope including third-party labor, service, and not-for-resale goods providers.,,,,,
Responsible Supply Chain,Health and Safety - Industrial Hygiene,2022,High-Level Findings,0,%,2022/2023: manufacturing audits only. 2024: expanded scope including third-party labor, service, and not-for-resale goods providers.,,,,,
Responsible Supply Chain,Health and Safety - Industrial Hygiene,2023,High-Level Findings,0,%,2022/2023: manufacturing audits only. 2024: expanded scope including third-party labor, service, and not-for-resale goods providers.,,,,,
Responsible Supply Chain,Health and Safety - Industrial Hygiene,2024,High-Level Findings,0,%,2022/2023: manufacturing audits only. 2024: expanded scope including third-party labor, service, and not-for-resale goods providers.,,,,,
Responsible Supply Chain,Health and Safety - Machine Safeguarding,2022,Medium-Level Findings,0.2,%,2022/2023: manufacturing audits only. 2024: expanded scope including third-party labor, service, and not-for-resale goods providers.,,,,,
Responsible Supply Chain,Health and Safety - Machine Safeguarding,2023,Medium-Level Findings,0.3,%,2022/2023: manufacturing audits only. 2024: expanded scope including third-party labor, service, and not-for-resale goods providers.,,,,,
Responsible Supply Chain,Health and Safety - Machine Safeguarding,2024,Medium-Level Findings,0.5,%,2022/2023: manufacturing audits only. 2024: expanded scope including third-party labor, service, and not-for-resale goods providers.,,,,,
Responsible Supply Chain,Health and Safety - Machine Safeguarding,2022,High-Level Findings,0,%,2022/2023: manufacturing audits only. 2024: expanded scope including third-party labor, service, and not-for-resale goods providers.,,,,,
Responsible Supply Chain,Health and Safety - Machine Safeguarding,2023,High-Level Findings,0.1,%,2022/2023: manufacturing audits only. 2024: expanded scope including third-party labor, service, and not-for-resale goods providers.,,,,,
Responsible Supply Chain,Health and Safety - Machine Safeguarding,2024,High-Level Findings,0.1,%,2022/2023: manufacturing audits only. 2024: expanded scope including third-party labor, service, and not-for-resale goods providers.,,,,,
Responsible Supply Chain,Health and Safety - Sanitation, Dormitory, and Canteen,2022,Medium-Level Findings,1,%,2022/2023: manufacturing audits only. 2024: expanded scope including third-party labor, service, and not-for-resale goods providers.,,,
Responsible Supply Chain,Health and Safety - Sanitation, Dormitory, and Canteen,2023,Medium-Level Findings,1.1,%,2022/2023: manufacturing audits only. 2024: expanded scope including third-party labor, service, and not-for-resale goods providers.,,,
Responsible Supply Chain,Health and Safety - Sanitation, Dormitory, and Canteen,2024,Medium-Level Findings,0.6,%,2022/2023: manufacturing audits only. 2024: expanded scope including third-party labor, service, and not-for-resale goods providers.,,,
Responsible Supply Chain,Health and Safety - Sanitation, Dormitory, and Canteen,2022,High-Level Findings,0.2,%,2022/2023: manufacturing audits only. 2024: expanded scope including third-party labor, service, and not-for-resale goods providers.,,,
Responsible Supply Chain,Health and Safety - Sanitation, Dormitory, and Canteen,2023,High-Level Findings,0.4,%,2022/2023: manufacturing audits only. 2024: expanded scope including third-party labor, service, and not-for-resale goods providers.,,,
Responsible Supply Chain,Health and Safety - Sanitation, Dormitory, and Canteen,2024,High-Level Findings,0.5,%,2022/2023: manufacturing audits only. 2024: expanded scope including third-party labor, service, and not-for-resale goods providers.,,,
Responsible Supply Chain,Health and Safety - Occupational Safety,2022,Medium-Level Findings,11.9,%,2022/2023: manufacturing audits only. 2024: expanded scope including third-party labor, service, and not-for-resale goods providers.,,,,,
Responsible Supply Chain,Health and Safety - Occupational Safety,2023,Medium-Level Findings,10.5,%,2022/2023: manufacturing audits only. 2024: expanded scope including third-party labor, service, and not-for-resale goods providers.,,,,,
Responsible Supply Chain,Health and Safety - Occupational Safety,2024,Medium-Level Findings,8.6,%,2022/2023: manufacturing audits only. 2024: expanded scope including third-party labor, service, and not-for-resale goods providers.,,,,,
Responsible Supply Chain,Health and Safety - Occupational Safety,2022,High-Level Findings,0.1,%,2022/2023: manufacturing audits only. 2024: expanded scope including third-party labor, service, and not-for-resale goods providers.,,,,,
Responsible Supply Chain,Health and Safety - Occupational Safety,2023,High-Level Findings,0.1,%,2022/2023: manufacturing audits only. 2024: expanded scope including third-party labor, service, and not-for-resale goods providers.,,,,,
Responsible Supply Chain,Health and Safety - Occupational Safety,2024,High-Level Findings,0.1,%,2022/2023: manufacturing audits only. 2024: expanded scope including third-party labor, service, and not-for-resale goods providers.,,,,,
Responsible Supply Chain,Environment - Hazardous Substances,2022,Medium-Level Findings,0,%,2022/2023: manufacturing audits only. 2024: expanded scope including third-party labor, service, and not-for-resale goods providers.,,,,,
Responsible Supply Chain,Environment - Hazardous Substances,2023,Medium-Level Findings,0.1,%,2022/2023: manufacturing audits only. 2024: expanded scope including third-party labor, service, and not-for-resale goods providers.,,,,,
Responsible Supply Chain,Environment - Hazardous Substances,2024,Medium-Level Findings,0.1,%,2022/2023: manufacturing audits only. 2024: expanded scope including third-party labor, service, and not-for-resale goods providers.,,,,,
Responsible Supply Chain,Environment - Hazardous Substances,2022,High-Level Findings,0,%,2022/2023: manufacturing audits only. 2024: expanded scope including third-party labor, service, and not-for-resale goods providers.,,,,,
Responsible Supply Chain,Environment - Hazardous Substances,2023,High-Level Findings,0,%,2022/2023: manufacturing audits only. 2024: expanded scope including third-party labor, service, and not-for-resale goods providers.,,,,,
Responsible Supply Chain,Environment - Hazardous Substances,2024,High-Level Findings,0,%,2022/2023: manufacturing audits only. 2024: expanded scope including third-party labor, service, and not-for-resale goods providers.,,,,,
Responsible Supply Chain,Environment - Pollution Management and Prevention,2022,Medium-Level Findings,0.2,%,2022/2023: manufacturing audits only. 2024: expanded scope including third-party labor, service, and not-for-resale goods providers.,,,,,
Responsible Supply Chain,Environment - Pollution Management and Prevention,2023,Medium-Level Findings,0.1,%,2022/2023: manufacturing audits only. 2024: expanded scope including third-party labor, service, and not-for-resale goods providers.,,,,,
Responsible Supply Chain,Environment - Pollution Management and Prevention,2024,Medium-Level Findings,0.1,%,2022/2023: manufacturing audits only. 2024: expanded scope including third-party labor, service, and not-for-resale goods providers.,,,,,
Responsible Supply Chain,Environment - Pollution Management and Prevention,2022,High-Level Findings,0,%,2022/2023: manufacturing audits only. 2024: expanded scope including third-party labor, service, and not-for-resale goods providers.,,,,,
Responsible Supply Chain,Environment - Pollution Management and Prevention,2023,High-Level Findings,0,%,2022/2023: manufacturing audits only. 2024: expanded scope including third-party labor, service, and not-for-resale goods providers.,,,,,
Responsible Supply Chain,Environment - Pollution Management and Prevention,2024,High-Level Findings,0,%,2022/2023: manufacturing audits only. 2024: expanded scope including third-party labor, service, and not-for-resale goods providers.,,,,,
Health and Safety,Comparative Safety Data - Worldwide,2019,Recordable Incident Rate (RIR),6.7,rate,Worldwide RIR,,,,,,,
Health and Safety,Comparative Safety Data - Worldwide,2020,Recordable Incident Rate (RIR),5.1,rate,Worldwide RIR,,,,,,,
Health and Safety,Comparative Safety Data - Worldwide,2021,Recordable Incident Rate (RIR),5.7,rate,Worldwide RIR,,,,,,,
Health and Safety,Comparative Safety Data - Worldwide,2022,Recordable Incident Rate (RIR),5.1,rate,Worldwide RIR,,,,,,,
Health and Safety,Comparative Safety Data - Worldwide,2023,Recordable Incident Rate (RIR),4.7,rate,Worldwide RIR,,,,,,,
Health and Safety,Comparative Safety Data - Worldwide,2024,Recordable Incident Rate (RIR),4.4,rate,Worldwide RIR,,,,,,,
Health and Safety,Comparative Safety Data - Worldwide,2019,Lost Time Incident Rate (LTIR),4,rate,Worldwide LTIR,,,,,,,
Health and Safety,Comparative Safety Data - Worldwide,2020,Lost Time Incident Rate (LTIR),2.3,rate,Worldwide LTIR,,,,,,,
Health and Safety,Comparative Safety Data - Worldwide,2021,Lost Time Incident Rate (LTIR),2.2,rate,Worldwide LTIR,,,,,,,
Health and Safety,Comparative Safety Data - Worldwide,2022,Lost Time Incident Rate (LTIR),1.9,rate,Worldwide LTIR,,,,,,,
Health and Safety,Comparative Safety Data - Worldwide,2023,Lost Time Incident Rate (LTIR),1.6,rate,Worldwide LTIR,,,,,,,
Health and Safety,Comparative Safety Data - Worldwide,2024,Lost Time Incident Rate (LTIR),1.4,rate,Worldwide LTIR,,,,,,,
Health and Safety,Comparative Safety Data - U.S. (Amazon Only),2019,Recordable Incident Rate (RIR),8.7,rate,U.S. RIR,,,,,,,
Health and Safety,Comparative Safety Data - U.S. (Amazon Only),2020,Recordable Incident Rate (RIR),6.5,rate,U.S. RIR,,,,,,,
Health and Safety,Comparative Safety Data - U.S. (Amazon Only),2021,Recordable Incident Rate (RIR),7.6,rate,U.S. RIR,,,,,,,
Health and Safety,Comparative Safety Data - U.S. (Amazon Only),2022,Recordable Incident Rate (RIR),6.7,rate,U.S. RIR,,,,,,,
Health and Safety,Comparative Safety Data - U.S. (Amazon Only),2023,Recordable Incident Rate (RIR),6.3,rate,U.S. RIR,,,,,,,
Health and Safety,Comparative Safety Data - U.S. (Amazon Only),2024,Recordable Incident Rate (RIR),6,rate,U.S. RIR,,,,,,,
Health and Safety,Comparative Safety Data - U.S. (Amazon Only),2019,Lost Time Incident Rate (LTIR),5.1,rate,U.S. LTIR,,,,,,,
Health and Safety,Comparative Safety Data - U.S. (Amazon Only),2020,Lost Time Incident Rate (LTIR),2.6,rate,U.S. LTIR,,,,,,,
Health and Safety,Comparative Safety Data - U.S. (Amazon Only),2021,Lost Time Incident Rate (LTIR),2.3,rate,U.S. LTIR,,,,,,,
Health and Safety,Comparative Safety Data - U.S. (Amazon Only),2022,Lost Time Incident Rate (LTIR),1.6,rate,U.S. LTIR,,,,,,,
Health and Safety,Comparative Safety Data - U.S. (Amazon Only),2023,Lost Time Incident Rate (LTIR),1.3,rate,U.S. LTIR,,,,,,,
Health and Safety,Comparative Safety Data - U.S. (Amazon Only),2024,Lost Time Incident Rate (LTIR),1.2,rate,U.S. LTIR,,,,,,,
Health and Safety,U.S. RIR Comparison (General Warehousing),2022,Amazon U.S. Only RIR,6.9,rate,Comparison data for General Warehousing and Storage (companies > 1k employees),,,,,,,
Health and Safety,U.S. RIR Comparison (General Warehousing),2023,Amazon U.S. Only RIR,6.5,rate,Comparison data for General Warehousing and Storage (companies > 1k employees),,,,,,,
Health and Safety,U.S. RIR Comparison (General Warehousing),2024,Amazon U.S. Only RIR,6.2,rate,Comparison data for General Warehousing and Storage (companies > 1k employees),,,,,,,
Health and Safety,U.S. LTIR Comparison (General Warehousing),2022,Amazon U.S. Only LTIR,1.1,rate,Comparison data for General Warehousing and Storage,,,,,,,
Health and Safety,U.S. LTIR Comparison (General Warehousing),2023,Amazon U.S. Only LTIR,1.1,rate,Comparison data for General Warehousing and Storage,,,,,,,
Health and Safety,U.S. LTIR Comparison (General Warehousing),2024,Amazon U.S. Only LTIR,1,rate,Comparison data for General Warehousing and Storage,,,,,,,
Health and Safety,U.S. RIR Comparison (Courier and Express Delivery),2022,Amazon U.S. Only RIR,7,rate,Comparison data for Courier and Express Delivery Services (companies with 250-999 couriers),,,,,,,
Health and Safety,U.S. RIR Comparison (Courier and Express Delivery),2023,Amazon U.S. Only RIR,6.3,rate,Comparison data for Courier and Express Delivery Services (companies with 250-999 couriers),,,,,,,
Health and Safety,U.S. RIR Comparison (Courier and Express Delivery),2024,Amazon U.S. Only RIR,5.3,rate,Comparison data for Courier and Express Delivery Services (companies with 250-999 couriers),,,,,,,
Health and Safety,U.S. LTIR Comparison (Courier and Express Delivery),2022,Amazon U.S. Only LTIR,3.6,rate,Comparison data for Courier and Express Delivery Services (companies with 250-999 couriers),,,,,,,
Health and Safety,U.S. LTIR Comparison (Courier and Express Delivery),2023,Amazon U.S. Only LTIR,2.4,rate,Comparison data for Courier and Express Delivery Services (companies with 250-999 couriers),,,,,,,
Health and Safety,U.S. LTIR Comparison (Courier and Express Delivery),2024,Amazon U.S. Only LTIR,1.8,rate,Comparison data for Courier and Express Delivery Services (companies with 250-999 couriers),,,,,,,
Sustainable Products,Palm Oil Progress - Whole Foods Market,2023,Progress (% of in-scope products),100,%,Source palm oil from sources certified to the RSPO supply chain standard.,,,,,,,
Sustainable Products,Palm Oil Progress - Whole Foods Market,2024,Progress (% of in-scope products),100,%,Source palm oil from sources certified to the RSPO supply chain standard.,,,,,,,
Sustainable Products,Palm Oil Progress - Amazon Private Brands North America,2024,Progress (% of in-scope products),97,%,Source palm oil from sources certified to the RSPO supply chain standard.,,,,,,,
Sustainable Products,Palm Oil Progress - Amazon Private Brands Europe,2024,Progress (% of in-scope products),100,%,Source palm oil from sources certified to the RSPO supply chain standard.,,,,,,,
Sustainable Products,Paper Products - 365 by Whole Foods Market-branded products,2023,Progress (% of in-scope products),100,%,Source Private Brands paper products that are either recycled or certified to FSC, SFI, or PEFC standards.,,,,,
Sustainable Products,Paper Products - 365 by Whole Foods Market-branded products,2024,Progress (% of in-scope products),100,%,Source Private Brands paper products that are either recycled or certified to FSC, SFI, or PEFC standards.,,,,,
Sustainable Products,Paper Products - Amazon Private Brands North America,2023,Progress (% of in-scope products),100,%,Source Private Brands paper products that are either recycled or certified to FSC, SFI, or PEFC standards.,,,,,
Sustainable Products,Paper Products - Amazon Private Brands North America,2024,Progress (% of in-scope products),100,%,Source Private Brands paper products that are either recycled or certified to FSC, SFI, or PEFC standards.,,,,,
Sustainable Products,Paper Products - Amazon Private Brands Europe,2023,Progress (% of in-scope products),100,%,Source Private Brands paper products that are either recycled or certified to FSC, SFI, or PEFC standards.,,,,,
Sustainable Products,Paper Products - Amazon Private Brands Europe,2024,Progress (% of in-scope products),97,%,Source Private Brands paper products that are either recycled or certified to FSC, SFI, or PEFC standards.,,,,,
Sustainable Products,Beef Progress - 365 by Whole Foods Market-branded products,2023,Progress (% of in-scope products),100,%,By 2025, source Private Brands beef from regions of low deforestation risk or with full supply chain traceability.,,,,,,
Sustainable Products,Beef Progress - 365 by Whole Foods Market-branded products,2024,Progress (% of in-scope products),100,%,By 2025, source Private Brands beef from regions of low deforestation risk or with full supply chain traceability.,,,,,,
Sustainable Products,Beef Progress - Amazon Private Brands North America,2023,Progress (% of in-scope products),92,%,By 2025, source Private Brands beef from regions of low deforestation risk or with full supply chain traceability.,,,,,,
Sustainable Products,Beef Progress - Amazon Private Brands North America,2024,Progress (% of in-scope products),95,%,By 2025, source Private Brands beef from regions of low deforestation risk or with full supply chain traceability.,,,,,,
Sustainable Products,Beef Progress - Amazon Private Brands Europe,2023,Progress (% of in-scope products),100,%,By 2025, source Private Brands beef from regions of low deforestation risk or with full supply chain traceability.,,,,,,
Sustainable Products,Beef Progress - Amazon Private Brands Europe,2024,Progress (% of in-scope products),100,%,By 2025, source Private Brands beef from regions of low deforestation risk or with full supply chain traceability.,,,,,,
Sustainable Products,Soy Progress - European Private Brand Supply Chains (DCF Verified),2024,Progress (% of soy verified DCF),6,%,Goal: Soy in Private Brands supply chains will be deforestation-free by the end of 2025 (in Europe).,,,,,,,
Sustainable Products,Soy Progress - European Private Brand Supply Chains (In Transition),2024,Progress (% of soy in transition),79,%,Goal: Soy in Private Brands supply chains will be deforestation-free by the end of 2025 (in Europe).,,,,,,,
Sustainable Products,Cocoa Progress - 365 by Whole Foods Market-branded products,2023,Progress (% of in-scope products),100,%,By 2025, source certified cocoa products.,,,,,,
Sustainable Products,Cocoa Progress - 365 by Whole Foods Market-branded products,2024,Progress (% of in-scope products),100,%,By 2025, source certified cocoa products.,,,,,,
Sustainable Products,Cocoa Progress - Amazon Private Brands North America,2023,Progress (% of in-scope products),53,%,By 2025, source certified cocoa products.,,,,,,
Sustainable Products,Cocoa Progress - Amazon Private Brands North America,2024,Progress (% of in-scope products),70,%,By 2025, source certified cocoa products.,,,,,,
Sustainable Products,Cocoa Progress - Amazon Private Brands Europe,2023,Progress (% of in-scope products),100,%,By 2025, source certified cocoa products.,,,,,,
Sustainable Products,Cocoa Progress - Amazon Private Brands Europe,2024,Progress (% of in-scope products),100,%,By 2025, source certified cocoa products.,,,,,,
Sustainable Products,Coffee Progress - 365/Whole Foods Market-branded products,2023,Progress (% of in-scope products),100,%,By 2025, source certified coffee products.,,,,,,
Sustainable Products,Coffee Progress - 365/Whole Foods Market-branded products,2024,Progress (% of in-scope products),100,%,By 2025, source certified coffee products.,,,,,,
Sustainable Products,Coffee Progress - Amazon Private Brands North America,2023,Progress (% of in-scope products),98,%,By 2025, source certified coffee products.,,,,,,
Sustainable Products,Coffee Progress - Amazon Private Brands North America,2024,Progress (% of in-scope products),98,%,By 2025, source certified coffee products.,,,,,,
Sustainable Products,Coffee Progress - Amazon Private Brands Europe,2023,Progress (% of in-scope products),100,%,By 2025, source certified coffee products.,,,,,,
Sustainable Products,Coffee Progress - Amazon Private Brands Europe,2024,Progress (% of in-scope products),100,%,By 2025, source certified coffee products.,,,,,,
Sustainable Products,Tea Progress - 365 by Whole Foods Market-branded products,2023,Progress (% of in-scope products),100,%,By 2025, source certified bagged tea products.,,,,,,
Sustainable Products,Tea Progress - 365 by Whole Foods Market-branded products,2024,Progress (% of in-scope products),100,%,By 2025, source certified bagged tea products.,,,,,,
Sustainable Products,Tea Progress - Amazon Private Brands North America,2023,Progress (% of in-scope products),18,%,By 2025, source certified bagged tea products.,,,,,,
Sustainable Products,Tea Progress - Amazon Private Brands North America,2024,Progress (% of in-scope products),75,%,By 2025, source certified bagged tea products.,,,,,,
Sustainable Products,Seafood Progress - Whole Foods Market,2023,Progress (% of in-scope products),100,%,Source Responsibly Farmed or sustainable wild-caught fresh and frozen seafood to Whole Foods Market's Seafood Quality Standards.,,,,,,,
Sustainable Products,Seafood Progress - Whole Foods Market,2024,Progress (% of in-scope products),100,%,Source Responsibly Farmed or sustainable wild-caught fresh and frozen seafood to Whole Foods Market's Seafood Quality Standards.,,,,,,,
Sustainable Products,Seafood Progress - Amazon Private Brands North America,2023,Progress (% of in-scope products),100,%,Source Amazon Private Brands seafood products that have a third-party sustainability certification or are actively working toward certification or engaged in a fishery improvement project (FIP).,,,,,,,
Sustainable Products,Seafood Progress - Amazon Private Brands North America,2024,Progress (% of in-scope products),100,%,Source Amazon Private Brands seafood products that have a third-party sustainability certification or are actively working toward certification or engaged in a fishery improvement project (FIP).,,,,,,,
Sustainable Products,Seafood Progress - Amazon Private Brands Europe,2024,Progress (% of in-scope products),100,%,Source Amazon Private Brands seafood products that have a third-party sustainability certification or are actively working toward certification or engaged in a fishery improvement project (FIP). Data for Europe was being verified in 2023.,,,,,,,
Sustainable Products,Eggs Progress - Whole Foods Market (Dairy Cases, Kitchens, Bakeries) U.S.,2023,Progress (% of products meeting WFM Animal Welfare Standards),100,%,Source shell and liquid egg products to a cage-free or higher animal welfare standard.,,,,,
Sustainable Products,Eggs Progress - Whole Foods Market (Dairy Cases, Kitchens, Bakeries) U.S.,2024,Progress (% of products meeting WFM Animal Welfare Standards),100,%,Source shell and liquid egg products to a cage-free or higher animal welfare standard.,,,,,
Sustainable Products,Eggs Progress - Amazon Private Brands and national brands North America,2023,Progress (% of selections that are cage-free),100,%,Source shell and liquid egg products to a cage-free or higher animal welfare standard.,,,,,,,
Sustainable Products,Eggs Progress - Amazon Private Brands and national brands North America,2024,Progress (% of selections that are cage-free),100,%,Source shell and liquid egg products to a cage-free or higher animal welfare standard.,,,,,,,
Sustainable Products,Eggs Progress - Amazon Private Brands Europe (Shell Eggs),2023,Progress (% of eggs that are free-range or barn-raised),100,%,Source shell and liquid egg products to a cage-free or higher animal welfare standard.,,,,,,,
Sustainable Products,Eggs Progress - Amazon Private Brands Europe (Shell Eggs),2024,Progress (% of eggs that are free-range or barn-raised),100,%,Source shell and liquid egg products to a cage-free or higher animal welfare standard.,,,,,,,
Sustainable Products,Pork Progress - Whole Foods Market,2023,Progress (% of fresh pork that is crate-free and certified by GAP),100,%,Source fresh pork sold in the Whole Foods Market meat department in the U.S. and Canada that is crate-free and certified by the Global Animal Partnership.,,,,,,,
Sustainable Products,Pork Progress - Whole Foods Market,2024,Progress (% of fresh pork that is crate-free and certified by GAP),100,%,Source fresh pork sold in the Whole Foods Market meat department in the U.S. and Canada that is crate-free and certified by the Global Animal Partnership.,,,,,,,
Sustainable Products,Pork Progress - Private label fresh pork (Global),2024,Progress (% of pork from group housing or crate-free systems),22,%,Our medium-term milestone is to source 100% of our private label fresh pork from group housing or crate-free systems by the end of 2027.,,,,,,,
Sustainable Products,Pork Progress - Amazon Private Brands Europe,2023,Progress (% of products meeting Red Tractor Certified requirements),100,%,All fresh pork sausages, bacon and ribs sourced for our “by Amazon” private brand in the UK are Red Tractor Certified and meet the requirements of either the (1) British Meat Processors Association, Pork scheme, or (2) Irish Food Board, Bord Bia.,,,
Sustainable Products,Pork Progress - Amazon Private Brands Europe,2024,Progress (% of products meeting Red Tractor Certified requirements),100,%,All fresh pork sausages, bacon and ribs sourced for our “by Amazon” private brand in the UK are Red Tractor Certified and meet the requirements of either the (1) British Meat Processors Association, Pork scheme, or (2) Irish Food Board, Bord Bia.,,,
Sustainable Products,Other Animal Proteins - Whole Foods Market,2023,Progress (% of products meeting WFM Animal Welfare Standards),100,%,Source all fresh beef, pork, chicken, turkey, and lamb sold in the meat department to Whole Foods Market’s Animal Welfare Standards.,,,
Sustainable Products,Other Animal Proteins - Whole Foods Market,2024,Progress (% of products meeting WFM Animal Welfare Standards),100,%,Source all fresh beef, pork, chicken, turkey, and lamb sold in the meat department to Whole Foods Market’s Animal Welfare Standards.,,,
Sustainable Products,Cotton Progress - Amazon Private Brands apparel products,2023,Progress (% of cotton from more sustainable sources),100,%,Source all cotton for Amazon Private Brands apparel products from more sustainable sources (recycled, organic, or Better Cotton Initiative).,,,,,
Sustainable Products,Cotton Progress - Amazon Private Brands apparel products,2024,Progress (% of cotton from more sustainable sources),100,%,Source all cotton for Amazon Private Brands apparel products from more sustainable sources (recycled, organic, or Better Cotton Initiative).,,,,,
Sustainable Products,Leather Progress - Amazon Private Brands apparel or shoes,2024,Progress (% of products from LWG Bronze level or higher tanneries),100,%,Source leather apparel and shoe products from more sustainable sources (Leather Working Group Bronze level or higher). Amazon did not source any in 2023.,,,,,,,
Sustainable Products,Manufactured Cellulosic Fibers Progress - Amazon Private Brands apparel products,2023,Progress (% of fibers from more sustainable sources),100,%,Source manufactured cellulosic fibers used in Amazon Private Brands apparel products from more sustainable sources.,,,,,,,
Sustainable Products,Manufactured Cellulosic Fibers Progress - Amazon Private Brands apparel products,2024,Progress (% of fibers from more sustainable sources),100,%,Source manufactured cellulosic fibers used in Amazon Private Brands apparel products from more sustainable sources.,,,,,,,
Sustainable Products,Recycled Fabrics Progress - Polyester in Amazon Private Brands apparel,2023,Recycled Polyester Use,16,%,Increase the use of recycled fabrics. Metric is % Polyester in Amazon Private Brands apparel that is recycled polyester.,,,,,,,
Sustainable Products,Recycled Fabrics Progress - Polyester in Amazon Private Brands apparel,2024,Recycled Polyester Use,15,%,Increase the use of recycled fabrics. Metric is % Polyester in Amazon Private Brands apparel that is recycled polyester.,,,,,,,
Environmental,Arrow Electronics,2023,Total GHG emissions (Scope 1+2+3),9086976,tonnes CO2e,N/A,,,,,,,
Environmental,Arrow Electronics,2021,GHG emissions from operations (Scope 1 + Scope 2),42958,tonnes CO2e,N/A,,,,,,,
Environmental,Arrow Electronics,2022,GHG emissions from operations (Scope 1 + Scope 2),38412,tonnes CO2e,N/A,,,,,,,
Environmental,Arrow Electronics,2023,GHG emissions from operations (Scope 1 + Scope 2),33966,tonnes CO2e,N/A,,,,,,,
Environmental,Arrow Electronics,2021,Total emissions intensity by revenue,1.3,tonnes CO2e / US $M revenue,N/A,,,,,,,
Environmental,Arrow Electronics,2022,Total emissions intensity by revenue,1,tonnes CO2e / US $M revenue,N/A,,,,,,,
Environmental,Arrow Electronics,2023,Total emissions intensity by revenue,1,tonnes CO2e / US $M revenue,N/A,,,,,,,
Environmental,Arrow Electronics,2021,Scope 1 Total GHG emissions,13058,tonnes CO2e,N/A,,,,,,,
Environmental,Arrow Electronics,2022,Scope 1 Total GHG emissions,13351,tonnes CO2e,N/A,,,,,,,
Environmental,Arrow Electronics,2023,Scope 1 Total GHG emissions,13300,tonnes CO2e,N/A,,,,,,,
Environmental,Arrow Electronics,2021,Scope 1 Location-based,13058,tonnes CO2e,N/A,,,,,,,
Environmental,Arrow Electronics,2022,Scope 1 Location-based,13351,tonnes CO2e,N/A,,,,,,,
Environmental,Arrow Electronics,2023,Scope 1 Location-based,13300,tonnes CO2e,N/A,,,,,,,
Environmental,Arrow Electronics,2021,Scope 1 Market-based,13058,tonnes CO2e,N/A,,,,,,,
Environmental,Arrow Electronics,2022,Scope 1 Market-based,13351,tonnes CO2e,N/A,,,,,,,
Environmental,Arrow Electronics,2023,Scope 1 Market-based,13300,tonnes CO2e,N/A,,,,,,,
Environmental,Arrow Electronics,2021,Natural gas emissions,6945,tonnes CO2e,N/A,,,,,,,
Environmental,Arrow Electronics,2022,Natural gas emissions,6755,tonnes CO2e,N/A,,,,,,,
Environmental,Arrow Electronics,2023,Natural gas emissions,5562,tonnes CO2e,N/A,,,,,,,
Environmental,Arrow Electronics,2021,Fleet emissions,6113,tonnes CO2e,N/A,,,,,,,
Environmental,Arrow Electronics,2022,Fleet emissions,6596,tonnes CO2e,N/A,,,,,,,
Environmental,Arrow Electronics,2023,Fleet emissions,7680,tonnes CO2e,N/A,,,,,,,
Environmental,Arrow Electronics,2023,Other emissions,58,tonnes CO2e,N/A,,,,,,,
Environmental,Arrow Electronics,2021,APAC emissions,2539,tonnes CO2e,N/A,,,,,,,
Environmental,Arrow Electronics,2022,APAC emissions,2645,tonnes CO2e,N/A,,,,,,,
Environmental,Arrow Electronics,2023,APAC emissions,2384,tonnes CO2e,N/A,,,,,,,
Environmental,Arrow Electronics,2021,AMER emissions,2852,tonnes CO2e,N/A,,,,,,,
Environmental,Arrow Electronics,2022,AMER emissions,3000,tonnes CO2e,N/A,,,,,,,
Environmental,Arrow Electronics,2023,AMER emissions,2225,tonnes CO2e,N/A,,,,,,,
Environmental,Arrow Electronics,2021,EMEA emissions,7667,tonnes CO2e,N/A,,,,,,,
Environmental,Arrow Electronics,2022,EMEA emissions,7706,tonnes CO2e,N/A,,,,,,,
Environmental,Arrow Electronics,2023,EMEA emissions,8691,tonnes CO2e,N/A,,,,,,,
Environmental,Arrow Electronics,2021,Scope 2 Total GHG emissions,29900,tonnes CO2e,N/A,,,,,,,
Environmental,Arrow Electronics,2022,Scope 2 Total GHG emissions,25061,tonnes CO2e,N/A,,,,,,,
Environmental,Arrow Electronics,2023,Scope 2 Total GHG emissions,20666,tonnes CO2e,N/A,,,,,,,
Environmental,Arrow Electronics,2021,Scope 2 Location-based,30513,tonnes CO2e,N/A,,,,,,,
Environmental,Arrow Electronics,2022,Scope 2 Location-based,28437,tonnes CO2e,N/A,,,,,,,
Environmental,Arrow Electronics,2023,Scope 2 Location-based,28718,tonnes CO2e,N/A,,,,,,,
Environmental,Arrow Electronics,2021,Scope 2 Market-based,29900,tonnes CO2e,N/A,,,,,,,
Environmental,Arrow Electronics,2022,Scope 2 Market-based,25061,tonnes CO2e,N/A,,,,,,,
Environmental,Arrow Electronics,2023,Scope 2 Market-based,20666,tonnes CO2e,N/A,,,,,,,
Environmental,Arrow Electronics,2021,Purchased electricity emissions,29900,tonnes CO2e,N/A,,,,,,,
Environmental,Arrow Electronics,2022,Purchased electricity emissions,25061,tonnes CO2e,N/A,,,,,,,
Environmental,Arrow Electronics,2023,Purchased electricity emissions,20666,tonnes CO2e,N/A,,,,,,,
Environmental,Arrow Electronics,2021,Other emissions,N/A,tonnes CO2e,N/A,,,,,,,
Environmental,Arrow Electronics,2022,Other emissions,N/A,tonnes CO2e,N/A,,,,,,,
Environmental,Arrow Electronics,2023,Other emissions,N/A,tonnes CO2e,N/A,,,,,,,
Environmental,Arrow Electronics,2021,APAC emissions,12582,tonnes CO2e,N/A,,,,,,,
Environmental,Arrow Electronics,2022,APAC emissions,13969,tonnes CO2e,N/A,,,,,,,
Environmental,Arrow Electronics,2023,APAC emissions,13022,tonnes CO2e,N/A,,,,,,,
Environmental,Arrow Electronics,2021,AMER emissions,13490,tonnes CO2e,N/A,,,,,,,
Environmental,Arrow Electronics,2022,AMER emissions,8419,tonnes CO2e,N/A,,,,,,,
Environmental,Arrow Electronics,2023,AMER emissions,5139,tonnes CO2e,N/A,,,,,,,
Environmental,Arrow Electronics,2021,EMEA emissions,3828,tonnes CO2e,N/A,,,,,,,
Environmental,Arrow Electronics,2022,EMEA emissions,2673,tonnes CO2e,N/A,,,,,,,
Environmental,Arrow Electronics,2023,EMEA emissions,2504,tonnes CO2e,N/A,,,,,,,
Environmental,Arrow Electronics,2021,Building energy usage,68462,MWh,N/A,,,,,,,
Environmental,Arrow Electronics,2022,Building energy usage,63272,MWh,N/A,,,,,,,
Environmental,Arrow Electronics,2023,Building energy usage,63120,MWh,N/A,,,,,,,
Environmental,Arrow Electronics,2021,Percent of square footage with actual utility bills,71,Percentage,N/A,,,,,,,
Environmental,Arrow Electronics,2022,Percent of square footage with actual utility bills,69,Percentage,N/A,,,,,,,
Environmental,Arrow Electronics,2023,Percent of square footage with actual utility bills,67,Percentage,N/A,,,,,,,
Environmental,Arrow Electronics,2023,Total Scope 3 emissions,9053010,tonnes CO2e,N/A,,,,,,,
Environmental,Arrow Electronics,2023,Purchased goods and services emissions,6151159,tonnes CO2e,N/A,,,,,,,
Environmental,Arrow Electronics,2023,Capital goods emissions,14837,tonnes CO2e,N/A,,,,,,,
Environmental,Arrow Electronics,2023,Fuel and energy related activities emissions,6208,tonnes CO2e,N/A,,,,,,,
Environmental,Arrow Electronics,2023,Upstream transportation and distribution emissions,450511,tonnes CO2e,N/A,,,,,,,
Environmental,Arrow Electronics,2023,Waste generated in operations emissions,6296,tonnes CO2e,N/A,,,,,,,
Environmental,Arrow Electronics,2023,Business travel emissions,45831,tonnes CO2e,N/A,,,,,,,
Environmental,Arrow Electronics,2023,Employee commuting emissions,21544,tonnes CO2e,N/A,,,,,,,
Environmental,Arrow Electronics,2023,Upstream leased assets emissions,N/A,tonnes CO2e,N/A,,,,,,,
Environmental,Arrow Electronics,2023,Downstream transportation and distribution emissions,93554,tonnes CO2e,N/A,,,,,,,
Environmental,Arrow Electronics,2023,Processing of sold products emissions,N/A,tonnes CO2e,N/A,,,,,,,
Environmental,Arrow Electronics,2023,Use of sold products emissions,2421979,tonnes CO2e,N/A,,,,,,,
Environmental,Arrow Electronics,2023,End-of-life treatment of sold products emissions,16172,tonnes CO2e,N/A,,,,,,,
Environmental,Arrow Electronics,2023,Downstream leased assets emissions,N/A,tonnes CO2e,N/A,,,,,,,
Environmental,Arrow Electronics,2023,Franchises emissions,N/A,tonnes CO2e,N/A,,,,,,,
Environmental,Arrow Electronics,2023,Investments emissions,N/A,tonnes CO2e,N/A,,,,,,,
Environmental,Arrow Electronics,2023,Global locations receiving energy audits,24,Number,N/A,,,,,,,
Environmental,Arrow Electronics,2023,Percentage of locations receiving energy audits,10,Percentage,N/A,,,,,,,
Environmental,Arrow Electronics,2022,Global electricity derived from renewable sources,7266,MWh,N/A,,,,,,,
Environmental,Arrow Electronics,2023,Global electricity derived from renewable sources,16232,MWh,N/A,,,,,,,
Environmental,Arrow Electronics,2022,Percentage of global electricity derived from renewable sources,12,Percentage,N/A,,,,,,,
Environmental,Arrow Electronics,2023,Percentage of global electricity derived from renewable sources,26,Percentage,N/A,,,,,,,
Environmental,Arrow Electronics,2022,AMER electricity derived from renewable sources,5399,MWh,N/A,,,,,,,
Environmental,Arrow Electronics,2023,AMER electricity derived from renewable sources,13744,MWh,N/A,,,,,,,
Environmental,Arrow Electronics,2022,Percentage of AMER electricity derived from renewable sources,18,Percentage,N/A,,,,,,,
Environmental,Arrow Electronics,2023,Percentage of AMER electricity derived from renewable sources,48,Percentage,N/A,,,,,,,
Environmental,Arrow Electronics,2022,APAC electricity derived from renewable sources,73,MWh,N/A,,,,,,,
Environmental,Arrow Electronics,2023,APAC electricity derived from renewable sources,88,MWh,N/A,,,,,,,
Environmental,Arrow Electronics,2022,Percentage of APAC electricity derived from renewable sources,0.3,Percentage,N/A,,,,,,,
Environmental,Arrow Electronics,2023,Percentage of APAC electricity derived from renewable sources,0.4,Percentage,N/A,,,,,,,
Environmental,Arrow Electronics,2022,EMEA electricity derived from renewable sources,1794,MWh,N/A,,,,,,,
Environmental,Arrow Electronics,2023,EMEA electricity derived from renewable sources,2399,MWh,N/A,,,,,,,
Environmental,Arrow Electronics,2022,Percentage of EMEA electricity derived from renewable sources,16,Percentage,N/A,,,,,,,
Environmental,Arrow Electronics,2023,Percentage of EMEA electricity derived from renewable sources,20,Percentage,N/A,,,,,,,
Environmental,Arrow Electronics,2022,Electricity derived from renewable resources - Onsite solar,234,MWh,N/A,,,,,,,
Environmental,Arrow Electronics,2023,Electricity derived from renewable resources - Onsite solar,158,MWh,N/A,,,,,,,
Environmental,Arrow Electronics,2022,Electricity derived from renewable resources - Utility programs,7032,MWh,N/A,,,,,,,
Environmental,Arrow Electronics,2023,Electricity derived from renewable resources - Utility programs,16073,MWh,N/A,,,,,,,
Environmental,Arrow Electronics,2022,Electricity derived from renewable resources - Unbundled RECs,0,MWh,N/A,,,,,,,
Environmental,Arrow Electronics,2023,Electricity derived from renewable resources - Unbundled RECs,0,MWh,N/A,,,,,,,
Environmental,Arrow Electronics,2022,Electricity derived from renewable resources - Other,0,MWh,N/A,,,,,,,
Environmental,Arrow Electronics,2023,Electricity derived from renewable resources - Other,0,MWh,N/A,,,,,,,
Environmental,Arrow Electronics,2022,Global vehicle count,1647,Number,N/A,,,,,,,
Environmental,Arrow Electronics,2023,Global vehicle count,1702,Number,N/A,,,,,,,
Environmental,Arrow Electronics,2022,EMEA vehicle count,1553,Number,N/A,,,,,,,
Environmental,Arrow Electronics,2023,EMEA vehicle count,1619,Number,N/A,,,,,,,
Environmental,Arrow Electronics,2022,Global electric/hybrid fleet vehicles,417,Number,N/A,,,,,,,
Environmental,Arrow Electronics,2023,Global electric/hybrid fleet vehicles,679,Number,N/A,,,,,,,
Environmental,Arrow Electronics,2022,Percentage of global electric/hybrid fleet vehicles,25,Percentage,N/A,,,,,,,
Environmental,Arrow Electronics,2023,Percentage of global electric/hybrid fleet vehicles,40,Percentage,N/A,,,,,,,
Social,Arrow Electronics,2021,Employees,20766,Number,N/A,,,,,,,
Social,Arrow Electronics,2022,Employees,22347,Number,N/A,,,,,,,
Social,Arrow Electronics,2023,Employees,22129,Number,N/A,,,,,,,
Social,Arrow Electronics,2021,Regular employees,95.9,Percentage,N/A,,,,,,,
Social,Arrow Electronics,2022,Regular employees,95.8,Percentage,N/A,,,,,,,
Social,Arrow Electronics,2023,Regular employees,96.6,Percentage,N/A,,,,,,,
Social,Arrow Electronics,2021,Employees who are people leaders,18,Percentage,N/A,,,,,,,
Social,Arrow Electronics,2022,Employees who are people leaders,17,Percentage,N/A,,,,,,,
Social,Arrow Electronics,2023,Employees who are people leaders,16,Percentage,N/A,,,,,,,
Social,Arrow Electronics,2021,Employees who are individual contributors,82,Percentage,N/A,,,,,,,
Social,Arrow Electronics,2022,Employees who are individual contributors,83,Percentage,N/A,,,,,,,
Social,Arrow Electronics,2023,Employees who are individual contributors,84,Percentage,N/A,,,,,,,
Social,Arrow Electronics,2021,Median tenure of employees,4,Years,N/A,,,,,,,
Social,Arrow Electronics,2022,Median tenure of employees,4,Years,N/A,,,,,,,
Social,Arrow Electronics,2023,Median tenure of employees,4,Years,N/A,,,,,,,
Social,Arrow Electronics,2021,Number of countries with employees,53,Number,N/A,,,,,,,
Social,Arrow Electronics,2022,Number of countries with employees,54,Number,N/A,,,,,,,
Social,Arrow Electronics,2023,Number of countries with employees,53,Number,N/A,,,,,,,
Social,Arrow Electronics,2021,Contingent workers,882,Number,N/A,,,,,,,
Social,Arrow Electronics,2022,Contingent workers,972,Number,N/A,,,,,,,
Social,Arrow Electronics,2023,Contingent workers,770,Number,N/A,,,,,,,
Social,Arrow Electronics,2021,Contingent workers percentage,4.1,Percentage,N/A,,,,,,,
Social,Arrow Electronics,2022,Contingent workers percentage,4.2,Percentage,N/A,,,,,,,
Social,Arrow Electronics,2023,Contingent workers percentage,3.4,Percentage,N/A,,,,,,,
Social,Arrow Electronics,2021,Engineering percentage,10,Percentage,N/A,,,,,,,
Social,Arrow Electronics,2022,Engineering percentage,9,Percentage,N/A,,,,,,,
Social,Arrow Electronics,2023,Engineering percentage,7,Percentage,N/A,,,,,,,
Social,Arrow Electronics,2021,Sales percentage,19,Percentage,N/A,,,,,,,
Social,Arrow Electronics,2022,Sales percentage,16,Percentage,N/A,,,,,,,
Social,Arrow Electronics,2023,Sales percentage,14,Percentage,N/A,,,,,,,
Social,Arrow Electronics,2021,Light industrial percentage,33,Percentage,N/A,,,,,,,
Social,Arrow Electronics,2022,Light industrial percentage,36,Percentage,N/A,,,,,,,
Social,Arrow Electronics,2023,Light industrial percentage,39,Percentage,N/A,,,,,,,
Social,Arrow Electronics,2021,Business professional percentage,38,Percentage,N/A,,,,,,,
Social,Arrow Electronics,2022,Business professional percentage,39,Percentage,N/A,,,,,,,
Social,Arrow Electronics,2023,Business professional percentage,40,Percentage,N/A,,,,,,,
Social,Arrow Electronics,2021,Ratio of employees to contingent workers,24:01:00,Ratio,N/A,,,,,,,
Social,Arrow Electronics,2022,Ratio of employees to contingent workers,23:01,Ratio,N/A,,,,,,,
Social,Arrow Electronics,2023,Ratio of employees to contingent workers,29:01:00,Ratio,N/A,,,,,,,
Social,Arrow Electronics,2021,Regular employees percentage,98.2,Percentage,N/A,,,,,,,
Social,Arrow Electronics,2022,Regular employees percentage,98.3,Percentage,N/A,,,,,,,
Social,Arrow Electronics,2023,Regular employees percentage,97.9,Percentage,N/A,,,,,,,
Social,Arrow Electronics,2021,Temporary, fixed-term, and interns percentage,1.8,Percentage,N/A,,,,,
Social,Arrow Electronics,2022,Temporary, fixed-term, and interns percentage,1.7,Percentage,N/A,,,,,
Social,Arrow Electronics,2023,Temporary, fixed-term, and interns percentage,2.1,Percentage,N/A,,,,,
Social,Arrow Electronics,2021,Employees in AMER,6100,Number,N/A,,,,,,,
Social,Arrow Electronics,2022,Employees in AMER,6500,Number,N/A,,,,,,,
Social,Arrow Electronics,2023,Employees in AMER,6500,Number,N/A,,,,,,,
Social,Arrow Electronics,2021,People leaders in AMER,18,Percentage,N/A,,,,,,,
Social,Arrow Electronics,2022,People leaders in AMER,16,Percentage,N/A,,,,,,,
Social,Arrow Electronics,2023,People leaders in AMER,16,Percentage,N/A,,,,,,,
Social,Arrow Electronics,2021,Individual contributors in AMER,82,Percentage,N/A,,,,,,,
Social,Arrow Electronics,2022,Individual contributors in AMER,84,Percentage,N/A,,,,,,,
Social,Arrow Electronics,2023,Individual contributors in AMER,84,Percentage,N/A,,,,,,,
Social,Arrow Electronics,2021,Median tenure in AMER,5,Number,N/A,,,,,,,
Social,Arrow Electronics,2022,Median tenure in AMER,4,Number,N/A,,,,,,,
Social,Arrow Electronics,2023,Median tenure in AMER,4,Number,N/A,,,,,,,
Social,Arrow Electronics,2021,Number of countries with employees in AMER,6,Number,N/A,,,,,,,
Social,Arrow Electronics,2022,Number of countries with employees in AMER,6,Number,N/A,,,,,,,
Social,Arrow Electronics,2023,Number of countries with employees in AMER,6,Number,N/A,,,,,,,
Social,Arrow Electronics,2021,Employees in EMEA,6800,Number,N/A,,,,,,,
Social,Arrow Electronics,2022,Employees in EMEA,7400,Number,N/A,,,,,,,
Social,Arrow Electronics,2023,Employees in EMEA,7600,Number,N/A,,,,,,,
Social,Arrow Electronics,2021,People leaders in EMEA,18,Percentage,N/A,,,,,,,
Social,Arrow Electronics,2022,People leaders in EMEA,15,Percentage,N/A,,,,,,,
Social,Arrow Electronics,2023,People leaders in EMEA,15,Percentage,N/A,,,,,,,
Social,Arrow Electronics,2021,Individual contributors in EMEA,82,Percentage,N/A,,,,,,,
Social,Arrow Electronics,2022,Individual contributors in EMEA,85,Percentage,N/A,,,,,,,
Social,Arrow Electronics,2023,Individual contributors in EMEA,85,Percentage,N/A,,,,,,,
Social,Arrow Electronics,2021,Median tenure in EMEA,5,Number,N/A,,,,,,,
Social,Arrow Electronics,2022,Median tenure in EMEA,4,Number,N/A,,,,,,,
Social,Arrow Electronics,2023,Median tenure in EMEA,5,Number,N/A,,,,,,,
Social,Arrow Electronics,2021,Number of countries with employees in EMEA,33,Number,N/A,,,,,,,
Social,Arrow Electronics,2022,Number of countries with employees in EMEA,34,Number,N/A,,,,,,,
Social,Arrow Electronics,2023,Number of countries with employees in EMEA,33,Number,N/A,,,,,,,
Social,Arrow Electronics,2021,Employees in APAC,7800,Number,N/A,,,,,,,
Social,Arrow Electronics,2022,Employees in APAC,8400,Number,N/A,,,,,,,
Social,Arrow Electronics,2023,Employees in APAC,8000,Number,N/A,,,,,,,
Social,Arrow Electronics,2021,People leaders in APAC,20,Percentage,N/A,,,,,,,
Social,Arrow Electronics,2022,People leaders in APAC,20,Percentage,N/A,,,,,,,
Social,Arrow Electronics,2023,People leaders in APAC,17,Percentage,N/A,,,,,,,
Social,Arrow Electronics,2021,Individual contributors in APAC,80,Percentage,N/A,,,,,,,
Social,Arrow Electronics,2022,Individual contributors in APAC,80,Percentage,N/A,,,,,,,
Social,Arrow Electronics,2023,Individual contributors in APAC,83,Percentage,N/A,,,,,,,
Social,Arrow Electronics,2021,Median tenure in APAC,3,Number,N/A,,,,,,,
Social,Arrow Electronics,2022,Median tenure in APAC,3,Number,N/A,,,,,,,
Social,Arrow Electronics,2023,Median tenure in APAC,3,Number,N/A,,,,,,,
Social,Arrow Electronics,2021,Number of countries with employees in APAC,14,Number,N/A,,,,,,,
Social,Arrow Electronics,2022,Number of countries with employees in APAC,14,Number,N/A,,,,,,,
Social,Arrow Electronics,2023,Number of countries with employees in APAC,14,Number,N/A,,,,,,,
Governance,Arrow Electronics,2022,Percent of compliance training completed,99,Percentage,N/A,,,,,,,
Governance,Arrow Electronics,2023,Percent of compliance training completed,99,Percentage,N/A,,,,,,,
Environmental,The Boeing Company,2024,Energy - Natural Gas,6595,Terajoules,,,,,,,,
Environmental,The Boeing Company,2023,Energy - Natural Gas,6221,Terajoules,,,,,,,,
Environmental,The Boeing Company,2022,Energy - Natural Gas,6941,Terajoules,,,,,,,,
Environmental,The Boeing Company,2024,Energy - Jet Kerosene,1391,Terajoules,,,,,,,,
Environmental,The Boeing Company,2023,Energy - Jet Kerosene,2016,Terajoules,,,,,,,,
Environmental,The Boeing Company,2022,Energy - Jet Kerosene,3100,Terajoules,,,,,,,,
Environmental,The Boeing Company,2024,Energy - Fuel Oil #2,350,Terajoules,,,,,,,,
Environmental,The Boeing Company,2023,Energy - Fuel Oil #2,526,Terajoules,,,,,,,,
Environmental,The Boeing Company,2022,Energy - Fuel Oil #2,457,Terajoules,,,,,,,,
Environmental,The Boeing Company,2024,Energy - Motor Gasoline,93,Terajoules,,,,,,,,
Environmental,The Boeing Company,2023,Energy - Motor Gasoline,112,Terajoules,,,,,,,,
Environmental,The Boeing Company,2022,Energy - Motor Gasoline,86,Terajoules,,,,,,,,
Environmental,The Boeing Company,2024,Energy - Propane,36,Terajoules,,,,,,,,
Environmental,The Boeing Company,2023,Energy - Propane,40,Terajoules,,,,,,,,
Environmental,The Boeing Company,2022,Energy - Propane,40,Terajoules,,,,,,,,
Environmental,The Boeing Company,2024,Energy - Liquefied Petroleum Gas,2,Terajoules,,,,,,,,
Environmental,The Boeing Company,2023,Energy - Liquefied Petroleum Gas,7,Terajoules,,,,,,,,
Environmental,The Boeing Company,2022,Energy - Liquefied Petroleum Gas,7,Terajoules,,,,,,,,
Environmental,The Boeing Company,2024,Energy - Total Nonrenewable Fuels,8467,Terajoules,,,,,,,,
Environmental,The Boeing Company,2023,Energy - Total Nonrenewable Fuels,8921,Terajoules,,,,,,,,
Environmental,The Boeing Company,2022,Energy - Total Nonrenewable Fuels,10631,Terajoules,,,,,,,,
Environmental,The Boeing Company,2024,Energy - Sustainable Aviation Fuels,101,Terajoules,,,,,,,,
Environmental,The Boeing Company,2023,Energy - Sustainable Aviation Fuels,65,Terajoules,,,,,,,,
Environmental,The Boeing Company,2022,Energy - Sustainable Aviation Fuels,32,Terajoules,,,,,,,,
Environmental,The Boeing Company,2024,Energy - Total Renewable Fuels,101,Terajoules,,,,,,,,
Environmental,The Boeing Company,2023,Energy - Total Renewable Fuels,65,Terajoules,,,,,,,,
Environmental,The Boeing Company,2022,Energy - Total Renewable Fuels,32,Terajoules,,,,,,,,
Environmental,The Boeing Company,2024,Energy - Purchased Nonrenewable Electricity,5436,Terajoules,,,,,,,,
Environmental,The Boeing Company,2023,Energy - Purchased Nonrenewable Electricity,4626,Terajoules,,,,,,,,
Environmental,The Boeing Company,2022,Energy - Purchased Nonrenewable Electricity,4860,Terajoules,,,,,,,,
Environmental,The Boeing Company,2024,Energy - Purchased Renewable Electricity,2786,Terajoules,,,,,,,,
Environmental,The Boeing Company,2023,Energy - Purchased Renewable Electricity,3013,Terajoules,,,,,,,,
Environmental,The Boeing Company,2022,Energy - Purchased Renewable Electricity,2592,Terajoules,,,,,,,,
Environmental,The Boeing Company,2024,Energy - Total Electricity Consumption,8222,Terajoules,,,,,,,,
Environmental,The Boeing Company,2023,Energy - Total Electricity Consumption,7639,Terajoules,,,,,,,,
Environmental,The Boeing Company,2022,Energy - Total Electricity Consumption,7452,Terajoules,,,,,,,,
Environmental,The Boeing Company,2024,Energy - Total Energy Use,16790,Terajoules,,,,,,,,
Environmental,The Boeing Company,2023,Energy - Total Energy Use,16625,Terajoules,,,,,,,,
Environmental,The Boeing Company,2022,Energy - Total Energy Use,18115,Terajoules,,,,,,,,
Environmental,The Boeing Company,2024,Energy - Percentage of Energy Consumption From Renewable Sources,17,%,,,,,,,,
Environmental,The Boeing Company,2023,Energy - Percentage of Energy Consumption From Renewable Sources,19,%,,,,,,,,
Environmental,The Boeing Company,2022,Energy - Percentage of Energy Consumption From Renewable Sources,14,%,,,,,,,,
Environmental,The Boeing Company,2024,Energy - Total Renewable Energy Use,2887,Terajoules,,,,,,,,
Environmental,The Boeing Company,2023,Energy - Total Renewable Energy Use,3078,Terajoules,,,,,,,,
Environmental,The Boeing Company,2022,Energy - Total Renewable Energy Use,2624,Terajoules,,,,,,,,
Environmental,The Boeing Company,2024,Emissions - Energy Intensity Ratio,0.00007,-,,,,,,,,
Environmental,The Boeing Company,2023,Emissions - Energy Intensity Ratio,0.00006,-,,,,,,,,
Environmental,The Boeing Company,2022,Emissions - Energy Intensity Ratio,0.00008,-,,,,,,,,
Environmental,The Boeing Company,2024,Emissions - Scope 1 GHG,517000,Metric Tons CO2e,,,,,,,,
Environmental,The Boeing Company,2023,Emissions - Scope 1 GHG,536000,Metric Tons CO2e,,,,,,,,
Environmental,The Boeing Company,2022,Emissions - Scope 1 GHG,642000,Metric Tons CO2e,,,,,,,,
Environmental,The Boeing Company,2024,Emissions - Scope 2 GHG — Location Based,783000,Metric Tons CO2e,,,,,,,,
Environmental,The Boeing Company,2023,Emissions - Scope 2 GHG — Location Based,764000,Metric Tons CO2e,,,,,,,,
Environmental,The Boeing Company,2022,Emissions - Scope 2 GHG — Location Based,779000,Metric Tons CO2e,,,,,,,,
Environmental,The Boeing Company,2024,Emissions - Scope 2 GHG — Market Based,464000,Metric Tons CO2e,,,,,,,,
Environmental,The Boeing Company,2023,Emissions - Scope 2 GHG — Market Based,388000,Metric Tons CO2e,,,,,,,,
Environmental,The Boeing Company,2022,Emissions - Scope 2 GHG — Market Based,450000,Metric Tons CO2e,,,,,,,,
Environmental,The Boeing Company,2024,Water - Percentage of Total Water Withdrawal From Areas With Water Stress,13,%,,,,,,,,
Environmental,The Boeing Company,2023,Water - Percentage of Total Water Withdrawal From Areas With Water Stress,12,%,,,,,,,,
Environmental,The Boeing Company,2022,Water - Percentage of Total Water Withdrawal From Areas With Water Stress,13,%,,,,,,,,
Environmental,The Boeing Company,2024,Water - Total Water Withdrawal (All Areas),5021.74,Megaliters,,,,,,,,
Environmental,The Boeing Company,2023,Water - Total Water Withdrawal (All Areas),4556.83,Megaliters,,,,,,,,
Environmental,The Boeing Company,2022,Water - Total Water Withdrawal (All Areas),4556.42,Megaliters,,,,,,,,
Environmental,The Boeing Company,2024,Water - Total Water Withdrawal (Areas With Water Stress),640.56,Megaliters,,,,,,,,
Environmental,The Boeing Company,2023,Water - Total Water Withdrawal (Areas With Water Stress),565.56,Megaliters,,,,,,,,
Environmental,The Boeing Company,2022,Water - Total Water Withdrawal (Areas With Water Stress),584.97,Megaliters,,,,,,,,
Environmental,The Boeing Company,2024,Water - Surface Water Withdrawal (All Areas),0.05,Megaliters,,,,,,,,
Environmental,The Boeing Company,2023,Water - Surface Water Withdrawal (All Areas),0.05,Megaliters,,,,,,,,
Environmental,The Boeing Company,2022,Water - Surface Water Withdrawal (All Areas),0.05,Megaliters,,,,,,,,
Environmental,The Boeing Company,2024,Water - Surface Water Withdrawal (Areas With Water Stress),0,Megaliters,,,,,,,,
Environmental,The Boeing Company,2023,Water - Surface Water Withdrawal (Areas With Water Stress),0,Megaliters,,,,,,,,
Environmental,The Boeing Company,2022,Water - Surface Water Withdrawal (Areas With Water Stress),0,Megaliters,,,,,,,,
Environmental,The Boeing Company,2024,Water - Groundwater Withdrawal (All Areas),9.49,Megaliters,,,,,,,,
Environmental,The Boeing Company,2023,Water - Groundwater Withdrawal (All Areas),8,Megaliters,,,,,,,,
Environmental,The Boeing Company,2022,Water - Groundwater Withdrawal (All Areas),8.49,Megaliters,,,,,,,,
Environmental,The Boeing Company,2024,Water - Groundwater Withdrawal (Areas With Water Stress),9.49,Megaliters,,,,,,,,
Environmental,The Boeing Company,2023,Water - Groundwater Withdrawal (Areas With Water Stress),8,Megaliters,,,,,,,,
Environmental,The Boeing Company,2022,Water - Groundwater Withdrawal (Areas With Water Stress),8.49,Megaliters,,,,,,,,
Environmental,The Boeing Company,2024,Water - Third-Party Water Withdrawal (TPWW) (All Areas),5012.2,Megaliters,,,,,,,,
Environmental,The Boeing Company,2023,Water - Third-Party Water Withdrawal (TPWW) (All Areas),4548.78,Megaliters,,,,,,,,
Environmental,The Boeing Company,2022,Water - Third-Party Water Withdrawal (TPWW) (All Areas),4547.88,Megaliters,,,,,,,,
Environmental,The Boeing Company,2024,Water - Third-Party Water Withdrawal (TPWW) (Areas With Water Stress),631.07,Megaliters,,,,,,,,
Environmental,The Boeing Company,2023,Water - Third-Party Water Withdrawal (TPWW) (Areas With Water Stress),557.56,Megaliters,,,,,,,,
Environmental,The Boeing Company,2022,Water - Third-Party Water Withdrawal (TPWW) (Areas With Water Stress),576.48,Megaliters,,,,,,,,
Environmental,The Boeing Company,2024,Water - TPWW: Surface Water (All Areas),2922.25,Megaliters,,,,,,,,
Environmental,The Boeing Company,2023,Water - TPWW: Surface Water (All Areas),2664.28,Megaliters,,,,,,,,
Environmental,The Boeing Company,2022,Water - TPWW: Surface Water (All Areas),2601.57,Megaliters,,,,,,,,
Environmental,The Boeing Company,2024,Water - TPWW: Surface Water (Areas With Water Stress),30.36,Megaliters,,,,,,,,
Environmental,The Boeing Company,2023,Water - TPWW: Surface Water (Areas With Water Stress),24.06,Megaliters,,,,,,,,
Environmental,The Boeing Company,2022,Water - TPWW: Surface Water (Areas With Water Stress),20.83,Megaliters,,,,,,,,
Environmental,The Boeing Company,2024,Water - TPWW: Combination of Surface Water and Groundwater (All Areas),1516.47,Megaliters,,,,,,,,
Environmental,The Boeing Company,2023,Water - TPWW: Combination of Surface Water and Groundwater (All Areas),1471.63,Megaliters,,,,,,,,
Environmental,The Boeing Company,2022,Water - TPWW: Combination of Surface Water and Groundwater (All Areas),1535.91,Megaliters,,,,,,,,
Environmental,The Boeing Company,2024,Water - TPWW: Combination of Surface Water and Groundwater (Areas With Water Stress),447.09,Megaliters,,,,,,,,
Environmental,The Boeing Company,2023,Water - TPWW: Combination of Surface Water and Groundwater (Areas With Water Stress),393.34,Megaliters,,,,,,,,
Environmental,The Boeing Company,2022,Water - TPWW: Combination of Surface Water and Groundwater (Areas With Water Stress),381.72,Megaliters,,,,,,,,
Environmental,The Boeing Company,2024,Water - TPWW: Groundwater (All Areas),573.48,Megaliters,,,,,,,,
Environmental,The Boeing Company,2023,Water - TPWW: Groundwater (All Areas),412.87,Megaliters,,,,,,,,
Environmental,The Boeing Company,2022,Water - TPWW: Groundwater (All Areas),410.4,Megaliters,,,,,,,,
Environmental,The Boeing Company,2024,Water - TPWW: Groundwater (Areas With Water Stress),153.62,Megaliters,,,,,,,,
Environmental,The Boeing Company,2023,Water - TPWW: Groundwater (Areas With Water Stress),140.16,Megaliters,,,,,,,,
Environmental,The Boeing Company,2022,Water - TPWW: Groundwater (Areas With Water Stress),173.93,Megaliters,,,,,,,,
Environmental,The Boeing Company,2024,Water - Total Reclaimed Water (Not Withdrawn) (All Areas),37.23,Megaliters,,,,,,,,
Environmental,The Boeing Company,2023,Water - Total Reclaimed Water (Not Withdrawn) (All Areas),42.1,Megaliters,,,,,,,,
Environmental,The Boeing Company,2022,Water - Total Reclaimed Water (Not Withdrawn) (All Areas),48.85,Megaliters,,,,,,,,
Environmental,The Boeing Company,2024,Water - Total Reclaimed Water (Not Withdrawn) (Areas With Water Stress),10.62,Megaliters,,,,,,,,
Environmental,The Boeing Company,2023,Water - Total Reclaimed Water (Not Withdrawn) (Areas With Water Stress),9.44,Megaliters,,,,,,,,
Environmental,The Boeing Company,2022,Water - Total Reclaimed Water (Not Withdrawn) (Areas With Water Stress),9.78,Megaliters,,,,,,,,
Environmental,The Boeing Company,2024,Water - Reclaimed On-Site (All Areas),26.61,Megaliters,,,,,,,,
Environmental,The Boeing Company,2023,Water - Reclaimed On-Site (All Areas),32.22,Megaliters,,,,,,,,
Environmental,The Boeing Company,2022,Water - Reclaimed On-Site (All Areas),39.07,Megaliters,,,,,,,,
Environmental,The Boeing Company,2024,Water - Reclaimed On-Site (Areas With Water Stress),0,Megaliters,,,,,,,,
Environmental,The Boeing Company,2023,Water - Reclaimed On-Site (Areas With Water Stress),0,Megaliters,,,,,,,,
Environmental,The Boeing Company,2022,Water - Reclaimed On-Site (Areas With Water Stress),0,Megaliters,,,,,,,,
Environmental,The Boeing Company,2024,Waste - Hazardous Waste Directed to Disposal,5802,Metric Tons,,,,,,,,
Environmental,The Boeing Company,2023,Waste - Hazardous Waste Directed to Disposal,5589,Metric Tons,,,,,,,,
Environmental,The Boeing Company,2022,Waste - Hazardous Waste Directed to Disposal,6328,Metric Tons,,,,,,,,
Environmental,The Boeing Company,2024,Waste - Hazardous Waste Incinerated for Energy Recovery,675,Metric Tons,,,,,,,,
Environmental,The Boeing Company,2023,Waste - Hazardous Waste Incinerated for Energy Recovery,772,Metric Tons,,,,,,,,
Environmental,The Boeing Company,2022,Waste - Hazardous Waste Incinerated for Energy Recovery,653,Metric Tons,,,,,,,,
Environmental,The Boeing Company,2024,Waste - Hazardous Waste Incinerated Without Energy Recovery,715,Metric Tons,,,,,,,,
Environmental,The Boeing Company,2023,Waste - Hazardous Waste Incinerated Without Energy Recovery,970,Metric Tons,,,,,,,,
Environmental,The Boeing Company,2022,Waste - Hazardous Waste Incinerated Without Energy Recovery,774,Metric Tons,,,,,,,,
Environmental,The Boeing Company,2024,Waste - Hazardous Waste Sent to Landfill,2240,Metric Tons,,,,,,,,
Environmental,The Boeing Company,2023,Waste - Hazardous Waste Sent to Landfill,2538,Metric Tons,,,,,,,,
Environmental,The Boeing Company,2022,Waste - Hazardous Waste Sent to Landfill,2103,Metric Tons,,,,,,,,
Environmental,The Boeing Company,2024,Waste - Hazardous Waste Otherwise Disposed,2172,Metric Tons,,,,,,,,
Environmental,The Boeing Company,2023,Waste - Hazardous Waste Otherwise Disposed,1309,Metric Tons,,,,,,,,
Environmental,The Boeing Company,2022,Waste - Hazardous Waste Otherwise Disposed,2798,Metric Tons,,,,,,,,
Environmental,The Boeing Company,2024,Waste - Hazardous Waste Recycled,15,Metric Tons,,,,,,,,
Environmental,The Boeing Company,2023,Waste - Hazardous Waste Recycled,17,Metric Tons,,,,,,,,
Environmental,The Boeing Company,2022,Waste - Hazardous Waste Recycled,6,Metric Tons,,,,,,,,
Environmental,The Boeing Company,2024,Waste - Percentage of Hazardous Waste Recycled,0.3,%,,,,,,,,
Environmental,The Boeing Company,2023,Waste - Percentage of Hazardous Waste Recycled,0.3,%,,,,,,,,
Environmental,The Boeing Company,2022,Waste - Percentage of Hazardous Waste Recycled,0.1,%,,,,,,,,
Environmental,The Boeing Company,2024,Waste - Total Hazardous Waste Generated,5817,Metric Tons,,,,,,,,
Environmental,The Boeing Company,2023,Waste - Total Hazardous Waste Generated,5606,Metric Tons,,,,,,,,
Environmental,The Boeing Company,2022,Waste - Total Hazardous Waste Generated,6334,Metric Tons,,,,,,,,
Environmental,The Boeing Company,2024,Waste - Nonhazardous Waste Directed to Disposal,5607,Metric Tons,,,,,,,,
Environmental,The Boeing Company,2023,Waste - Nonhazardous Waste Directed to Disposal,7680,Metric Tons,,,,,,,,
Environmental,The Boeing Company,2022,Waste - Nonhazardous Waste Directed to Disposal,7477,Metric Tons,,,,,,,,
Environmental,The Boeing Company,2024,Waste - Nonhazardous Waste Incinerated for Energy Recovery,371,Metric Tons,,,,,,,,
Environmental,The Boeing Company,2023,Waste - Nonhazardous Waste Incinerated for Energy Recovery,70,Metric Tons,,,,,,,,
Environmental,The Boeing Company,2022,Waste - Nonhazardous Waste Incinerated for Energy Recovery,146,Metric Tons,,,,,,,,
Environmental,The Boeing Company,2024,Waste - Nonhazardous Waste Incinerated Without Energy Recovery,306,Metric Tons,,,,,,,,
Environmental,The Boeing Company,2023,Waste - Nonhazardous Waste Incinerated Without Energy Recovery,206,Metric Tons,,,,,,,,
Environmental,The Boeing Company,2022,Waste - Nonhazardous Waste Incinerated Without Energy Recovery,75,Metric Tons,,,,,,,,
Environmental,The Boeing Company,2024,Waste - Nonhazardous Waste Sent to Landfill,314,Metric Tons,,,,,,,,
Environmental,The Boeing Company,2023,Waste - Nonhazardous Waste Sent to Landfill,195,Metric Tons,,,,,,,,
Environmental,The Boeing Company,2022,Waste - Nonhazardous Waste Sent to Landfill,133,Metric Tons,,,,,,,,
Environmental,The Boeing Company,2024,Waste - Nonhazardous Waste Otherwise Disposed,4616,Metric Tons,,,,,,,,
Environmental,The Boeing Company,2023,Waste - Nonhazardous Waste Otherwise Disposed,7209,Metric Tons,,,,,,,,
Environmental,The Boeing Company,2022,Waste - Nonhazardous Waste Otherwise Disposed,7123,Metric Tons,,,,,,,,
Environmental,The Boeing Company,2024,Waste - Nonhazardous Waste Recycled,235,Metric Tons,,,,,,,,
Environmental,The Boeing Company,2023,Waste - Nonhazardous Waste Recycled,52,Metric Tons,,,,,,,,
Environmental,The Boeing Company,2022,Waste - Nonhazardous Waste Recycled,39,Metric Tons,,,,,,,,
Environmental,The Boeing Company,2024,Waste - Percentage of Nonhazardous Waste Recycled,4,%,,,,,,,,
Environmental,The Boeing Company,2023,Waste - Percentage of Nonhazardous Waste Recycled,0.7,%,,,,,,,,
Environmental,The Boeing Company,2022,Waste - Percentage of Nonhazardous Waste Recycled,0.5,%,,,,,,,,
Environmental,The Boeing Company,2024,Waste - Solid Waste Directed to Disposal,14387,Metric Tons,,,,,,,,
Environmental,The Boeing Company,2023,Waste - Solid Waste Directed to Disposal,13899,Metric Tons,,,,,,,,
Environmental,The Boeing Company,2022,Waste - Solid Waste Directed to Disposal,11603,Metric Tons,,,,,,,,
Environmental,The Boeing Company,2024,Waste - Solid Waste Incinerated for Energy Recovery,2513,Metric Tons,,,,,,,,
Environmental,The Boeing Company,2023,Waste - Solid Waste Incinerated for Energy Recovery,2579,Metric Tons,,,,,,,,
Environmental,The Boeing Company,2022,Waste - Solid Waste Incinerated for Energy Recovery,2094,Metric Tons,,,,,,,,
Environmental,The Boeing Company,2024,Waste - Solid Waste Sent to Landfill,11874,Metric Tons,,,,,,,,
Environmental,The Boeing Company,2023,Waste - Solid Waste Sent to Landfill,11320,Metric Tons,,,,,,,,
Environmental,The Boeing Company,2022,Waste - Solid Waste Sent to Landfill,9509,Metric Tons,,,,,,,,
Environmental,The Boeing Company,2024,Waste - Solid Waste Recycled Reused and Composted,37508,Metric Tons,,,,,,,
Environmental,The Boeing Company,2023,Waste - Solid Waste Recycled Reused and Composted,50510,Metric Tons,,,,,,,
Environmental,The Boeing Company,2022,Waste - Solid Waste Recycled Reused and Composted,52516,Metric Tons,,,,,,,
Environmental,The Boeing Company,2024,Waste - Percentage of Solid Waste Recycled Reused and Composted,72,%,,,,,,,
Environmental,The Boeing Company,2023,Waste - Percentage of Solid Waste Recycled Reused and Composted,78,%,,,,,,,
Environmental,The Boeing Company,2022,Waste - Percentage of Solid Waste Recycled Reused and Composted,82,%,,,,,,,
Environmental,The Boeing Company,2024,Waste - Total Solid Waste Generated (Includes all Recycled Reused and Composted Materials),51895,Metric Tons,,,,,,,
Environmental,The Boeing Company,2023,Waste - Total Solid Waste Generated (Includes all Recycled Reused and Composted Materials),64409,Metric Tons,,,,,,,
Environmental,The Boeing Company,2022,Waste - Total Solid Waste Generated (Includes all Recycled Reused and Composted Materials),64119,Metric Tons,,,,,,,
Environmental,The Boeing Company,2024,Waste - Total Waste Directed to Disposal,26013,-,,,,,,,,
Environmental,The Boeing Company,2023,Waste - Total Waste Directed to Disposal,27514,-,,,,,,,,
Environmental,The Boeing Company,2022,Waste - Total Waste Directed to Disposal,26121,-,,,,,,,,
Environmental,The Boeing Company,2024,Waste - Total Waste Incinerated for Energy Recovery,3610,-,,,,,,,,
Environmental,The Boeing Company,2023,Waste - Total Waste Incinerated for Energy Recovery,3465,-,,,,,,,,
Environmental,The Boeing Company,2022,Waste - Total Waste Incinerated for Energy Recovery,2893,-,,,,,,,,
Environmental,The Boeing Company,2024,Waste - Total Waste Incinerated Without Energy Recovery,1035,-,,,,,,,,
Environmental,The Boeing Company,2023,Waste - Total Waste Incinerated Without Energy Recovery,1199,-,,,,,,,,
Environmental,The Boeing Company,2022,Waste - Total Waste Incinerated Without Energy Recovery,864,-,,,,,,,,
Environmental,The Boeing Company,2024,Waste - Total Waste Sent to Landfill,14434,-,,,,,,,,
Environmental,The Boeing Company,2023,Waste - Total Waste Sent to Landfill,14068,-,,,,,,,,
Environmental,The Boeing Company,2022,Waste - Total Waste Sent to Landfill,11758,-,,,,,,,,
Environmental,The Boeing Company,2024,Waste - Total Waste Otherwise Disposed,6934,-,,,,,,,,
Environmental,The Boeing Company,2023,Waste - Total Waste Otherwise Disposed,8782,-,,,,,,,,
Environmental,The Boeing Company,2022,Waste - Total Waste Otherwise Disposed,10606,-,,,,,,,,
Social,The Boeing Company,2024,Female Representation - Overall (Companywide),24.3,%,,,,,,,,
Social,The Boeing Company,2023,Female Representation - Overall (Companywide),24.4,%,,,,,,,,
Social,The Boeing Company,2022,Female Representation - Overall (Companywide),24.1,%,,,,,,,,
Social,The Boeing Company,2024,Female Representation - Total Number of Female Workforce Members,40699,#,,,,,,,,
Social,The Boeing Company,2023,Female Representation - Total Number of Female Workforce Members,39754,#,,,,,,,,
Social,The Boeing Company,2022,Female Representation - Total Number of Female Workforce Members,36055,#,,,,,,,,
Social,The Boeing Company,2024,Female Representation - Board of Directors,27.3,%,,,,,,,,
Social,The Boeing Company,2023,Female Representation - Board of Directors,30.8,%,,,,,,,,
Social,The Boeing Company,2022,Female Representation - Board of Directors,30.8,%,,,,,,,,
Social,The Boeing Company,2024,Female Representation - Executive Council,23.1,%,,,,,,,,
Social,The Boeing Company,2023,Female Representation - Executive Council,25,%,,,,,,,,
Social,The Boeing Company,2022,Female Representation - Executive Council,19,%,,,,,,,,
Social,The Boeing Company,2024,Female Representation - Executives,33.3,%,,,,,,,,
Social,The Boeing Company,2023,Female Representation - Executives,33.3,%,,,,,,,,
Social,The Boeing Company,2022,Female Representation - Executives,33.2,%,,,,,,,,
Social,The Boeing Company,2024,Female Representation - Managers,24.4,%,,,,,,,,
Social,The Boeing Company,2023,Female Representation - Managers,24.3,%,,,,,,,,
Social,The Boeing Company,2022,Female Representation - Managers,23.7,%,,,,,,,,
Social,The Boeing Company,2024,Female Representation - New Hires (%),24.2,%,,,,,,,,
Social,The Boeing Company,2023,Female Representation - New Hires (%),24.5,%,,,,,,,,
Social,The Boeing Company,2022,Female Representation - New Hires (%),25.4,%,,,,,,,,
Social,The Boeing Company,2024,Female Representation - New Hires (#),4009,#,,,,,,,,
Social,The Boeing Company,2023,Female Representation - New Hires (#),6188,#,,,,,,,,
Social,The Boeing Company,2022,Female Representation - New Hires (#),6686,#,,,,,,,,
Social,The Boeing Company,2024,Demographic Data - Total Number of Male Workforce Members,126481,#,,,,,,,,
Social,The Boeing Company,2023,Demographic Data - Total Number of Male Workforce Members,123201,#,,,,,,,,
Social,The Boeing Company,2022,Demographic Data - Total Number of Male Workforce Members,112063,#,,,,,,,,
Social,The Boeing Company,2024,Demographic Data - Percentage of Workforce Members Who Are Pacific Islander,0.8,%,,,,,,,,
Social,The Boeing Company,2023,Demographic Data - Percentage of Workforce Members Who Are Pacific Islander,0.8,%,,,,,,,,
Social,The Boeing Company,2022,Demographic Data - Percentage of Workforce Members Who Are Pacific Islander,0.7,%,,,,,,,,
Social,The Boeing Company,2024,Demographic Data - Percentage of Workforce Members Who Are Native American,0.8,%,,,,,,,,
Social,The Boeing Company,2023,Demographic Data - Percentage of Workforce Members Who Are Native American,0.8,%,,,,,,,,
Social,The Boeing Company,2022,Demographic Data - Percentage of Workforce Members Who Are Native American,0.8,%,,,,,,,,
Social,The Boeing Company,2024,Demographic Data - Percentage of Workforce Members Who Are Black,7.6,%,,,,,,,,
Social,The Boeing Company,2023,Demographic Data - Percentage of Workforce Members Who Are Black,7.5,%,,,,,,,,
Social,The Boeing Company,2022,Demographic Data - Percentage of Workforce Members Who Are Black,7.1,%,,,,,,,,
Social,The Boeing Company,2024,Demographic Data - Percentage of Workforce Members Who Are Two or More Races,3,%,,,,,,,,
Social,The Boeing Company,2023,Demographic Data - Percentage of Workforce Members Who Are Two or More Races,2.9,%,,,,,,,,
Social,The Boeing Company,2022,Demographic Data - Percentage of Workforce Members Who Are Two or More Races,2.6,%,,,,,,,,
Social,The Boeing Company,2024,Demographic Data - Percentage of Workforce Members Who Are Asian,17,%,,,,,,,,
Social,The Boeing Company,2023,Demographic Data - Percentage of Workforce Members Who Are Asian,16.5,%,,,,,,,,
Social,The Boeing Company,2022,Demographic Data - Percentage of Workforce Members Who Are Asian,15.9,%,,,,,,,,
Social,The Boeing Company,2024,Demographic Data - Percentage of Workforce Members Who Are Hispanic,9.5,%,,,,,,,,
Social,The Boeing Company,2023,Demographic Data - Percentage of Workforce Members Who Are Hispanic,9.3,%,,,,,,,,
Social,The Boeing Company,2022,Demographic Data - Percentage of Workforce Members Who Are Hispanic,9.3,%,,,,,,,,
Social,The Boeing Company,2024,Demographic Data - Percentage of Executives Who Are Hispanic,5.3,%,,,,,,,,
Social,The Boeing Company,2023,Demographic Data - Percentage of Executives Who Are Hispanic,5.1,%,,,,,,,,
Social,The Boeing Company,2022,Demographic Data - Percentage of Executives Who Are Hispanic,4.4,%,,,,,,,,
Social,The Boeing Company,2024,Demographic Data - Percentage of Executives Who Are White,76.8,%,,,,,,,,
Social,The Boeing Company,2023,Demographic Data - Percentage of Executives Who Are White,76.9,%,,,,,,,,
Social,The Boeing Company,2022,Demographic Data - Percentage of Executives Who Are White,78.2,%,,,,,,,,
Social,The Boeing Company,2024,Demographic Data - Percentage of Managers Who Are Pacific Islander,0.6,%,,,,,,,,
Social,The Boeing Company,2023,Demographic Data - Percentage of Managers Who Are Pacific Islander,0.6,%,,,,,,,,
Social,The Boeing Company,2022,Demographic Data - Percentage of Managers Who Are Pacific Islander,0.6,%,,,,,,,,
Social,The Boeing Company,2024,Demographic Data - Percentage of Managers Who Are Native American,0.8,%,,,,,,,,
Social,The Boeing Company,2023,Demographic Data - Percentage of Managers Who Are Native American,0.9,%,,,,,,,,
Social,The Boeing Company,2022,Demographic Data - Percentage of Managers Who Are Native American,0.8,%,,,,,,,,
Social,The Boeing Company,2024,Demographic Data - Percentage of Managers Who Are Black,6.8,%,,,,,,,,
Social,The Boeing Company,2023,Demographic Data - Percentage of Managers Who Are Black,6.8,%,,,,,,,,
Social,The Boeing Company,2022,Demographic Data - Percentage of Managers Who Are Black,6.7,%,,,,,,,,
Social,The Boeing Company,2024,Demographic Data - Percentage of Managers Who Are Two or More Races,2.7,%,,,,,,,,
Social,The Boeing Company,2023,Demographic Data - Percentage of Managers Who Are Two or More Races,2.6,%,,,,,,,,
Social,The Boeing Company,2022,Demographic Data - Percentage of Managers Who Are Two or More Races,2.3,%,,,,,,,,
Social,The Boeing Company,2024,Demographic Data - Percentage of Managers Who Are Hispanic,8.2,%,,,,,,,,
Social,The Boeing Company,2023,Demographic Data - Percentage of Managers Who Are Hispanic,7.9,%,,,,,,,,
Social,The Boeing Company,2022,Demographic Data - Percentage of Managers Who Are Hispanic,9.3,%,,,,,,,,
Social,The Boeing Company,2024,Demographic Data - Percentage of Managers Who Are Asian,9.9,%,,,,,,,,
Social,The Boeing Company,2023,Demographic Data - Percentage of Managers Who Are Asian,9.9,%,,,,,,,,
Social,The Boeing Company,2022,Demographic Data - Percentage of Managers Who Are Asian,9.3,%,,,,,,,,
Social,The Boeing Company,2024,Demographic Data - Percentage of Managers Who Are White,69.6,%,,,,,,,,
Social,The Boeing Company,2023,Demographic Data - Percentage of Managers Who Are White,70.4,%,,,,,,,,
Social,The Boeing Company,2022,Demographic Data - Percentage of Managers Who Are White,72.3,%,,,,,,,,
Social,The Boeing Company,2024,Demographic Data - Percentage of New Hires Who Are Pacific Islander,0.8,%,,,,,,,,
Social,The Boeing Company,2023,Demographic Data - Percentage of New Hires Who Are Pacific Islander,1.1,%,,,,,,,,
Social,The Boeing Company,2022,Demographic Data - Percentage of New Hires Who Are Pacific Islander,1,%,,,,,,,,
Social,The Boeing Company,2024,Demographic Data - Percentage of New Hires Who Are Native American,0.9,%,,,,,,,,
Social,The Boeing Company,2023,Demographic Data - Percentage of New Hires Who Are Native American,0.8,%,,,,,,,,
Social,The Boeing Company,2022,Demographic Data - Percentage of New Hires Who Are Native American,0.7,%,,,,,,,,
Social,The Boeing Company,2024,Demographic Data - Percentage of New Hires Who Are Black,10.9,%,,,,,,,,
Social,The Boeing Company,2023,Demographic Data - Percentage of New Hires Who Are Black,10.8,%,,,,,,,,
Social,The Boeing Company,2022,Demographic Data - Percentage of New Hires Who Are Black,10.6,%,,,,,,,,
Social,The Boeing Company,2024,Demographic Data - Percentage of New Hires Who Are Two or More Races,4.4,%,,,,,,,,
Social,The Boeing Company,2023,Demographic Data - Percentage of New Hires Who Are Two or More Races,4.6,%,,,,,,,,
Social,The Boeing Company,2022,Demographic Data - Percentage of New Hires Who Are Two or More Races,4,%,,,,,,,,
Social,The Boeing Company,2024,Demographic Data - Percentage of New Hires Who Are Hispanic,13.7,%,,,,,,,,
Social,The Boeing Company,2023,Demographic Data - Percentage of New Hires Who Are Hispanic,18.5,%,,,,,,,,
Social,The Boeing Company,2022,Demographic Data - Percentage of New Hires Who Are Hispanic,19.6,%,,,,,,,,
Social,The Boeing Company,2024,Demographic Data - Percentage of New Hires Who Are Asian,16.8,%,,,,,,,,
Social,The Boeing Company,2023,Demographic Data - Percentage of New Hires Who Are Asian,12.9,%,,,,,,,,
Social,The Boeing Company,2022,Demographic Data - Percentage of New Hires Who Are Asian,11.7,%,,,,,,,,
Social,The Boeing Company,2024,Demographic Data - Percentage of New Hires Who Are White,49.3,%,,,,,,,,
Social,The Boeing Company,2023,Demographic Data - Percentage of New Hires Who Are White,49.7,%,,,,,,,,
Social,The Boeing Company,2022,Demographic Data - Percentage of New Hires Who Are White,51,%,,,,,,,,
Social,The Boeing Company,2024,Veterans - Percentage of Veterans,13.9,%,,,,,,,,
Social,The Boeing Company,2023,Veterans - Percentage of Veterans,14.2,%,,,,,,,,
Social,The Boeing Company,2022,Veterans - Percentage of Veterans,14.6,%,,,,,,,,
Social,The Boeing Company,2024,Veterans - Point Change in Veteran Representation From Previous Year,-0.3,-,,,,,,,,
Social,The Boeing Company,2023,Veterans - Point Change in Veteran Representation From Previous Year,-0.4,-,,,,,,,,
Social,The Boeing Company,2022,Veterans - Point Change in Veteran Representation From Previous Year,0,-,,,,,,,,
Social,The Boeing Company,2024,Disabilities - U.S. Disability Self-ID Participation Rate,49.4,%,,,,,,,,
Social,The Boeing Company,2023,Disabilities - U.S. Disability Self-ID Participation Rate,47,%,,,,,,,,
Social,The Boeing Company,2022,Disabilities - U.S. Disability Self-ID Participation Rate,40,%,,,,,,,,
Social,The Boeing Company,2024,Disabilities - Percentage of Workforce Members Who Self-ID as Having a Disability,8.1,%,,,,,,,,
Social,The Boeing Company,2023,Disabilities - Percentage of Workforce Members Who Self-ID as Having a Disability,8.1,%,,,,,,,,
Social,The Boeing Company,2022,Disabilities - Percentage of Workforce Members Who Self-ID as Having a Disability,7.7,%,,,,,,,,
Social,The Boeing Company,2024,Women by Job Group - Percentage of Engineers Who Are Women,18.6,%,,,,,,,,
Social,The Boeing Company,2023,Women by Job Group - Percentage of Engineers Who Are Women,18.1,%,,,,,,,,
Social,The Boeing Company,2022,Women by Job Group - Percentage of Engineers Who Are Women,17.4,%,,,,,,,,
Social,The Boeing Company,2024,Women by Job Group - Percentage of Individual Contributors Who Are Women,34.6,%,,,,,,,,
Social,The Boeing Company,2023,Women by Job Group - Percentage of Individual Contributors Who Are Women,34.6,%,,,,,,,,
Social,The Boeing Company,2022,Women by Job Group - Percentage of Individual Contributors Who Are Women,34.6,%,,,,,,,,
Social,The Boeing Company,2024,Women by Job Group - Percentage of Production & Maintenance Workers Who Are Women,16.6,%,,,,,,,,
Social,The Boeing Company,2023,Women by Job Group - Percentage of Production & Maintenance Workers Who Are Women,17,%,,,,,,,,
Social,The Boeing Company,2022,Women by Job Group - Percentage of Production & Maintenance Workers Who Are Women,16.6,%,,,,,,,,
Social,The Boeing Company,2024,Women by Job Group - Percentage of Workforce Members Who Received Promotions Who Are Women,27.5,%,,,,,,,,
Social,The Boeing Company,2023,Women by Job Group - Percentage of Workforce Members Who Received Promotions Who Are Women,27.8,%,,,,,,,,
Social,The Boeing Company,2022,Women by Job Group - Percentage of Workforce Members Who Received Promotions Who Are Women,28.5,%,,,,,,,,
Net zero,bp,2019,Scope 1 (direct) and Scope 2 (indirect) greenhouse gas emissions,54.5,MtCO₂e,Operational control boundary. 2019 baseline changed from 54.4MtCO₂e for consistency in rounding.,,,,,,,
Net zero,bp,2020,Scope 1 (direct) and Scope 2 (indirect) greenhouse gas emissions,45.5,MtCO₂e,Operational control boundary. 2019 baseline changed from 54.4MtCO₂e for consistency in rounding.,,,,,,,
Net zero,bp,2021,Scope 1 (direct) and Scope 2 (indirect) greenhouse gas emissions,35.6,MtCO₂e,Operational control boundary. 2019 baseline changed from 54.4MtCO₂e for consistency in rounding.,,,,,,,
Net zero,bp,2022,Scope 1 (direct) and Scope 2 (indirect) greenhouse gas emissions,31.9,MtCO₂e,Operational control boundary. 2019 baseline changed from 54.4MtCO₂e for consistency in rounding.,,,,,,,
Net zero,bp,2023,Scope 1 (direct) and Scope 2 (indirect) greenhouse gas emissions,32.1,MtCO₂e,Operational control boundary. 2019 baseline changed from 54.4MtCO₂e for consistency in rounding.,,,,,,,
Net zero,bp,2024,Scope 1 (direct) and Scope 2 (indirect) greenhouse gas emissions,33.6,MtCO₂e,Operational control boundary. 2019 baseline changed from 54.4MtCO₂e for consistency in rounding.,,,,,,,
Net zero,bp,2019,Emissions from the carbon in our upstream oil and gas production,360.9,MtCO₂e,Net share of production, excluding Rosneft from 27 Feb 2022. Equivalent to GHG Protocol, Scope 3, category 11. Previously aim 2 (net zero production).,,,,
Net zero,bp,2020,Emissions from the carbon in our upstream oil and gas production,327.6,MtCO₂e,Net share of production, excluding Rosneft from 27 Feb 2022. Equivalent to GHG Protocol, Scope 3, category 11. Previously aim 2 (net zero production).,,,,
Net zero,bp,2021,Emissions from the carbon in our upstream oil and gas production,303.6,MtCO₂e,Net share of production, excluding Rosneft from 27 Feb 2022. Equivalent to GHG Protocol, Scope 3, category 11. Previously aim 2 (net zero production).,,,,
Net zero,bp,2022,Emissions from the carbon in our upstream oil and gas production,306.7,MtCO₂e,Net share of production, excluding Rosneft from 27 Feb 2022. Equivalent to GHG Protocol, Scope 3, category 11. Previously aim 2 (net zero production).,,,,
Net zero,bp,2023,Emissions from the carbon in our upstream oil and gas production,314.9,MtCO₂e,Net share of production, excluding Rosneft from 27 Feb 2022. Equivalent to GHG Protocol, Scope 3, category 11. Previously aim 2 (net zero production).,,,,
Net zero,bp,2024,Emissions from the carbon in our upstream oil and gas production,321.9,MtCO₂e,Net share of production, excluding Rosneft from 27 Feb 2022. Equivalent to GHG Protocol, Scope 3, category 11. Previously aim 2 (net zero production).,,,,
Net zero,bp,2019,Average carbon intensity of our sold energy products,84,gCO₂e/MJ,Lifecycle 'well-to-wheel' and 'well-to-wire' emissions. Restated 2019-2023 figures.,,,,,,,
Net zero,bp,2020,Average carbon intensity of our sold energy products,81,gCO₂e/MJ,Lifecycle 'well-to-wheel' and 'well-to-wire' emissions. Restated 2019-2023 figures.,,,,,,,
Net zero,bp,2021,Average carbon intensity of our sold energy products,81,gCO₂e/MJ,Lifecycle 'well-to-wheel' and 'well-to-wire' emissions. Restated 2019-2023 figures.,,,,,,,
Net zero,bp,2022,Average carbon intensity of our sold energy products,81,gCO₂e/MJ,Lifecycle 'well-to-wheel' and 'well-to-wire' emissions. Restated 2019-2023 figures.,,,,,,,
Net zero,bp,2023,Average carbon intensity of our sold energy products,80,gCO₂e/MJ,Lifecycle 'well-to-wheel' and 'well-to-wire' emissions. Restated 2019-2023 figures.,,,,,,,
Net zero,bp,2024,Average carbon intensity of our sold energy products,79,gCO₂e/MJ,Lifecycle 'well-to-wheel' and 'well-to-wire' emissions. Restated 2019-2023 figures.,,,,,,,
Net zero,bp,2019,Carbon intensity,95,gCO₂e/MJ,,,,,,,,
Net zero,bp,2020,Carbon intensity,93,gCO₂e/MJ,,,,,,,,
Net zero,bp,2021,Carbon intensity,92,gCO₂e/MJ,,,,,,,,
Net zero,bp,2022,Carbon intensity,92,gCO₂e/MJ,,,,,,,,
Net zero,bp,2023,Carbon intensity,91,gCO₂e/MJ,,,,,,,,
Net zero,bp,2024,Carbon intensity,91,gCO₂e/MJ,,,,,,,,
Net zero,bp,2019,Carbon intensity,68,gCO₂e/MJ,,,,,,,,
Net zero,bp,2020,Carbon intensity,67,gCO₂e/MJ,,,,,,,,
Net zero,bp,2021,Carbon intensity,67,gCO₂e/MJ,,,,,,,,
Net zero,bp,2022,Carbon intensity,67,gCO₂e/MJ,,,,,,,,
Net zero,bp,2023,Carbon intensity,67,gCO₂e/MJ,,,,,,,,
Net zero,bp,2024,Carbon intensity,67,gCO₂e/MJ,,,,,,,,
Net zero,bp,2019,Carbon intensity,47,gCO₂e/MJ,,,,,,,,
Net zero,bp,2020,Carbon intensity,44,gCO₂e/MJ,,,,,,,,
Net zero,bp,2021,Carbon intensity,44,gCO₂e/MJ,,,,,,,,
Net zero,bp,2022,Carbon intensity,43,gCO₂e/MJ,,,,,,,,
Net zero,bp,2023,Carbon intensity,44,gCO₂e/MJ,,,,,,,,
Net zero,bp,2024,Carbon intensity,41,gCO₂e/MJ,,,,,,,,
Net zero,bp,2019,Carbon intensity,28,gCO₂e/MJ,,,,,,,,
Net zero,bp,2020,Carbon intensity,33,gCO₂e/MJ,,,,,,,,
Net zero,bp,2021,Carbon intensity,27,gCO₂e/MJ,,,,,,,,
Net zero,bp,2022,Carbon intensity,29,gCO₂e/MJ,,,,,,,,
Net zero,bp,2023,Carbon intensity,56,gCO₂e/MJ,,,,,,,,
Net zero,bp,2024,Carbon intensity,50,gCO₂e/MJ,,,,,,,,
Net zero,bp,2019,Aggregate lifecycle emissions associated with sales of energy products,671,MtCO₂e,Aggregate lifecycle GHG emissions associated with sold energy products. Lifecycle covers 'well-to-wheel' and 'well-to-wire' emissions.,,,,,,,
Net zero,bp,2020,Aggregate lifecycle emissions associated with sales of energy products,545,MtCO₂e,Aggregate lifecycle GHG emissions associated with sold energy products. Lifecycle covers 'well-to-wheel' and 'well-to-wire' emissions.,,,,,,,
Net zero,bp,2021,Aggregate lifecycle emissions associated with sales of energy products,539,MtCO₂e,Aggregate lifecycle GHG emissions associated with sold energy products. Lifecycle covers 'well-to-wheel' and 'well-to-wire' emissions.,,,,,,,
Net zero,bp,2022,Aggregate lifecycle emissions associated with sales of energy products,563,MtCO₂e,Aggregate lifecycle GHG emissions associated with sold energy products. Lifecycle covers 'well-to-wheel' and 'well-to-wire' emissions.,,,,,,,
Net zero,bp,2023,Aggregate lifecycle emissions associated with sales of energy products,628,MtCO₂e,Aggregate lifecycle GHG emissions associated with sold energy products. Lifecycle covers 'well-to-wheel' and 'well-to-wire' emissions.,,,,,,,
Net zero,bp,2024,Aggregate lifecycle emissions associated with sales of energy products,644,MtCO₂e,Aggregate lifecycle GHG emissions associated with sold energy products. Lifecycle covers 'well-to-wheel' and 'well-to-wire' emissions.,,,,,,,
Net zero,bp,2019,Aggregate energy associated with sales of energy products,7939,PJ,Electricity represented as fossil fuel equivalence of sold energy. 1 PJ = 1 billion (10^9) MJ.,,,,,,,
Net zero,bp,2020,Aggregate energy associated with sales of energy products,6685,PJ,Electricity represented as fossil fuel equivalence of sold energy. 1 PJ = 1 billion (10^9) MJ.,,,,,,,
Net zero,bp,2021,Aggregate energy associated with sales of energy products,6643,PJ,Electricity represented as fossil fuel equivalence of sold energy. 1 PJ = 1 billion (10^9) MJ.,,,,,,,
Net zero,bp,2022,Aggregate energy associated with sales of energy products,6908,PJ,Electricity represented as fossil fuel equivalence of sold energy. 1 PJ = 1 billion (10^9) MJ.,,,,,,,
Net zero,bp,2023,Aggregate energy associated with sales of energy products,7850,PJ,Electricity represented as fossil fuel equivalence of sold energy. 1 PJ = 1 billion (10^9) MJ.,,,,,,,
Net zero,bp,2024,Aggregate energy associated with sales of energy products,8113,PJ,Electricity represented as fossil fuel equivalence of sold energy. 1 PJ = 1 billion (10^9) MJ.,,,,,,,
Net zero,bp,2019,Methane intensity,0.14,%,Methane emissions from operated upstream oil and gas assets as % of total gas to market. New measurement approach from 2024, prior years not directly comparable.,,,,,,
Net zero,bp,2020,Methane intensity,0.12,%,Methane emissions from operated upstream oil and gas assets as % of total gas to market. New measurement approach from 2024, prior years not directly comparable.,,,,,,
Net zero,bp,2021,Methane intensity,0.07,%,Methane emissions from operated upstream oil and gas assets as % of total gas to market. New measurement approach from 2024, prior years not directly comparable.,,,,,,
Net zero,bp,2022,Methane intensity,0.05,%,Methane emissions from operated upstream oil and gas assets as % of total gas to market. New measurement approach from 2024, prior years not directly comparable.,,,,,,
Net zero,bp,2023,Methane intensity,0.05,%,Methane emissions from operated upstream oil and gas assets as % of total gas to market. New measurement approach from 2024, prior years not directly comparable.,,,,,,
Net zero,bp,2024,Methane intensity,0.07,%,Methane emissions from operated upstream oil and gas assets as % of total gas to market. New measurement approach from 2024, prior years not directly comparable.,,,,,,
Net zero,bp,2019,Transition growth investment,634,$ million,Previously aim 5 (more investment into transition).,,,,,,,
Net zero,bp,2020,Transition growth investment,995,$ million,Previously aim 5 (more investment into transition).,,,,,,,
Net zero,bp,2021,Transition growth investment,2437,$ million,Previously aim 5 (more investment into transition).,,,,,,,
Net zero,bp,2022,Transition growth investment,4911,$ million,Previously aim 5 (more investment into transition).,,,,,,,
Net zero,bp,2023,Transition growth investment,3779,$ million,Previously aim 5 (more investment into transition).,,,,,,,
Net zero,bp,2024,Transition growth investment,3717,$ million,Previously aim 5 (more investment into transition).,,,,,,,
Greenhouse gas emissions and energy,bp,2019,Scope 1 (direct) greenhouse gas emissions (Operational control),49.2,MtCO₂e,Operational control data. Includes CO₂ and methane.,,,,,,,
Greenhouse gas emissions and energy,bp,2020,Scope 1 (direct) greenhouse gas emissions (Operational control),41.7,MtCO₂e,Operational control data. Includes CO₂ and methane.,,,,,,,
Greenhouse gas emissions and energy,bp,2021,Scope 1 (direct) greenhouse gas emissions (Operational control),33.2,MtCO₂e,Operational control data. Includes CO₂ and methane.,,,,,,,
Greenhouse gas emissions and energy,bp,2022,Scope 1 (direct) greenhouse gas emissions (Operational control),30.4,MtCO₂e,Operational control data. Includes CO₂ and methane.,,,,,,,
Greenhouse gas emissions and energy,bp,2023,Scope 1 (direct) greenhouse gas emissions (Operational control),31.1,MtCO₂e,Operational control data. Includes CO₂ and methane.,,,,,,,
Greenhouse gas emissions and energy,bp,2024,Scope 1 (direct) greenhouse gas emissions (Operational control),32.8,MtCO₂e,Operational control data. Includes CO₂ and methane.,,,,,,,
Greenhouse gas emissions and energy,bp,2021,Scope 1 (direct) greenhouse gas emissions (Operational control),15.5,MtCO₂e,Includes bpx energy. Segment data not available for 2019,2020,,,,,,
Greenhouse gas emissions and energy,bp,2022,Scope 1 (direct) greenhouse gas emissions (Operational control),13.8,MtCO₂e,Includes bpx energy.,,,,,,,
Greenhouse gas emissions and energy,bp,2023,Scope 1 (direct) greenhouse gas emissions (Operational control),15.2,MtCO₂e,Includes bpx energy.,,,,,,,
Greenhouse gas emissions and energy,bp,2024,Scope 1 (direct) greenhouse gas emissions (Operational control),16.7,MtCO₂e,Includes bpx energy.,,,,,,,
Greenhouse gas emissions and energy,bp,2021,Scope 1 (direct) greenhouse gas emissions (Operational control),16.9,MtCO₂e,Segment data not available for 2019,2020,,,,,,
Greenhouse gas emissions and energy,bp,2022,Scope 1 (direct) greenhouse gas emissions (Operational control),15.9,MtCO₂e,,,,,,,,
Greenhouse gas emissions and energy,bp,2023,Scope 1 (direct) greenhouse gas emissions (Operational control),15.1,MtCO₂e,,,,,,,,
Greenhouse gas emissions and energy,bp,2024,Scope 1 (direct) greenhouse gas emissions (Operational control),15.2,MtCO₂e,,,,,,,,
Greenhouse gas emissions and energy,bp,2022,Scope 1 (direct) greenhouse gas emissions (Operational control),0.7,MtCO₂e,Segment data not available for 2019,2020,2021,,,,,
Greenhouse gas emissions and energy,bp,2023,Scope 1 (direct) greenhouse gas emissions (Operational control),0.8,MtCO₂e,,,,,,,,
Greenhouse gas emissions and energy,bp,2024,Scope 1 (direct) greenhouse gas emissions (Operational control),0.9,MtCO₂e,,,,,,,,
Greenhouse gas emissions and energy,bp,2019,Scope 2 (indirect) emissions (Operational control),5.2,MtCO₂e,Scope 2 emissions on a market basis. Figure for 2022 updated to reflect use of renewable energy in UK and offshore in 2022.,,,,,,,
Greenhouse gas emissions and energy,bp,2020,Scope 2 (indirect) emissions (Operational control),3.8,MtCO₂e,Scope 2 emissions on a market basis. Figure for 2022 updated to reflect use of renewable energy in UK and offshore in 2022.,,,,,,,
Greenhouse gas emissions and energy,bp,2021,Scope 2 (indirect) emissions (Operational control),2.4,MtCO₂e,Scope 2 emissions on a market basis. Figure for 2022 updated to reflect use of renewable energy in UK and offshore in 2022.,,,,,,,
Greenhouse gas emissions and energy,bp,2022,Scope 2 (indirect) emissions (Operational control),1.4,MtCO₂e,Scope 2 emissions on a market basis. Figure for 2022 updated to reflect use of renewable energy in UK and offshore in 2022.,,,,,,,
Greenhouse gas emissions and energy,bp,2023,Scope 2 (indirect) emissions (Operational control),1,MtCO₂e,Scope 2 emissions on a market basis. Figure for 2022 updated to reflect use of renewable energy in UK and offshore in 2022.,,,,,,,
Greenhouse gas emissions and energy,bp,2024,Scope 2 (indirect) emissions (Operational control),0.8,MtCO₂e,Scope 2 emissions on a market basis. Figure for 2022 updated to reflect use of renewable energy in UK and offshore in 2022.,,,,,,,
Greenhouse gas emissions and energy,bp,2021,Scope 2 (indirect) emissions (Operational control),0,MtCO₂e,,,,,,,,
Greenhouse gas emissions and energy,bp,2022,Scope 2 (indirect) emissions (Operational control),0.1,MtCO₂e,,,,,,,,
Greenhouse gas emissions and energy,bp,2023,Scope 2 (indirect) emissions (Operational control),0.1,MtCO₂e,,,,,,,,
Greenhouse gas emissions and energy,bp,2024,Scope 2 (indirect) emissions (Operational control),0.1,MtCO₂e,,,,,,,,
Greenhouse gas emissions and energy,bp,2021,Scope 2 (indirect) emissions (Operational control),2.2,MtCO₂e,,,,,,,,
Greenhouse gas emissions and energy,bp,2022,Scope 2 (indirect) emissions (Operational control),1.2,MtCO₂e,,,,,,,,
Greenhouse gas emissions and energy,bp,2023,Scope 2 (indirect) emissions (Operational control),0.6,MtCO₂e,,,,,,,,
Greenhouse gas emissions and energy,bp,2024,Scope 2 (indirect) emissions (Operational control),0.3,MtCO₂e,,,,,,,,
Greenhouse gas emissions and energy,bp,2022,Scope 2 (indirect) emissions (Operational control),0.2,MtCO₂e,,,,,,,,
Greenhouse gas emissions and energy,bp,2023,Scope 2 (indirect) emissions (Operational control),0.4,MtCO₂e,,,,,,,,
Greenhouse gas emissions and energy,bp,2024,Scope 2 (indirect) emissions (Operational control),0.4,MtCO₂e,,,,,,,,
Greenhouse gas emissions and energy,bp,2021,Greenhouse gas intensity (Scope 1 and 2),15.9,tCO₂e per thousand boe of production,,,,,,,,
Greenhouse gas emissions and energy,bp,2022,Greenhouse gas intensity (Scope 1 and 2),14.2,tCO₂e per thousand boe of production,,,,,,,,
Greenhouse gas emissions and energy,bp,2023,Greenhouse gas intensity (Scope 1 and 2),15.7,tCO₂e per thousand boe of production,,,,,,,,
Greenhouse gas emissions and energy,bp,2024,Greenhouse gas intensity (Scope 1 and 2),16.3,tCO₂e per thousand boe of production,,,,,,,,
Greenhouse gas emissions and energy,bp,2021,Greenhouse gas intensity (Scope 1 and 2),1060,tCO₂e per utilized equivalent distillation capacity,,,,,,,,
Greenhouse gas emissions and energy,bp,2022,Greenhouse gas intensity (Scope 1 and 2),1028,tCO₂e per utilized equivalent distillation capacity,,,,,,,,
Greenhouse gas emissions and energy,bp,2023,Greenhouse gas intensity (Scope 1 and 2),1003,tCO₂e per utilized equivalent distillation capacity,,,,,,,,
Greenhouse gas emissions and energy,bp,2024,Greenhouse gas intensity (Scope 1 and 2),979,tCO₂e per utilized equivalent distillation capacity,,,,,,,,
Greenhouse gas emissions and energy,bp,2021,Greenhouse gas intensity (Scope 1 and 2),688,tCO₂e per thousand tonnes of production,,,,,,,,
Greenhouse gas emissions and energy,bp,2022,Greenhouse gas intensity (Scope 1 and 2),653,tCO₂e per thousand tonnes of production,,,,,,,,
Greenhouse gas emissions and energy,bp,2023,Greenhouse gas intensity (Scope 1 and 2),741,tCO₂e per thousand tonnes of production,,,,,,,,
Greenhouse gas emissions and energy,bp,2024,Greenhouse gas intensity (Scope 1 and 2),654,tCO₂e per thousand tonnes of production,,,,,,,,
Greenhouse gas emissions and energy,bp,2019,Methane intensity,0.14,%,Methane emissions from operated upstream oil and gas assets as % of total gas to market. New measurement approach from 2024, prior years not directly comparable.,,,,,,
Greenhouse gas emissions and energy,bp,2020,Methane intensity,0.12,%,Methane emissions from operated upstream oil and gas assets as % of total gas to market. New measurement approach from 2024, prior years not directly comparable.,,,,,,
Greenhouse gas emissions and energy,bp,2021,Methane intensity,0.07,%,Methane emissions from operated upstream oil and gas assets as % of total gas to market. New measurement approach from 2024, prior years not directly comparable.,,,,,,
Greenhouse gas emissions and energy,bp,2022,Methane intensity,0.05,%,Methane emissions from operated upstream oil and gas assets as % of total gas to market. New measurement approach from 2024, prior years not directly comparable.,,,,,,
Greenhouse gas emissions and energy,bp,2023,Methane intensity,0.05,%,Methane emissions from operated upstream oil and gas assets as % of total gas to market. New measurement approach from 2024, prior years not directly comparable.,,,,,,
Greenhouse gas emissions and energy,bp,2024,Methane intensity,0.07,%,Methane emissions from operated upstream oil and gas assets as % of total gas to market. New measurement approach from 2024, prior years not directly comparable.,,,,,,
Greenhouse gas emissions and energy,bp,2019,Flaring,1395,kt,Total hydrocarbons flared from upstream operations.,,,,,,,
Greenhouse gas emissions and energy,bp,2020,Flaring,831,kt,Total hydrocarbons flared from upstream operations.,,,,,,,
Greenhouse gas emissions and energy,bp,2021,Flaring,967,kt,Total hydrocarbons flared from upstream operations.,,,,,,,
Greenhouse gas emissions and energy,bp,2022,Flaring,654,kt,Total hydrocarbons flared from upstream operations.,,,,,,,
Greenhouse gas emissions and energy,bp,2023,Flaring,861,kt,Total hydrocarbons flared from upstream operations.,,,,,,,
Greenhouse gas emissions and energy,bp,2024,Flaring,613,kt,Total hydrocarbons flared from upstream operations.,,,,,,,
Greenhouse gas emissions and energy,bp,2021,Energy consumption (Operational control),128805,GWh,Total energy consumption (GWh, base units of kWh).,,,,,,
Greenhouse gas emissions and energy,bp,2022,Energy consumption (Operational control),121697,GWh,Total energy consumption (GWh, base units of kWh).,,,,,,
Greenhouse gas emissions and energy,bp,2023,Energy consumption (Operational control),124770,GWh,Total energy consumption (GWh, base units of kWh).,,,,,,
Greenhouse gas emissions and energy,bp,2024,Energy consumption (Operational control),129872,GWh,Total energy consumption (GWh, base units of kWh).,,,,,,
Greenhouse gas emissions and energy,bp,2021,Energy consumption (Operational control),46033,GWh,Total energy consumption (GWh, base units of kWh) for the segment.,,,,,,
Greenhouse gas emissions and energy,bp,2022,Energy consumption (Operational control),43748,GWh,Total energy consumption (GWh, base units of kWh) for the segment.,,,,,,
Greenhouse gas emissions and energy,bp,2023,Energy consumption (Operational control),46215,GWh,Total energy consumption (GWh, base units of kWh) for the segment.,,,,,,
Greenhouse gas emissions and energy,bp,2024,Energy consumption (Operational control),51124,GWh,Total energy consumption (GWh, base units of kWh) for the segment.,,,,,,
Safety,bp,2019,Fatalities,2,#,Total number of fatalities (employee and contractor) for bp group.,,,,,,,
Safety,bp,2020,Fatalities,1,#,Total number of fatalities (employee and contractor) for bp group.,,,,,,,
Safety,bp,2021,Fatalities,1,#,Total number of fatalities (employee and contractor) for bp group.,,,,,,,
Safety,bp,2022,Fatalities,4,#,Total number of fatalities (employee and contractor) for bp group.,,,,,,,
Safety,bp,2023,Fatalities,1,#,Total number of fatalities (employee and contractor) for bp group.,,,,,,,
Safety,bp,2024,Fatalities,0,#,Total number of fatalities (employee and contractor) for bp group.,,,,,,,
Safety,bp,2019,Fatalities,1,#,,,,,,,,
Safety,bp,2020,Fatalities,1,#,,,,,,,,
Safety,bp,2021,Fatalities,0,#,,,,,,,,
Safety,bp,2022,Fatalities,2,#,,,,,,,,
Safety,bp,2023,Fatalities,0,#,,,,,,,,
Safety,bp,2024,Fatalities,0,#,,,,,,,,
Safety,bp,2019,Fatalities,1,#,,,,,,,,
Safety,bp,2020,Fatalities,0,#,,,,,,,,
Safety,bp,2021,Fatalities,1,#,,,,,,,,
Safety,bp,2022,Fatalities,2,#,,,,,,,,
Safety,bp,2023,Fatalities,1,#,,,,,,,,
Safety,bp,2024,Fatalities,0,#,,,,,,,,
Safety,bp,2022,Life changing injuries,1,#,Total number of life-changing injuries (employee and contractor) for bp group. Data for 2019-2021 not reported.,,,,,,,
Safety,bp,2023,Life changing injuries,3,#,Total number of life-changing injuries (employee and contractor) for bp group. Data for 2019-2021 not reported.,,,,,,,
Safety,bp,2022,Life changing injuries,0,#,,,,,,,,
Safety,bp,2023,Life changing injuries,2,#,,,,,,,,
Safety,bp,2022,Life changing injuries,1,#,,,,,,,,
Safety,bp,2023,Life changing injuries,1,#,,,,,,,,
Safety,bp,2019,Recordable injuries (RI),273,#,Reported incidents occurring within bp's operational HSSE reporting boundary.,,,,,,,
Safety,bp,2020,Recordable injuries (RI),174,#,Reported incidents occurring within bp's operational HSSE reporting boundary.,,,,,,,
Safety,bp,2021,Recordable injuries (RI),181,#,Reported incidents occurring within bp's operational HSSE reporting boundary.,,,,,,,
Safety,bp,2022,Recordable injuries (RI),215,#,Reported incidents occurring within bp's operational HSSE reporting boundary.,,,,,,,
Safety,bp,2023,Recordable injuries (RI),287,#,Reported incidents occurring within bp's operational HSSE reporting boundary.,,,,,,,
Safety,bp,2024,Recordable injuries (RI),306,#,Reported incidents occurring within bp's operational HSSE reporting boundary.,,,,,,,
Safety,bp,2019,Recordable injury frequency (RIF),0.166,recordable injuries per 200000 hours worked,RIF: number of reported RI incidents per 200000 hours worked.,,,,,,,
Safety,bp,2020,Recordable injury frequency (RIF),0.132,recordable injuries per 200000 hours worked,RIF: number of reported RI incidents per 200000 hours worked.,,,,,,,
Safety,bp,2021,Recordable injury frequency (RIF),0.164,recordable injuries per 200000 hours worked,RIF: number of reported RI incidents per 200000 hours worked.,,,,,,,
Safety,bp,2022,Recordable injury frequency (RIF),0.187,recordable injuries per 200000 hours worked,RIF: number of reported RI incidents per 200000 hours worked.,,,,,,,
Safety,bp,2023,Recordable injury frequency (RIF),0.274,recordable injuries per 200000 hours worked,RIF: number of reported RI incidents per 200000 hours worked.,,,,,,,
Safety,bp,2024,Recordable injury frequency (RIF),0.297,recordable injuries per 200000 hours worked,RIF: number of reported RI incidents per 200000 hours worked.,,,,,,,
Environment,bp,2019,Total losses of primary containment,55,#,Loss of primary containment of one barrel or more of liquid hydrocarbon (1 barrel = 159 litres = 42 gallons).,,,,,,,
Environment,bp,2020,Total losses of primary containment,38,#,Loss of primary containment of one barrel or more of liquid hydrocarbon (1 barrel = 159 litres = 42 gallons).,,,,,,,
Environment,bp,2021,Total losses of primary containment,58,#,Loss of primary containment of one barrel or more of liquid hydrocarbon (1 barrel = 159 litres = 42 gallons).,,,,,,,
Environment,bp,2022,Total losses of primary containment,74,#,Loss of primary containment of one barrel or more of liquid hydrocarbon (1 barrel = 159 litres = 42 gallons).,,,,,,,
Environment,bp,2023,Total losses of primary containment,80,#,Loss of primary containment of one barrel or more of liquid hydrocarbon (1 barrel = 159 litres = 42 gallons).,,,,,,,
Environment,bp,2024,Total losses of primary containment,87,#,Loss of primary containment of one barrel or more of liquid hydrocarbon (1 barrel = 159 litres = 42 gallons).,,,,,,,
Environment,bp,2019,Total spills to the environment,201,#,Spills which breach containment and reach the environment, to land or water.,,,,,,
Environment,bp,2020,Total spills to the environment,121,#,Spills which breach containment and reach the environment, to land or water.,,,,,,
Environment,bp,2021,Total spills to the environment,131,#,Spills which breach containment and reach the environment, to land or water.,,,,,,
Environment,bp,2022,Total spills to the environment,122,#,Spills which breach containment and reach the environment, to land or water.,,,,,,
Environment,bp,2023,Total spills to the environment,116,#,Spills which breach containment and reach the environment, to land or water.,,,,,,
Environment,bp,2024,Total spills to the environment,107,#,Spills which breach containment and reach the environment, to land or water.,,,,,,
Environment,bp,2019,Total freshwater withdrawal,142.9,million m³,Restated for 2019-2023 to exclude once through cooling water.,,,,,,,
Environment,bp,2020,Total freshwater withdrawal,126.5,million m³,Restated for 2019-2023 to exclude once through cooling water.,,,,,,,
Environment,bp,2021,Total freshwater withdrawal,97.9,million m³,Restated for 2019-2023 to exclude once through cooling water.,,,,,,,
Environment,bp,2022,Total freshwater withdrawal,92.4,million m³,Restated for 2019-2023 to exclude once through cooling water.,,,,,,,
Environment,bp,2023,Total freshwater withdrawal,84.1,million m³,Restated for 2019-2023 to exclude once through cooling water.,,,,,,,
Environment,bp,2024,Total freshwater withdrawal,81.8,million m³,Restated for 2019-2023 to exclude once through cooling water.,,,,,,,
Environment,bp,2021,Total freshwater withdrawal,4.1,million m³,,,,,,,,
Environment,bp,2022,Total freshwater withdrawal,6.1,million m³,,,,,,,,
Environment,bp,2023,Total freshwater withdrawal,5.8,million m³,,,,,,,,
Environment,bp,2024,Total freshwater withdrawal,4.8,million m³,,,,,,,,
Environment,bp,2021,Total freshwater withdrawal,90.4,million m³,,,,,,,,
Environment,bp,2022,Total freshwater withdrawal,82.6,million m³,,,,,,,,
Environment,bp,2023,Total freshwater withdrawal,75.1,million m³,,,,,,,,
Environment,bp,2024,Total freshwater withdrawal,73.9,million m³,,,,,,,,
Environment,bp,2021,Total freshwater withdrawal,3.7,million m³,,,,,,,,
Environment,bp,2022,Total freshwater withdrawal,3.5,million m³,,,,,,,,
Environment,bp,2023,Total freshwater withdrawal,3.1,million m³,,,,,,,,
Environment,bp,2019,Air emissions - sulphur oxides,23,kt,,,,,,,,
Environment,bp,2020,Air emissions - sulphur oxides,19,kt,,,,,,,,
Environment,bp,2021,Air emissions - sulphur oxides,10,kt,,,,,,,,
Environment,bp,2022,Air emissions - sulphur oxides,10,kt,,,,,,,,
Environment,bp,2023,Air emissions - sulphur oxides,10,kt,,,,,,,,
Environment,bp,2024,Air emissions - sulphur oxides,9,kt,,,,,,,,
Environment,bp,2019,Air emissions - non-methane hydrocarbons,67,kt,,,,,,,,
Environment,bp,2020,Air emissions - non-methane hydrocarbons,56,kt,,,,,,,,
Environment,bp,2021,Air emissions - non-methane hydrocarbons,42,kt,,,,,,,,
Environment,bp,2022,Air emissions - non-methane hydrocarbons,39,kt,,,,,,,,
Environment,bp,2023,Air emissions - non-methane hydrocarbons,38,kt,,,,,,,,
Environment,bp,2024,Air emissions - non-methane hydrocarbons,28,kt,,,,,,,,
Environment,bp,2019,Hazardous waste generated (excluding deepwell),133.7,kt,Hazardous waste does not include waste disposed of under licence to deepwell. 2022 figure updated to reflect a correction.,,,,,,,
Environment,bp,2020,Hazardous waste generated (excluding deepwell),156.5,kt,Hazardous waste does not include waste disposed of under licence to deepwell. 2022 figure updated to reflect a correction.,,,,,,,
Environment,bp,2021,Hazardous waste generated (excluding deepwell),153.6,kt,Hazardous waste does not include waste disposed of under licence to deepwell. 2022 figure updated to reflect a correction.,,,,,,,
Environment,bp,2022,Hazardous waste generated (excluding deepwell),177,kt,Hazardous waste does not include waste disposed of under licence to deepwell. 2022 figure updated to reflect a correction.,,,,,,,
Environment,bp,2023,Hazardous waste generated (excluding deepwell),193.1,kt,Hazardous waste does not include waste disposed of under licence to deepwell. 2022 figure updated to reflect a correction.,,,,,,,
Environment,bp,2019,Non-hazardous waste generated,491.1,kt,,,,,,,,
Environment,bp,2020,Non-hazardous waste generated,406.3,kt,,,,,,,,
Environment,bp,2021,Non-hazardous waste generated,370.1,kt,,,,,,,,
Environment,bp,2022,Non-hazardous waste generated,393.2,kt,,,,,,,,
Environment,bp,2023,Non-hazardous waste generated,276.5,kt,,,,,,,,
Environment,bp,2024,Non-hazardous waste generated,330.8,kt,,,,,,,,
Environment,bp,2019,Environmental expenditure,2319,$ million,Estimated operating and capital expenditure on prevention, control, treatment or elimination of air/water emissions and solid waste.,,,,,
Environment,bp,2020,Environmental expenditure,412,$ million,Estimated operating and capital expenditure on prevention, control, treatment or elimination of air/water emissions and solid waste.,,,,,
Environment,bp,2021,Environmental expenditure,2195,$ million,Estimated operating and capital expenditure on prevention, control, treatment or elimination of air/water emissions and solid waste.,,,,,
Environment,bp,2022,Environmental expenditure,2406,$ million,Estimated operating and capital expenditure on prevention, control, treatment or elimination of air/water emissions and solid waste.,,,,,
Environment,bp,2023,Environmental expenditure,2024,$ million,Estimated operating and capital expenditure on prevention, control, treatment or elimination of air/water emissions and solid waste.,,,,,
Social,bp,2019,Economic value generated by bp,283300,$ million,,,,,,,,
Social,bp,2020,Economic value generated by bp,188000,$ million,,,,,,,,
Social,bp,2021,Economic value generated by bp,167100,$ million,,,,,,,,
Social,bp,2022,Economic value generated by bp,246700,$ million,,,,,,,,
Social,bp,2023,Economic value generated by bp,215183,$ million,,,,,,,,
Social,bp,2024,Economic value generated by bp,196887,$ million,,,,,,,,
Social,bp,2019,Total payments to suppliers,233600,$ million,,,,,,,,
Social,bp,2020,Total payments to suppliers,165300,$ million,,,,,,,,
Social,bp,2021,Total payments to suppliers,122200,$ million,,,,,,,,
Social,bp,2022,Total payments to suppliers,174000,$ million,,,,,,,,
Social,bp,2023,Total payments to suppliers,151722,$ million,,,,,,,,
Social,bp,2024,Total payments to suppliers,146600,$ million,,,,,,,,
Social,bp,2019,Benefits to employees,9836,$ million,Total compensation and benefits for employees.,,,,,,,
Social,bp,2020,Benefits to employees,9909,$ million,Total compensation and benefits for employees.,,,,,,,
Social,bp,2021,Benefits to employees,8857,$ million,Total compensation and benefits for employees.,,,,,,,
Social,bp,2022,Benefits to employees,9587,$ million,Total compensation and benefits for employees.,,,,,,,
Social,bp,2023,Benefits to employees,10279,$ million,Total compensation and benefits for employees.,,,,,,,
Social,bp,2024,Benefits to employees,11240,$ million,Total compensation and benefits for employees.,,,,,,,
Social,bp,2019,Taxes to governments,6913,$ million,Taxes and royalties paid, excluding taxes levied on consumers such as sales or product taxes.,,,,,,
Social,bp,2020,Taxes to governments,3337,$ million,Taxes and royalties paid, excluding taxes levied on consumers such as sales or product taxes.,,,,,,
Social,bp,2021,Taxes to governments,5378,$ million,Taxes and royalties paid, excluding taxes levied on consumers such as sales or product taxes.,,,,,,
Social,bp,2022,Taxes to governments,12453,$ million,Taxes and royalties paid, excluding taxes levied on consumers such as sales or product taxes.,,,,,,
Social,bp,2023,Taxes to governments,11934,$ million,Taxes and royalties paid, excluding taxes levied on consumers such as sales or product taxes.,,,,,,
Social,bp,2024,Taxes to governments,10545,$ million,Taxes and royalties paid, excluding taxes levied on consumers such as sales or product taxes.,,,,,,
Social,bp,2019,Total social investment,82,$ million,,,,,,,,
Social,bp,2020,Total social investment,82,$ million,,,,,,,,
Social,bp,2021,Total social investment,79,$ million,,,,,,,,
Social,bp,2022,Total social investment,79,$ million,,,,,,,,
Social,bp,2023,Total social investment,79,$ million,,,,,,,,
Social,bp,2024,Total social investment,82,$ million,,,,,,,,
Social,bp,2019,Total employee numbers,72000,#,Includes full-time and part-time permanent employees as at 31 December.,,,,,,,
Social,bp,2020,Total employee numbers,67600,#,Includes full-time and part-time permanent employees as at 31 December.,,,,,,,
Social,bp,2021,Total employee numbers,65900,#,Includes full-time and part-time permanent employees as at 31 December.,,,,,,,
Social,bp,2022,Total employee numbers,67600,#,Includes full-time and part-time permanent employees as at 31 December.,,,,,,,
Social,bp,2023,Total employee numbers,71000,#,Includes full-time and part-time permanent employees as at 31 December.,,,,,,,
Social,bp,2024,Total employee numbers,73000,#,Includes full-time and part-time permanent employees as at 31 December.,,,,,,,
Social,bp,2019,Total employee numbers (%),36,%,,,,,,,,
Social,bp,2020,Total employee numbers (%),37,%,,,,,,,,
Social,bp,2021,Total employee numbers (%),37,%,,,,,,,,
Social,bp,2022,Total employee numbers (%),36,%,,,,,,,,
Social,bp,2023,Total employee numbers (%),36,%,,,,,,,,
Social,bp,2024,Total employee numbers (%),36,%,,,,,,,,
Social,bp,2019,Total employee numbers (%),25,%,Data only for US & Canada. Excludes employees in entities acquired since 2020.,,,,,,,
Social,bp,2020,Total employee numbers (%),24,%,Data only for US & Canada. Excludes employees in entities acquired since 2020.,,,,,,,
Social,bp,2021,Total employee numbers (%),24,%,Data only for US & Canada. Excludes employees in entities acquired since 2020.,,,,,,,
Social,bp,2022,Total employee numbers (%),23,%,Data only for US & Canada. Excludes employees in entities acquired since 2020.,,,,,,,
Social,bp,2023,Total employee numbers (%),23,%,Data only for US & Canada. Excludes employees in entities acquired since 2020.,,,,,,,
Social,bp,2024,Total employee numbers (%),23,%,Data only for US & Canada. Excludes employees in entities acquired since 2020.,,,,,,,
Social,bp,2024,Total training hours,2216778,hours,,,,,,,,
Governance,bp,2019,Concerns and enquiries raised,1849,#,Concerns raised through all reporting channels, including OpenTalk and with management.,,,,,,
Governance,bp,2020,Concerns and enquiries raised,1608,#,Concerns raised through all reporting channels, including OpenTalk and with management.,,,,,,
Governance,bp,2021,Concerns and enquiries raised,1414,#,Concerns raised through all reporting channels, including OpenTalk and with management.,,,,,,
Governance,bp,2022,Concerns and enquiries raised,1367,#,Concerns raised through all reporting channels, including OpenTalk and with management.,,,,,,
Governance,bp,2023,Concerns and enquiries raised,2275,#,Concerns raised through all reporting channels, including OpenTalk and with management.,,,,,,
Governance,bp,2024,Concerns and enquiries raised,2841,#,Concerns raised through all reporting channels, including OpenTalk and with management.,,,,,,
Governance,bp,2019,Concerns and enquiries raised,788,#,,,,,,,,
Governance,bp,2020,Concerns and enquiries raised,600,#,,,,,,,,
Governance,bp,2021,Concerns and enquiries raised,584,#,,,,,,,,
Governance,bp,2022,Concerns and enquiries raised,606,#,,,,,,,,
Governance,bp,2023,Concerns and enquiries raised,1299,#,,,,,,,,
Governance,bp,2024,Concerns and enquiries raised,1688,#,,,,,,,,
Governance,bp,2019,Concerns and enquiries raised,1061,#,Concerns raised directly with management.,,,,,,,
Governance,bp,2020,Concerns and enquiries raised,1008,#,Concerns raised directly with management.,,,,,,,
Governance,bp,2021,Concerns and enquiries raised,830,#,Concerns raised directly with management.,,,,,,,
Governance,bp,2022,Concerns and enquiries raised,761,#,Concerns raised directly with management.,,,,,,,
Governance,bp,2023,Concerns and enquiries raised,976,#,Concerns raised directly with management.,,,,,,,
Governance,bp,2024,Concerns and enquiries raised,1153,#,Concerns raised directly with management.,,,,,,,
Governance,bp,2019,Employee separations for non-compliance and unethical behaviours,138,#,Dismissals or resignations.,,,,,,,
Governance,bp,2020,Employee separations for non-compliance and unethical behaviours,79,#,Dismissals or resignations.,,,,,,,
Governance,bp,2021,Employee separations for non-compliance and unethical behaviours,35,#,Dismissals or resignations.,,,,,,,
Governance,bp,2022,Employee separations for non-compliance and unethical behaviours,51,#,Dismissals or resignations.,,,,,,,
Governance,bp,2023,Employee separations for non-compliance and unethical behaviours,66,#,Dismissals or resignations.,,,,,,,
Governance,bp,2024,Employee separations for non-compliance and unethical behaviours,251,#,Dismissals or resignations.,,,,,,,
Governance,bp,2019,Employees completing anti-bribery and corruption training,11000,#,,,,,,,,
Governance,bp,2020,Employees completing anti-bribery and corruption training,7700,#,,,,,,,,
Governance,bp,2021,Employees completing anti-bribery and corruption training,12700,#,,,,,,,,
Governance,bp,2022,Employees completing anti-bribery and corruption training,14400,#,,,,,,,,
Governance,bp,2023,Employees completing anti-bribery and corruption training,16900,#,,,,,,,,
Governance,bp,2024,Employees completing anti-bribery and corruption training,18300,#,,,,,,,,
Governance,bp,2019,Board composition (%),33,%,% female on the board.,,,,,,,
Governance,bp,2020,Board composition (%),33,%,% female on the board.,,,,,,,
Governance,bp,2021,Board composition (%),31,%,% female on the board.,,,,,,,
Governance,bp,2022,Board composition (%),31,%,% female on the board.,,,,,,,
Governance,bp,2023,Board composition (%),36,%,% female on the board.,,,,,,,
Governance,bp,2024,Board composition (%),33,%,% female on the board.,,,,,,,
Governance,bp,2019,Board composition (%),17,%,% minority ethnic on the board.,,,,,,,
Governance,bp,2020,Board composition (%),17,%,% minority ethnic on the board.,,,,,,,
Governance,bp,2021,Board composition (%),17,%,% minority ethnic on the board.,,,,,,,
Governance,bp,2022,Board composition (%),17,%,% minority ethnic on the board.,,,,,,,
Governance,bp,2023,Board composition (%),21,%,% minority ethnic on the board.,,,,,,,
Governance,bp,2024,Board composition (%),25,%,% minority ethnic on the board.,,,,,,,
Greenhouse Gas Emissions,Cardinal Health Inc.,2024,Scope 1 GHG emissions,160150,mtCO2e,Assured,,,,,,
Greenhouse Gas Emissions,Cardinal Health Inc.,2023,Scope 1 GHG emissions,163044,mtCO2e,Assured,,,,,,
Greenhouse Gas Emissions,Cardinal Health Inc.,2024,Scope 2 GHG emissions (market-based),205710,mtCO2e,Assured,,,,,,
Greenhouse Gas Emissions,Cardinal Health Inc.,2024,Scope 2 GHG emissions (location-based),204723,mtCO2e,Assured,,,,,,
Greenhouse Gas Emissions,Cardinal Health Inc.,2023,Scope 2 GHG emissions (market-based),222308,mtCO2e,Assured Restated,,,,,,
Greenhouse Gas Emissions,Cardinal Health Inc.,2023,Scope 2 GHG emissions (location-based),220684,mtCO2e,Assured Restated,,,,,,
Greenhouse Gas Emissions,Cardinal Health Inc.,2024,Scope 3 - Purchased goods and services,20772535,mtCO2e,Assured,,,,,,
Greenhouse Gas Emissions,Cardinal Health Inc.,2023,Scope 3 - Purchased goods and services,19644932,mtCO2e,Assured Restated,,,,,,
Greenhouse Gas Emissions,Cardinal Health Inc.,2024,Scope 3 - Capital goods,71990,mtCO2e,Assured,,,,,,
Greenhouse Gas Emissions,Cardinal Health Inc.,2023,Scope 3 - Capital goods,80675,mtCO2e,Assured Restated,,,,,,
Greenhouse Gas Emissions,Cardinal Health Inc.,2024,Scope 3 - Fuel- and energy-related activities,92120,mtCO2e,Assured,,,,,,
Greenhouse Gas Emissions,Cardinal Health Inc.,2023,Scope 3 - Fuel- and energy-related activities,94193,mtCO2e,Assured,,,,,,
Greenhouse Gas Emissions,Cardinal Health Inc.,2024,Scope 3 - Upstream transportation and distribution,1235380,mtCO2e,Assured,,,,,,
Greenhouse Gas Emissions,Cardinal Health Inc.,2023,Scope 3 - Upstream transportation and distribution,1308047,mtCO2e,Assured Restated,,,,,,
Greenhouse Gas Emissions,Cardinal Health Inc.,2024,Scope 3 - Waste generated in operations,20642,mtCO2e,Assured,,,,,,
Greenhouse Gas Emissions,Cardinal Health Inc.,2023,Scope 3 - Waste generated in operations,24387,mtCO2e,Assured Restated,,,,,,
Greenhouse Gas Emissions,Cardinal Health Inc.,2024,Scope 3 - Business travel,18690,mtCO2e,Assured,,,,,,
Greenhouse Gas Emissions,Cardinal Health Inc.,2023,Scope 3 - Business travel,16164,mtCO2e,Assured Restated,,,,,,
Greenhouse Gas Emissions,Cardinal Health Inc.,2024,Scope 3 - Employee commuting,50398,mtCO2e,Assured,,,,,,
Greenhouse Gas Emissions,Cardinal Health Inc.,2023,Scope 3 - Employee commuting,47260,mtCO2e,Assured Restated,,,,,,
Greenhouse Gas Emissions,Cardinal Health Inc.,2024,Scope 3 - Upstream leased assets,3216,mtCO2e,Assured,,,,,,
Greenhouse Gas Emissions,Cardinal Health Inc.,2023,Scope 3 - Upstream leased assets,1024,mtCO2e,Assured,,,,,,
Greenhouse Gas Emissions,Cardinal Health Inc.,2024,Scope 3 - Use of sold products,56661,mtCO2e,Assured,,,,,,
Greenhouse Gas Emissions,Cardinal Health Inc.,2023,Scope 3 - Use of sold products,41505,mtCO2e,Assured Restated,,,,,,
Greenhouse Gas Emissions,Cardinal Health Inc.,2024,Scope 3 - End-of-life treatment of sold products,80071,mtCO2e,Assured,,,,,,
Greenhouse Gas Emissions,Cardinal Health Inc.,2023,Scope 3 - End-of-life treatment of sold products,76155,mtCO2e,Assured Restated,,,,,,
Greenhouse Gas Emissions,Cardinal Health Inc.,2024,Scope 3 - Downstream leased assets,13418,mtCO2e,Assured,,,,,,
Greenhouse Gas Emissions,Cardinal Health Inc.,2023,Scope 3 - Downstream leased assets,6592,mtCO2e,Assured,,,,,,
Greenhouse Gas Emissions,Cardinal Health Inc.,2024,Scope 3 - Investments,22544,mtCO2e,Assured,,,,,,
Greenhouse Gas Emissions,Cardinal Health Inc.,2023,Scope 3 - Investments,22337,mtCO2e,Assured Restated,,,,,,
Greenhouse Gas Emissions,Cardinal Health Inc.,2024,Scope 3 Total Emissions,22437666,mtCO2e,Assured,,,,,,
Greenhouse Gas Emissions,Cardinal Health Inc.,2023,Scope 3 Total Emissions,21363272,mtCO2e,Assured Restated,,,,,,
Social,Cardinal Health Inc.,2024,Lost time incident rate (LTIR) - employees only,0.47,#,,,,,,,,
Social,Cardinal Health Inc.,2023,Lost time incident rate (LTIR) - employees only,0.59,#,,,,,,,,
Social,Cardinal Health Inc.,2024,Total recordable incident rate (TRIR) - employees only,1,#,,,,,,,,
Social,Cardinal Health Inc.,2023,Total recordable incident rate (TRIR) - employees only,1.51,#,,,,,,,,
Social,Cardinal Health Inc.,2024,Pay equity (Female vs Male),0.99,dollar per dollar,For every dollar male employees are paid female employees are paid 99 cents.,,,,,,,
Social,Cardinal Health Inc.,2024,Pay equity (Minority vs Non-minority),0.99,dollar per dollar,For every dollar non-minority employees are paid minority employees at Cardinal Health are paid 99 cents.,,,,,,,
Social,Cardinal Health Inc.,2023,Pay equity (Female vs Male),0.986,dollar per dollar,For every dollar male employees are paid female employees are paid 98.6 cents.,,,,,,,
Social,Cardinal Health Inc.,2023,Pay equity (Minority vs Non-minority),0.995,dollar per dollar,For every dollar non-minority employees are paid minority employees at Cardinal Health are paid 99.5 cents.,,,,,,,
Social,Cardinal Health Inc.,2024,Board of Directors Gender Diversity (Female),50,%,,,,,,,,
Social,Cardinal Health Inc.,2024,Board of Directors Gender Diversity (Male),50,%,,,,,,,,
Social,Cardinal Health Inc.,2023,Board of Directors Gender Diversity (Female),54.5,%,,,,,,,,
Social,Cardinal Health Inc.,2023,Board of Directors Gender Diversity (Male),45.4,%,,,,,,,,
Social,Cardinal Health Inc.,2024,Board of Directors Ethnic Diversity (Asian),10,%,,,,,,,,
Social,Cardinal Health Inc.,2024,Board of Directors Ethnic Diversity (Black or African American),10,%,,,,,,,,
Social,Cardinal Health Inc.,2024,Board of Directors Ethnic Diversity (White),80,%,,,,,,,,
Social,Cardinal Health Inc.,2023,Board of Directors Ethnic Diversity (Asian),18.2,%,,,,,,,,
Social,Cardinal Health Inc.,2023,Board of Directors Ethnic Diversity (Black or African American),9.1,%,,,,,,,,
Social,Cardinal Health Inc.,2023,Board of Directors Ethnic Diversity (White),72.7,%,,,,,,,,
Social,Cardinal Health Inc.,2024,Operating Committee Gender Diversity (Female),33.3,%,Assured,,,,,,,
Social,Cardinal Health Inc.,2024,Operating Committee Gender Diversity (Male),66.7,%,Assured,,,,,,,
Social,Cardinal Health Inc.,2023,Operating Committee Gender Diversity (Female),26.7,%,,,,,,,,
Social,Cardinal Health Inc.,2023,Operating Committee Gender Diversity (Male),73.3,%,,,,,,,,
Social,Cardinal Health Inc.,2024,Operating Committee Ethnic Diversity (Black or African American),36.7,%,Assured,,,,,,,
Social,Cardinal Health Inc.,2024,Operating Committee Ethnic Diversity (Hispanic or Latino),6.7,%,Assured,,,,,,,
Social,Cardinal Health Inc.,2024,Operating Committee Ethnic Diversity (White),86.7,%,Assured,,,,,,,
Social,Cardinal Health Inc.,2023,Operating Committee Ethnic Diversity (Asian),6.6,%,,,,,,,,
Social,Cardinal Health Inc.,2023,Operating Committee Ethnic Diversity (Black or African American),6.7,%,,,,,,,,
Social,Cardinal Health Inc.,2023,Operating Committee Ethnic Diversity (Hispanic or Latino),6.7,%,,,,,,,,
Social,Cardinal Health Inc.,2023,Operating Committee Ethnic Diversity (White),80,%,,,,,,,,
Social,Cardinal Health Inc.,2024,Global Employees Gender Diversity (Female),51.1,%,Assured,,,,,,,
Social,Cardinal Health Inc.,2024,Global Employees Gender Diversity (Male),48.4,%,Assured,,,,,,,
Social,Cardinal Health Inc.,2023,Global Employees Gender Diversity (Female),50.2,%,Assured,,,,,,,
Social,Cardinal Health Inc.,2023,Global Employees Gender Diversity (Male),49.3,%,Assured,,,,,,,
Social,Cardinal Health Inc.,2024,U.S Employees Ethnic Diversity (American Indian / Alaskan Native),0.6,%,Assured,,,,,,,
Social,Cardinal Health Inc.,2024,U.S Employees Ethnic Diversity (Asian),9.7,%,Assured,,,,,,,
Social,Cardinal Health Inc.,2024,U.S Employees Ethnic Diversity (Black or African American),18.2,%,Assured,,,,,,,
Social,Cardinal Health Inc.,2024,U.S Employees Ethnic Diversity (Hispanic or Latino),19.4,%,Assured,,,,,,,
Social,Cardinal Health Inc.,2024,U.S Employees Ethnic Diversity (Native Hawaiian or Other Pacific Islander),0.5,%,Assured,,,,,,,
Social,Cardinal Health Inc.,2024,U.S Employees Ethnic Diversity (Two or More Races),2.3,%,Assured,,,,,,,
Social,Cardinal Health Inc.,2024,U.S Employees Ethnic Diversity (White),48.3,%,Assured,,,,,,,
Social,Cardinal Health Inc.,2024,U.S Employees Ethnic Diversity (Not declared),1,%,Assured,,,,,,,
Social,Cardinal Health Inc.,2023,U.S Employees Ethnic Diversity (American Indian / Alaskan Native),0.5,%,Assured,,,,,,,
Social,Cardinal Health Inc.,2023,U.S Employees Ethnic Diversity (Asian),9.1,%,Assured,,,,,,,
Social,Cardinal Health Inc.,2023,U.S Employees Ethnic Diversity (Black or African American),18.4,%,Assured,,,,,,,
Social,Cardinal Health Inc.,2023,U.S Employees Ethnic Diversity (Hispanic or Latino),18.8,%,Assured,,,,,,,
Social,Cardinal Health Inc.,2023,U.S Employees Ethnic Diversity (Native Hawaiian or Other Pacific Islander),0.6,%,Assured,,,,,,,
Social,Cardinal Health Inc.,2023,U.S Employees Ethnic Diversity (Two or More Races),2.2,%,Assured,,,,,,,
Social,Cardinal Health Inc.,2023,U.S Employees Ethnic Diversity (White),49.9,%,Assured,,,,,,,
Social,Cardinal Health Inc.,2023,U.S Employees Ethnic Diversity (Not declared/Not specified),0.5,%,Assured,,,,,,,
Social,Cardinal Health Inc.,2024,Employee volunteer hours,54600,hours,More than 54600 hours,,,,,,,
Social,Cardinal Health Inc.,2023,Employee volunteer hours,54600,hours,More than 54600 hours,,,,,,,
Social,Cardinal Health Inc.,2024,Foundation and company donations,8.5,million $,,,,,,,,
Social,Cardinal Health Inc.,2023,Foundation and company donations,8.4,million $,,,,,,,,
Social,Cardinal Health Inc.,2024,Product donations,13,million $,13+ million,,,,,,,
Social,Cardinal Health Inc.,2023,Product donations,13.53,million $,,,,,,,,
Environment,Cardinal Health Inc.,2024,Sustainable Technologies - Devices collected,19.54,million devices,Diverting more than 19.54M pounds of waste from landfills,,,,,,,
Environment,Cardinal Health Inc.,2023,Sustainable Technologies - Devices collected,17.05,million devices,Diverting more than 5.24M pounds of waste from landfills,,,,,,,
Environment,Cardinal Health Inc.,2024,Water withdrawal,4.21,million cubic meters,,,,,,,,
Environment,Cardinal Health Inc.,2023,Water withdrawal,54.65,million cubic meters,,,,,,,,
Environment,Cardinal Health Inc.,2024,Total Waste generated,85885,metric tons,70084 million metric tons of waste were recycled.,,,,,,,
Environment,Cardinal Health Inc.,2023,Total Waste generated,92290,metric tons,61289 million metric tons of waste were recycled.,,,,,,,
People,Brookfield Corporate,2024,Full-Time Employees,2796,FTE,N/A,,,,,,,
People,Brookfield Corporate,2023,Full-Time Employees,2690,FTE,N/A,,,,,,,
People,Brookfield Corporate,2022,Full-Time Employees,2708,FTE,N/A,,,,,,,
People,Brookfield Corporate,2021,Full-Time Employees,2380,FTE,N/A,,,,,,,
People,Brookfield Corporate,2020,Full-Time Employees,1854,FTE,N/A,,,,,,,
People,Brookfield Corporate,2024,Female Full-Time Employees,46,%,N/A,,,,,,,
People,Brookfield Corporate,2023,Female Full-Time Employees,46,%,N/A,,,,,,,
People,Brookfield Corporate,2022,Female Full-Time Employees,45,%,N/A,,,,,,,
People,Brookfield Corporate,2021,Female Full-Time Employees,46,%,N/A,,,,,,,
People,Brookfield Corporate,2020,Female Full-Time Employees,45,%,N/A,,,,,,,
People,Brookfield Corporate,2024,Female SVPs and Above,29,%,N/A,,,,,,,
People,Brookfield Corporate,2023,Female SVPs and Above,29,%,N/A,,,,,,,
People,Brookfield Corporate,2022,Female SVPs and Above,28,%,N/A,,,,,,,
People,Brookfield Corporate,2021,Female SVPs and Above,27,%,N/A,,,,,,,
People,Brookfield Corporate,2020,Female SVPs and Above,22,%,N/A,,,,,,,
People,Brookfield Corporate,2024,Female Board Directors (Full),33,%,Footnote 1,,,,,,,
People,Brookfield Corporate,2023,Female Board Directors (Full),33,%,Footnote 1,,,,,,,
People,Brookfield Corporate,2022,Female Board Directors (Full),33,%,Footnote 1,,,,,,,
People,Brookfield Corporate,2021,Female Board Directors (Full),N/A,%,N/A,,,,,,,
People,Brookfield Corporate,2020,Female Board Directors (Full),N/A,%,N/A,,,,,,,
People,Brookfield Corporate,2024,Female Board Directors (Independent),57,%,Footnote 1,,,,,,,
People,Brookfield Corporate,2023,Female Board Directors (Independent),57,%,Footnote 1,,,,,,,
People,Brookfield Corporate,2022,Female Board Directors (Independent),57,%,Footnote 1,,,,,,,
People,Brookfield Corporate,2021,Female Board Directors (Independent),N/A,%,N/A,,,,,,,
People,Brookfield Corporate,2020,Female Board Directors (Independent),N/A,%,N/A,,,,,,,
People,Brookfield Corporate (Global Ethnic Diversity),2024,White,46,%,N/A,,,,,,,
People,Brookfield Corporate (Global Ethnic Diversity),2023,White,48,%,N/A,,,,,,,
People,Brookfield Corporate (Global Ethnic Diversity),2022,White,50,%,N/A,,,,,,,
People,Brookfield Corporate (Global Ethnic Diversity),2021,White,52,%,N/A,,,,,,,
People,Brookfield Corporate (Global Ethnic Diversity),2020,White,N/A,%,N/A,,,,,,,
People,Brookfield Corporate (Global Ethnic Diversity),2024,Asian,34,%,N/A,,,,,,,
People,Brookfield Corporate (Global Ethnic Diversity),2023,Asian,32,%,N/A,,,,,,,
People,Brookfield Corporate (Global Ethnic Diversity),2022,Asian,29,%,N/A,,,,,,,
People,Brookfield Corporate (Global Ethnic Diversity),2021,Asian,28,%,N/A,,,,,,,
People,Brookfield Corporate (Global Ethnic Diversity),2020,Asian,N/A,%,N/A,,,,,,,
People,Brookfield Corporate (Global Ethnic Diversity),2024,Black,5,%,N/A,,,,,,,
People,Brookfield Corporate (Global Ethnic Diversity),2023,Black,5,%,N/A,,,,,,,
People,Brookfield Corporate (Global Ethnic Diversity),2022,Black,5,%,N/A,,,,,,,
People,Brookfield Corporate (Global Ethnic Diversity),2021,Black,4,%,N/A,,,,,,,
People,Brookfield Corporate (Global Ethnic Diversity),2020,Black,N/A,%,N/A,,,,,,,
People,Brookfield Corporate (Global Ethnic Diversity),2024,Hispanic/Latinx,3,%,N/A,,,,,,,
People,Brookfield Corporate (Global Ethnic Diversity),2023,Hispanic/Latinx,3,%,N/A,,,,,,,
People,Brookfield Corporate (Global Ethnic Diversity),2022,Hispanic/Latinx,3,%,N/A,,,,,,,
People,Brookfield Corporate (Global Ethnic Diversity),2021,Hispanic/Latinx,3,%,N/A,,,,,,,
People,Brookfield Corporate (Global Ethnic Diversity),2020,Hispanic/Latinx,N/A,%,N/A,,,,,,,
People,Brookfield Corporate (Global Ethnic Diversity),2024,Two or More Races/Other,6,%,N/A,,,,,,,
People,Brookfield Corporate (Global Ethnic Diversity),2023,Two or More Races/Other,6,%,N/A,,,,,,,
People,Brookfield Corporate (Global Ethnic Diversity),2022,Two or More Races/Other,6,%,N/A,,,,,,,
People,Brookfield Corporate (Global Ethnic Diversity),2021,Two or More Races/Other,7,%,N/A,,,,,,,
People,Brookfield Corporate (Global Ethnic Diversity),2020,Two or More Races/Other,N/A,%,N/A,,,,,,,
People,Brookfield Corporate (Global Ethnic Diversity),2024,Did Not Respond or Declined to Self-Identify,6,%,N/A,,,,,,,
People,Brookfield Corporate (Global Ethnic Diversity),2023,Did Not Respond or Declined to Self-Identify,6,%,N/A,,,,,,,
People,Brookfield Corporate (Global Ethnic Diversity),2022,Did Not Respond or Declined to Self-Identify,7,%,N/A,,,,,,,
People,Brookfield Corporate (Global Ethnic Diversity),2021,Did Not Respond or Declined to Self-Identify,6,%,N/A,,,,,,,
People,Brookfield Corporate (Global Ethnic Diversity),2020,Did Not Respond or Declined to Self-Identify,N/A,%,N/A,,,,,,,
People,Brookfield Corporate (Diversity by Role),2024,Full-Time Employees,42,%,Footnote 2,,,,,,,
People,Brookfield Corporate (Diversity by Role),2023,Full-Time Employees,41,%,Footnote 2,,,,,,,
People,Brookfield Corporate (Diversity by Role),2022,Full-Time Employees,40,%,Footnote 2,,,,,,,
People,Brookfield Corporate (Diversity by Role),2021,Full-Time Employees,39,%,N/A,,,,,,,
People,Brookfield Corporate (Diversity by Role),2024,SVPs and Above,23,%,Footnote 2,,,,,,,
People,Brookfield Corporate (Diversity by Role),2023,SVPs and Above,23,%,Footnote 2,,,,,,,
People,Brookfield Corporate (Diversity by Role),2022,SVPs and Above,27,%,N/A,,,,,,,
People,Brookfield Corporate (Diversity by Role),2021,SVPs and Above,22,%,N/A,,,,,,,
People,Brookfield Corporate (Diversity by Role),2024,Investment Team,34,%,Footnote 2,,,,,,,
People,Brookfield Corporate (Diversity by Role),2023,Investment Team,33,%,Footnote 2,,,,,,,
People,Brookfield Corporate (Diversity by Role),2022,Investment Team,31,%,Footnote 2,,,,,,,
People,Brookfield Corporate (Diversity by Role),2021,Investment Team,29,%,N/A,,,,,,,
People,Brookfield Corporate (Diversity by Role),2024,Operations Team,45,%,Footnote 2,,,,,,,
People,Brookfield Corporate (Diversity by Role),2023,Operations Team,45,%,Footnote 2,,,,,,,
People,Brookfield Corporate (Diversity by Role),2022,Operations Team,43,%,N/A,,,,,,,
People,Brookfield Corporate (Diversity by Role),2021,Operations Team,44,%,N/A,,,,,,,
Environment,Brookfield Corporate,2024,Organization Offices Reported,55,#,,,,,,,,
Environment,Brookfield Corporate,2023,Organization Offices Reported,56,#,,,,,,,,
Environment,Brookfield Corporate,2022,Organization Offices Reported,50,#,,,,,,,,
Environment,Brookfield Corporate,2021,Organization Offices Reported,51,#,,,,,,,,
Environment,Brookfield Corporate,2020,Organization Offices Reported,54,#,,,,,,,,
Environment,Brookfield Corporate,2024,Greenhouse Gas Emissions Scope 1 Direct,322,mtCO2e,,,,,,,,
Environment,Brookfield Corporate,2023,Greenhouse Gas Emissions Scope 1 Direct,363,mtCO2e,,,,,,,,
Environment,Brookfield Corporate,2022,Greenhouse Gas Emissions Scope 1 Direct,454,mtCO2e,,,,,,,,
Environment,Brookfield Corporate,2021,Greenhouse Gas Emissions Scope 1 Direct,365,mtCO2e,,,,,,,,
Environment,Brookfield Corporate,2020,Greenhouse Gas Emissions Scope 1 Direct,377,mtCO2e,,,,,,,,
Environment,Brookfield Corporate,2024,Scope 2 Indirect Location-based,2445,mtCO2e,,,,,,,,
Environment,Brookfield Corporate,2023,Scope 2 Indirect Location-based,2334,mtCO2e,,,,,,,,
Environment,Brookfield Corporate,2022,Scope 2 Indirect Location-based,2184,mtCO2e,,,,,,,,
Environment,Brookfield Corporate,2021,Scope 2 Indirect Location-based,2109,mtCO2e,,,,,,,,
Environment,Brookfield Corporate,2020,Scope 2 Indirect Location-based,1779,mtCO2e,,,,,,,,
Environment,Brookfield Corporate,2024,Scope 2 Indirect Market-based,1793,mtCO2e,,,,,,,,
Environment,Brookfield Corporate,2023,Scope 2 Indirect Market-based,2048,mtCO2e,,,,,,,,
Environment,Brookfield Corporate,2022,Scope 2 Indirect Market-based,1978,mtCO2e,,,,,,,,
Environment,Brookfield Corporate,2021,Scope 2 Indirect Market-based,1987,mtCO2e,,,,,,,,
Environment,Brookfield Corporate,2020,Scope 2 Indirect Market-based,1740,mtCO2e,,,,,,,,
Environment,Brookfield Corporate,2024,Scope 3 Category 5: Waste Generated in Operations,150,mtCO2e,,,,,,,,
Environment,Brookfield Corporate,2023,Scope 3 Category 5: Waste Generated in Operations,63,mtCO2e,,,,,,,,
Environment,Brookfield Corporate,2022,Scope 3 Category 5: Waste Generated in Operations,N/A,mtCO2e,,,,,,,,
Environment,Brookfield Corporate,2021,Scope 3 Category 5: Waste Generated in Operations,N/A,mtCO2e,,,,,,,,
Environment,Brookfield Corporate,2020,Scope 3 Category 5: Waste Generated in Operations,N/A,mtCO2e,,,,,,,,
Environment,Brookfield Corporate,2024,Scope 3 Category 6: Business Air Travel,11182,mtCO2e,,,,,,,,
Environment,Brookfield Corporate,2023,Scope 3 Category 6: Business Air Travel,14188,mtCO2e,,,,,,,,
Environment,Brookfield Corporate,2022,Scope 3 Category 6: Business Air Travel,10945,mtCO2e,,,,,,,,
Environment,Brookfield Corporate,2021,Scope 3 Category 6: Business Air Travel,2646,mtCO2e,,,,,,,,
Environment,Brookfield Corporate,2020,Scope 3 Category 6: Business Air Travel,1165,mtCO2e,,,,,,,,
Environment,Brookfield Corporate,2024,Total Location-Based Emissions,14099,mtCO2e,,,,,,,,
Environment,Brookfield Corporate,2023,Total Location-Based Emissions,16948,mtCO2e,,,,,,,,
Environment,Brookfield Corporate,2022,Total Location-Based Emissions,13583,mtCO2e,,,,,,,,
Environment,Brookfield Corporate,2021,Total Location-Based Emissions,5120,mtCO2e,,,,,,,,
Environment,Brookfield Corporate,2020,Total Location-Based Emissions,3321,mtCO2e,,,,,,,,
Environment,Brookfield Corporate,2024,Total Market-Based Emissions,13447,mtCO2e,,,,,,,,
Environment,Brookfield Corporate,2023,Total Market-Based Emissions,16662,mtCO2e,,,,,,,,
Environment,Brookfield Corporate,2022,Total Market-Based Emissions,13377,mtCO2e,,,,,,,,
Environment,Brookfield Corporate,2021,Total Market-Based Emissions,4998,mtCO2e,,,,,,,,
Environment,Brookfield Corporate,2020,Total Market-Based Emissions,3282,mtCO2e,,,,,,,,
Environment,Controlled Portfolio Companies,2024,GHG Emissions Scope 1 & 2,8660,'000s mtCO2e,,,,,,,,
Environment,Controlled Portfolio Companies,2023,GHG Emissions Scope 1 & 2,8935,'000s mtCO2e,,,,,,,,
Environment,Controlled Portfolio Companies,2022,GHG Emissions Scope 1 & 2,N/A,'000s mtCO2e,,,,,,,,
Environment,Controlled Portfolio Companies,2021,GHG Emissions Scope 1 & 2,N/A,'000s mtCO2e,,,,,,,,
Environment,Controlled Portfolio Companies,2020,GHG Emissions Scope 1 & 2,9207,'000s mtCO2e,,,,,,,,
Environment,Controlled Portfolio Companies,2024,Emissions Coverage of Operationally Managed Investments,93,%,,,,,,,,
Environment,Controlled Portfolio Companies,2023,Emissions Coverage of Operationally Managed Investments,94,%,,,,,,,,
Environment,Controlled Portfolio Companies,2022,Emissions Coverage of Operationally Managed Investments,N/A,%,,,,,,,,
Environment,Controlled Portfolio Companies,2021,Emissions Coverage of Operationally Managed Investments,N/A,%,,,,,,,,
Environment,Controlled Portfolio Companies,2020,Emissions Coverage of Operationally Managed Investments,N/A,%,,,,,,,,
Environment,Controlled Portfolio Companies,2024,Emissions Coverage of Invested AUM,80,%,,,,,,,,
Environment,Controlled Portfolio Companies,2023,Emissions Coverage of Invested AUM,76,%,,,,,,,,
Environment,Controlled Portfolio Companies,2022,Emissions Coverage of Invested AUM,N/A,%,,,,,,,,
Environment,Controlled Portfolio Companies,2021,Emissions Coverage of Invested AUM,N/A,%,,,,,,,,
Environment,Controlled Portfolio Companies,2020,Emissions Coverage of Invested AUM,N/A,%,,,,,,,,
Environment,Non-Controlled Portfolio Companies,2024,Financed Emissions,35290,'000s mtCO2e,,,,,,,,
Environment,Non-Controlled Portfolio Companies,2023,Financed Emissions,13846,'000s mtCO2e,,,,,,,,
Environment,Non-Controlled Portfolio Companies,2022,Financed Emissions,N/A,'000s mtCO2e,,,,,,,,
Environment,Non-Controlled Portfolio Companies,2021,Financed Emissions,N/A,'000s mtCO2e,,,,,,,,
Environment,Non-Controlled Portfolio Companies,2020,Financed Emissions,N/A,'000s mtCO2e,,,,,,,,
Environment,Brookfield Corporate,2024,Water Consumption,51870,m3,,,,,,,,
Environment,Brookfield Corporate,2023,Water Consumption,40588,m3,,,,,,,,
Environment,Brookfield Corporate,2022,Water Consumption,45648,m3,,,,,,,,
Environment,Brookfield Corporate,2021,Water Consumption,30435,m3,,,,,,,,
Environment,Brookfield Corporate,2020,Water Consumption,26561,m3,,,,,,,,
Environment,Brookfield Corporate,2024,Business Waste,543,mt,,,,,,,,
Environment,Brookfield Corporate,2023,Business Waste,296,mt,,,,,,,,
Environment,Brookfield Corporate,2022,Business Waste,238,mt,,,,,,,,
Environment,Brookfield Corporate,2021,Business Waste,151,mt,,,,,,,,
Environment,Brookfield Corporate,2020,Business Waste,125,mt,,,,,,,,
Environment,Brookfield Corporate,2024,Recycled Material,50,%,,,,,,,,
Environment,Brookfield Corporate,2023,Recycled Material,63,%,,,,,,,,
Environment,Brookfield Corporate,2022,Recycled Material,49,%,,,,,,,,
Environment,Brookfield Corporate,2021,Recycled Material,50,%,,,,,,,,
Environment,Brookfield Corporate,2020,Recycled Material,50,%,,,,,,,,
Environment,Brookfield Corporate,2024,Recycled E-waste,100,%,,,,,,,,
Environment,Brookfield Corporate,2023,Recycled E-waste,97,%,,,,,,,,
Environment,Brookfield Corporate,2022,Recycled E-waste,100,%,,,,,,,,
Environment,Brookfield Corporate,2021,Recycled E-waste,100,%,,,,,,,,
Environment,Brookfield Corporate,2020,Recycled E-waste,N/A,%,,,,,,,,
Environment,Brookfield Corporate,2020,Recycled E-waste,N/A,%,,,,,,,,
metric_category,name,year,metric_name,value,units,additional_notes,,,,,,,
S,Caterpillar,2018,Total number of employees,97300,Number,2030 Goals Baseline.,,,,,,,
S,Caterpillar,2020,Total number of employees,107700,Number,,,,,,,,
S,Caterpillar,2021,Total number of employees,109100,Number,,,,,,,,
S,Caterpillar,2022,Total number of employees,113200,Number,,,,,,,,
S,Caterpillar,2023,Total number of employees,112900,Number,,,,,,,,
S,Caterpillar,2024,Total number of employees,112900,Number,,,,,,,,
S,Caterpillar,2018,Number of employees outside of the United States,57000,Number,2030 Goals Baseline.,,,,,,,
S,Caterpillar,2020,Number of employees outside of the United States,63400,Number,,,,,,,,
S,Caterpillar,2021,Number of employees outside of the United States,60900,Number,,,,,,,,
S,Caterpillar,2022,Number of employees outside of the United States,62400,Number,,,,,,,,
S,Caterpillar,2023,Number of employees outside of the United States,61400,Number,,,,,,,,
S,Caterpillar,2024,Number of employees outside of the United States,61400,Number,,,,,,,,
S,Caterpillar,2018,Women in enterprise,20%,percent,2030 Goals Baseline.,,,,,,,
S,Caterpillar,2020,Women in enterprise,23%,percent,,,,,,,,
S,Caterpillar,2021,Women in enterprise,23%,percent,,,,,,,,
S,Caterpillar,2022,Women in enterprise,23%,percent,,,,,,,,
S,Caterpillar,2023,Women in enterprise,24%,percent,,,,,,,,
S,Caterpillar,2024,Women in enterprise,24%,percent,,,,,,,,
S,Caterpillar,2018,Women in leadership,20%,percent,2030 Goals Baseline.,,,,,,,
S,Caterpillar,2020,Women in leadership,21%,percent,,,,,,,,
S,Caterpillar,2021,Women in leadership,22%,percent,,,,,,,,
S,Caterpillar,2022,Women in leadership,23%,percent,,,,,,,,
S,Caterpillar,2023,Women in leadership,23%,percent,,,,,,,,
S,Caterpillar,2024,Women in leadership,23%,percent,,,,,,,,
S,Caterpillar,2018,Collective bargaining (% of employees covered),40%,percent,"We respect the right of our employees to form, join or not to join any lawful organization of their choice.",,,,,,,
S,Caterpillar,2020,Collective bargaining (% of employees covered),40%,percent,,,,,,,,
S,Caterpillar,2021,Collective bargaining (% of employees covered),41%,percent,,,,,,,,
S,Caterpillar,2022,Collective bargaining (% of employees covered),38%,percent,,,,,,,,
S,Caterpillar,2023,Collective bargaining (% of employees covered),39%,percent,,,,,,,,
S,Caterpillar,2024,Collective bargaining (% of employees covered),39%,percent,,,,,,,,
S,Caterpillar,2018,Lost-time case frequency rate (LTCFR),0.2,"worker-related injuries resulting in lost time per 200,000 hours worked",We strive to continually reduce our RIF and LTCFR results by utilizing an enterprise safety strategy.,,,,,,,
S,Caterpillar,2020,Lost-time case frequency rate (LTCFR),0.18,"worker-related injuries resulting in lost time per 200,000 hours worked",,,,,,,,
S,Caterpillar,2021,Lost-time case frequency rate (LTCFR),0.18,"worker-related injuries resulting in lost time per 200,000 hours worked",,,,,,,,
S,Caterpillar,2022,Lost-time case frequency rate (LTCFR),0.14,"worker-related injuries resulting in lost time per 200,000 hours worked",,,,,,,,
S,Caterpillar,2023,Lost-time case frequency rate (LTCFR),0.17,"worker-related injuries resulting in lost time per 200,000 hours worked",,,,,,,,
S,Caterpillar,2024,Lost-time case frequency rate (LTCFR),0.17,"worker-related injuries resulting in lost time per 200,000 hours worked",,,,,,,,
S,Caterpillar,2018,Recordable injury frequency (RIF),0.53,"recordable injuries per 200,000 hours worked",We strive to continually reduce our RIF and LTCFR results by utilizing an enterprise safety strategy.,,,,,,,
S,Caterpillar,2020,Recordable injury frequency (RIF),0.42,"recordable injuries per 200,000 hours worked",,,,,,,,
S,Caterpillar,2021,Recordable injury frequency (RIF),0.41,"recordable injuries per 200,000 hours worked",,,,,,,,
S,Caterpillar,2022,Recordable injury frequency (RIF),0.44,"recordable injuries per 200,000 hours worked",,,,,,,,
S,Caterpillar,2023,Recordable injury frequency (RIF),0.4,"recordable injuries per 200,000 hours worked",,,,,,,,
S,Caterpillar,2024,Recordable injury frequency (RIF),0.43,"recordable injuries per 200,000 hours worked",,,,,,,,
S,Caterpillar,2018,Employee fatalities,0,Number,We will continue to work to ensure our workforce goes home safely every day.,,,,,,,
S,Caterpillar,2020,Employee fatalities,0,Number,,,,,,,,
S,Caterpillar,2021,Employee fatalities,1,Number,,,,,,,,
S,Caterpillar,2022,Employee fatalities,0,Number,,,,,,,,
S,Caterpillar,2023,Employee fatalities,1,Number,,,,,,,,
S,Caterpillar,2024,Employee fatalities,1,Number,,,,,,,,
S,Caterpillar,2018,Contractor fatalities,2,Number,We will continue to work to ensure our workforce goes home safely every day.,,,,,,,
S,Caterpillar,2020,Contractor fatalities,1,Number,,,,,,,,
S,Caterpillar,2021,Contractor fatalities,0,Number,,,,,,,,
S,Caterpillar,2022,Contractor fatalities,0,Number,,,,,,,,
S,Caterpillar,2023,Contractor fatalities,1,Number,,,,,,,,
S,Caterpillar,2024,Contractor fatalities,1,Number,,,,,,,,
E,Caterpillar,2018,Total energy use,19.4,million gigajoules,"2030 Goals Baseline. As of 2024, we reduced our total energy use by 24% from our 2018 baseline.",,,,,,,
E,Caterpillar,2020,Total energy use,20.4,million gigajoules,,,,,,,,
E,Caterpillar,2021,Total energy use,20.7,million gigajoules,,,,,,,,
E,Caterpillar,2022,Total energy use,19.5,million gigajoules,,,,,,,,
E,Caterpillar,2023,Total energy use,19.1,million gigajoules,,,,,,,,
E,Caterpillar,2024,Total energy use,19.1,million gigajoules,,,,,,,,
E,Caterpillar,2018,Total electricity,2.11,million MWh,,,,,,,,
E,Caterpillar,2020,Total electricity,2.26,million MWh,,,,,,,,
E,Caterpillar,2021,Total electricity,2.3,million MWh,,,,,,,,
E,Caterpillar,2022,Total electricity,2.21,million MWh,,,,,,,,
E,Caterpillar,2023,Total electricity,2.15,million MWh,,,,,,,,
E,Caterpillar,2024,Total electricity,2.15,million MWh,,,,,,,,
E,Caterpillar,2018,Grid electricity (% of total electricity),87.40%,percent,"In 2024, more than 31% of our electrical energy was obtained from renewable sources.",,,,,,,
E,Caterpillar,2020,Grid electricity (% of total electricity),86.70%,percent,,,,,,,,
E,Caterpillar,2021,Grid electricity (% of total electricity),87.60%,percent,,,,,,,,
E,Caterpillar,2022,Grid electricity (% of total electricity),88.90%,percent,,,,,,,,
E,Caterpillar,2023,Grid electricity (% of total electricity),89.50%,percent,,,,,,,,
E,Caterpillar,2024,Grid electricity (% of total electricity),89.50%,percent,,,,,,,,
E,Caterpillar,2018,Renewable energy (as a % of total electricity),19.70%,percent,"In 2024, more than 31% of our electrical energy was obtained from renewable sources.",,,,,,,
E,Caterpillar,2020,Renewable energy (as a % of total electricity),24.00%,percent,,,,,,,,
E,Caterpillar,2021,Renewable energy (as a % of total electricity),28.20%,percent,,,,,,,,
E,Caterpillar,2022,Renewable energy (as a % of total electricity),27.70%,percent,,,,,,,,
E,Caterpillar,2023,Renewable energy (as a % of total electricity),31.50%,percent,,,,,,,,
E,Caterpillar,2024,Renewable energy (as a % of total electricity),31.50%,percent,,,,,,,,
E,Caterpillar,2018,Energy intensity,465,absolute million gigajoules energy use/million dollars of sales and revenues,"From 2018 through 2024, we reduced GHG emissions by improving energy efficiency.",,,,,,,
E,Caterpillar,2020,Energy intensity,400,absolute million gigajoules energy use/million dollars of sales and revenues,,,,,,,,
E,Caterpillar,2021,Energy intensity,348,absolute million gigajoules energy use/million dollars of sales and revenues,,,,,,,,
E,Caterpillar,2022,Energy intensity,291,absolute million gigajoules energy use/million dollars of sales and revenues,,,,,,,,
E,Caterpillar,2023,Energy intensity,295,absolute million gigajoules energy use/million dollars of sales and revenues,,,,,,,,
E,Caterpillar,2024,Energy intensity,295,absolute million gigajoules energy use/million dollars of sales and revenues,,,,,,,,
E,Caterpillar,2018,Scope 1 & 2 Absolute greenhouse gas (GHG) emissions,2.08,million metric tons CO2e,"2030 Goals Baseline. As of 2024, we reduced our Scope 1 (direct) emissions by 28% and Scope 2 (market-based) emissions by 39% from our 2018 baseline.",,,,,,,
E,Caterpillar,2020,Scope 1 & 2 Absolute greenhouse gas (GHG) emissions,1.49,million metric tons CO2e,,,,,,,,
E,Caterpillar,2021,Scope 1 & 2 Absolute greenhouse gas (GHG) emissions,1.52,million metric tons CO2e,,,,,,,,
E,Caterpillar,2022,Scope 1 & 2 Absolute greenhouse gas (GHG) emissions,1.49,million metric tons CO2e,,,,,,,,
E,Caterpillar,2023,Scope 1 & 2 Absolute greenhouse gas (GHG) emissions,1.44,million metric tons CO2e,,,,,,,,
E,Caterpillar,2024,Scope 1 & 2 Absolute greenhouse gas (GHG) emissions,1.37,million metric tons CO2e,,,,,,,,
E,Caterpillar,2018,Scope 1 Direct emissions,0.7,million metric tons CO2e,,,,,,,,
E,Caterpillar,2020,Scope 1 Direct emissions,0.74,million metric tons CO2e,,,,,,,,
E,Caterpillar,2021,Scope 1 Direct emissions,0.74,million metric tons CO2e,,,,,,,,
E,Caterpillar,2022,Scope 1 Direct emissions,0.69,million metric tons CO2e,,,,,,,,
E,Caterpillar,2023,Scope 1 Direct emissions,0.68,million metric tons CO2e,,,,,,,,
E,Caterpillar,2024,Scope 1 Direct emissions,0.68,million metric tons CO2e,,,,,,,,
E,Caterpillar,2018,Scope 2 Market-based indirect emissions,0.79,million metric tons CO2e,,,,,,,,
E,Caterpillar,2020,Scope 2 Market-based indirect emissions,0.78,million metric tons CO2e,,,,,,,,
E,Caterpillar,2021,Scope 2 Market-based indirect emissions,0.75,million metric tons CO2e,,,,,,,,
E,Caterpillar,2022,Scope 2 Market-based indirect emissions,0.75,million metric tons CO2e,,,,,,,,
E,Caterpillar,2023,Scope 2 Market-based indirect emissions,0.69,million metric tons CO2e,,,,,,,,
E,Caterpillar,2024,Scope 2 Market-based indirect emissions,0.69,million metric tons CO2e,,,,,,,,
E,Caterpillar,2018,Scope 2 Location-based,0.85,million metric tons CO2e,,,,,,,,
E,Caterpillar,2020,Scope 2 Location-based,0.86,million metric tons CO2e,,,,,,,,
E,Caterpillar,2021,Scope 2 Location-based,0.8,million metric tons CO2e,,,,,,,,
E,Caterpillar,2022,Scope 2 Location-based,0.81,million metric tons CO2e,,,,,,,,
E,Caterpillar,2023,Scope 2 Location-based,0.77,million metric tons CO2e,,,,,,,,
E,Caterpillar,2024,Scope 2 Location-based,0.77,million metric tons CO2e,,,,,,,,
E,Caterpillar,2018,Scope 1 & 2 GHG intensity,35.7,absolute metric tons of CO2e/million dollars of sales and revenues,"As of 2024, we reduced our GHG emissions intensity by 44% from our 2018 baseline.",,,,,,,
E,Caterpillar,2020,Scope 1 & 2 GHG intensity,29.8,absolute metric tons of CO2e/million dollars of sales and revenues,,,,,,,,
E,Caterpillar,2021,Scope 1 & 2 GHG intensity,25.1,absolute metric tons of CO2e/million dollars of sales and revenues,,,,,,,,
E,Caterpillar,2022,Scope 1 & 2 GHG intensity,21.5,absolute metric tons of CO2e/million dollars of sales and revenues,,,,,,,,
E,Caterpillar,2023,Scope 1 & 2 GHG intensity,21.1,absolute metric tons of CO2e/million dollars of sales and revenues,,,,,,,,
E,Caterpillar,2024,Scope 1 & 2 GHG intensity,21.1,absolute metric tons of CO2e/million dollars of sales and revenues,,,,,,,,
E,Caterpillar,2018,Water management strategies (% of in-scope facilities that meet all nine management elements),N/A,percent,Data collection began in 2021. Progressing toward 2030 goal of 100%.,,,,,,,
E,Caterpillar,2020,Water management strategies (% of in-scope facilities that meet all nine management elements),N/A,percent,,,,,,,,
E,Caterpillar,2021,Water management strategies (% of in-scope facilities that meet all nine management elements),11%,percent,,,,,,,,
E,Caterpillar,2022,Water management strategies (% of in-scope facilities that meet all nine management elements),14%,percent,,,,,,,,
E,Caterpillar,2023,Water management strategies (% of in-scope facilities that meet all nine management elements),57%,percent,,,,,,,,
E,Caterpillar,2024,Water management strategies (% of in-scope facilities that meet all nine management elements),61%,percent,,,,,,,,
E,Caterpillar,2018,Water management strategies (% of management elements completed by in-scope facilities),N/A,percent,Data collection began in 2021. Progressing toward 2030 goal of 100%.,,,,,,,
E,Caterpillar,2020,Water management strategies (% of management elements completed by in-scope facilities),27%,percent,,,,,,,,
E,Caterpillar,2021,Water management strategies (% of management elements completed by in-scope facilities),41%,percent,,,,,,,,
E,Caterpillar,2022,Water management strategies (% of management elements completed by in-scope facilities),76%,percent,,,,,,,,
E,Caterpillar,2023,Water management strategies (% of management elements completed by in-scope facilities),76%,percent,,,,,,,,
E,Caterpillar,2024,Water management strategies (% of management elements completed by in-scope facilities),76%,percent,,,,,,,,
E,Caterpillar,2018,Total water,3.41,billion imperial gallons,"In 2024, we reduced total water consumption by 8% from 2023.",,,,,,,
E,Caterpillar,2020,Total water,3.74,billion imperial gallons,,,,,,,,
E,Caterpillar,2021,Total water,4.14,billion imperial gallons,,,,,,,,
E,Caterpillar,2022,Total water,4.57,billion imperial gallons,,,,,,,,
E,Caterpillar,2023,Total water,4.2,billion imperial gallons,,,,,,,,
E,Caterpillar,2024,Total water,4.2,billion imperial gallons,,,,,,,,
E,Caterpillar,2018,Total water consumption by source - Cooling water from foundry operations,34.80%,percent,Source data for total water consumption.,,,,,,,
E,Caterpillar,2020,Total water consumption by source - Cooling water from foundry operations,37.00%,percent,,,,,,,,
E,Caterpillar,2021,Total water consumption by source - Cooling water from foundry operations,40.90%,percent,,,,,,,,
E,Caterpillar,2022,Total water consumption by source - Cooling water from foundry operations,53.50%,percent,,,,,,,,
E,Caterpillar,2023,Total water consumption by source - Cooling water from foundry operations,53.20%,percent,,,,,,,,
E,Caterpillar,2024,Total water consumption by source - Cooling water from foundry operations,53.20%,percent,,,,,,,,
E,Caterpillar,2018,Total water consumption by source - Municipal water,30.00%,percent,Source data for total water consumption.,,,,,,,
E,Caterpillar,2020,Total water consumption by source - Municipal water,29.00%,percent,,,,,,,,
E,Caterpillar,2021,Total water consumption by source - Municipal water,25.70%,percent,,,,,,,,
E,Caterpillar,2022,Total water consumption by source - Municipal water,24.10%,percent,,,,,,,,
E,Caterpillar,2023,Total water consumption by source - Municipal water,25.10%,percent,,,,,,,,
E,Caterpillar,2024,Total water consumption by source - Municipal water,25.10%,percent,,,,,,,,
E,Caterpillar,2018,Total water consumption by source - Surface water,20.20%,percent,Source data for total water consumption.,,,,,,,
E,Caterpillar,2020,Total water consumption by source - Surface water,19.20%,percent,,,,,,,,
E,Caterpillar,2021,Total water consumption by source - Surface water,20.30%,percent,,,,,,,,
E,Caterpillar,2022,Total water consumption by source - Surface water,10.70%,percent,,,,,,,,
E,Caterpillar,2023,Total water consumption by source - Surface water,9.70%,percent,,,,,,,,
E,Caterpillar,2024,Total water consumption by source - Surface water,9.70%,percent,,,,,,,,
E,Caterpillar,2018,Total water consumption by source - Other water,0.90%,percent,Source data for total water consumption.,,,,,,,
E,Caterpillar,2020,Total water consumption by source - Other water,1.10%,percent,,,,,,,,
E,Caterpillar,2021,Total water consumption by source - Other water,1.30%,percent,,,,,,,,
E,Caterpillar,2022,Total water consumption by source - Other water,1.30%,percent,,,,,,,,
E,Caterpillar,2023,Total water consumption by source - Other water,1.60%,percent,,,,,,,,
E,Caterpillar,2024,Total water consumption by source - Other water,1.60%,percent,,,,,,,,
E,Caterpillar,2018,Total water consumption by source - Groundwater,14.00%,percent,Source data for total water consumption.,,,,,,,
E,Caterpillar,2020,Total water consumption by source - Groundwater,13.80%,percent,,,,,,,,
E,Caterpillar,2021,Total water consumption by source - Groundwater,11.80%,percent,,,,,,,,
E,Caterpillar,2022,Total water consumption by source - Groundwater,10.40%,percent,,,,,,,,
E,Caterpillar,2023,Total water consumption by source - Groundwater,10.40%,percent,,,,,,,,
E,Caterpillar,2024,Total water consumption by source - Groundwater,10.40%,percent,,,,,,,,
E,Caterpillar,2018,Water consumption intensity,81.7,absolute thousand gallons of water/million dollars of sales and revenues,,,,,,,,
E,Caterpillar,2020,Water consumption intensity,73.4,absolute thousand gallons of water/million dollars of sales and revenues,,,,,,,,
E,Caterpillar,2021,Water consumption intensity,69.7,absolute thousand gallons of water/million dollars of sales and revenues,,,,,,,,
E,Caterpillar,2022,Water consumption intensity,68.1,absolute thousand gallons of water/million dollars of sales and revenues,,,,,,,,
E,Caterpillar,2023,Water consumption intensity,64.8,absolute thousand gallons of water/million dollars of sales and revenues,,,,,,,,
E,Caterpillar,2024,Water consumption intensity,64.8,absolute thousand gallons of water/million dollars of sales and revenues,,,,,,,,
E,Caterpillar,2018,Total waste,556000,metric tons,"2030 Goals Baseline. As of 2024, we reduced our landfill intensity by 44% from our 2018 baseline.",,,,,,,
E,Caterpillar,2020,Total waste,567000,metric tons,,,,,,,,
E,Caterpillar,2021,Total waste,575000,metric tons,,,,,,,,
E,Caterpillar,2022,Total waste,620000,metric tons,,,,,,,,
E,Caterpillar,2023,Total waste,594000,metric tons,,,,,,,,
E,Caterpillar,2024,Total waste,594000,metric tons,,,,,,,,
E,Caterpillar,2018,Waste intensity,13.3,absolute metric tons of waste/million dollars of sales and revenues,"2030 Goals Baseline. As of 2024, we reduced our landfill intensity by 44% from our 2018 baseline.",,,,,,,
E,Caterpillar,2020,Waste intensity,11.1,absolute metric tons of waste/million dollars of sales and revenues,,,,,,,,
E,Caterpillar,2021,Waste intensity,9.7,absolute metric tons of waste/million dollars of sales and revenues,,,,,,,,
E,Caterpillar,2022,Waste intensity,9.2,absolute metric tons of waste/million dollars of sales and revenues,,,,,,,,
E,Caterpillar,2023,Waste intensity,9.2,absolute metric tons of waste/million dollars of sales and revenues,,,,,,,,
E,Caterpillar,2024,Waste intensity,9.2,absolute metric tons of waste/million dollars of sales and revenues,,,,,,,,
E,Caterpillar,2018,Landfill intensity,1.49,absolute metric tons of landfill waste/million dollars of sales and revenues,"2030 Goals Baseline. As of 2024, we reduced our landfill intensity by 44% from our 2018 baseline.",,,,,,,
E,Caterpillar,2020,Landfill intensity,1.09,absolute metric tons of landfill waste/million dollars of sales and revenues,,,,,,,,
E,Caterpillar,2021,Landfill intensity,0.98,absolute metric tons of landfill waste/million dollars of sales and revenues,,,,,,,,
E,Caterpillar,2022,Landfill intensity,0.96,absolute metric tons of landfill waste/million dollars of sales and revenues,,,,,,,,
E,Caterpillar,2023,Landfill intensity,0.83,absolute metric tons of landfill waste/million dollars of sales and revenues,,,,,,,,
E,Caterpillar,2024,Landfill intensity,0.83,absolute metric tons of landfill waste/million dollars of sales and revenues,,,,,,,,
E,Caterpillar,2018,Waste recycled,91.50%,percent,,,,,,,,
E,Caterpillar,2020,Waste recycled,90.80%,percent,,,,,,,,
E,Caterpillar,2021,Waste recycled,89.60%,percent,,,,,,,,
E,Caterpillar,2022,Waste recycled,91.00%,percent,,,,,,,,
E,Caterpillar,2023,Waste recycled,90.70%,percent,,,,,,,,
E,Caterpillar,2024,Waste recycled,90.70%,percent,,,,,,,,
E,Caterpillar,2018,Scope 3 Emissions Enterprise (use of sold products emissions),571,million metric tons CO2e,"Caterpillar is represented by durable, reliable and innovative products that are built to last.",,,,,,,
E,Caterpillar,2020,Scope 3 Emissions Enterprise (use of sold products emissions),564,million metric tons CO2e,,,,,,,,
E,Caterpillar,2021,Scope 3 Emissions Enterprise (use of sold products emissions),606,million metric tons CO2e,,,,,,,,
E,Caterpillar,2022,Scope 3 Emissions Enterprise (use of sold products emissions),759,million metric tons CO2e,,,,,,,,
E,Caterpillar,2023,Scope 3 Emissions Enterprise (use of sold products emissions),680,million metric tons CO2e,,,,,,,,
E,Caterpillar,2024,Scope 3 Emissions Enterprise (use of sold products emissions),680,million metric tons CO2e,,,,,,,,
E,Caterpillar,2018,Scope 3 Intensity Enterprise,13.7,use of sold products emissions/thousands of dollars of sales and revenues,"Caterpillar is represented by durable, reliable and innovative products that are built to last.",,,,,,,
E,Caterpillar,2020,Scope 3 Intensity Enterprise,11.1,use of sold products emissions/thousands of dollars of sales and revenues,,,,,,,,
E,Caterpillar,2021,Scope 3 Intensity Enterprise,10.2,use of sold products emissions/thousands of dollars of sales and revenues,,,,,,,,
E,Caterpillar,2022,Scope 3 Intensity Enterprise,11.3,use of sold products emissions/thousands of dollars of sales and revenues,,,,,,,,
E,Caterpillar,2023,Scope 3 Intensity Enterprise,10.5,use of sold products emissions/thousands of dollars of sales and revenues,,,,,,,,
E,Caterpillar,2024,Scope 3 Intensity Enterprise,10.5,use of sold products emissions/thousands of dollars of sales and revenues,,,,,,,,
E,Caterpillar,2018,Scope 3 Emissions Energy & Transportation Segment (use of sold products emissions),464,million metric tons CO2e,Segment data.,,,,,,,
E,Caterpillar,2020,Scope 3 Emissions Energy & Transportation Segment (use of sold products emissions),428,million metric tons CO2e,,,,,,,,
E,Caterpillar,2021,Scope 3 Emissions Energy & Transportation Segment (use of sold products emissions),462,million metric tons CO2e,,,,,,,,
E,Caterpillar,2022,Scope 3 Emissions Energy & Transportation Segment (use of sold products emissions),623,million metric tons CO2e,,,,,,,,
E,Caterpillar,2023,Scope 3 Emissions Energy & Transportation Segment (use of sold products emissions),564,million metric tons CO2e,,,,,,,,
E,Caterpillar,2024,Scope 3 Emissions Energy & Transportation Segment (use of sold products emissions),564,million metric tons CO2e,,,,,,,,
E,Caterpillar,2018,Scope 3 Emissions Construction Industries Segment (use of sold products emissions),64,million metric tons CO2e,Segment data.,,,,,,,
E,Caterpillar,2020,Scope 3 Emissions Construction Industries Segment (use of sold products emissions),84,million metric tons CO2e,,,,,,,,
E,Caterpillar,2021,Scope 3 Emissions Construction Industries Segment (use of sold products emissions),83,million metric tons CO2e,,,,,,,,
E,Caterpillar,2022,Scope 3 Emissions Construction Industries Segment (use of sold products emissions),75,million metric tons CO2e,,,,,,,,
E,Caterpillar,2023,Scope 3 Emissions Construction Industries Segment (use of sold products emissions),68,million metric tons CO2e,,,,,,,,
E,Caterpillar,2024,Scope 3 Emissions Construction Industries Segment (use of sold products emissions),68,million metric tons CO2e,,,,,,,,
E,Caterpillar,2018,Scope 3 Emissions Resource Industries Segment (use of sold products emissions),43,million metric tons CO2e,Segment data.,,,,,,,
E,Caterpillar,2020,Scope 3 Emissions Resource Industries Segment (use of sold products emissions),52,million metric tons CO2e,,,,,,,,
E,Caterpillar,2021,Scope 3 Emissions Resource Industries Segment (use of sold products emissions),61,million metric tons CO2e,,,,,,,,
E,Caterpillar,2022,Scope 3 Emissions Resource Industries Segment (use of sold products emissions),61,million metric tons CO2e,,,,,,,,
E,Caterpillar,2023,Scope 3 Emissions Resource Industries Segment (use of sold products emissions),48,million metric tons CO2e,,,,,,,,
E,Caterpillar,2024,Scope 3 Emissions Resource Industries Segment (use of sold products emissions),48,million metric tons CO2e,,,,,,,,
E,Caterpillar,2018,New products that are more sustainable than the previous generation,89%,percent,Caterpillar has a long history of and a strong process for innovation in the R&D of products and solutions.,,,,,,,
E,Caterpillar,2020,New products that are more sustainable than the previous generation,97%,percent,,,,,,,,
E,Caterpillar,2021,New products that are more sustainable than the previous generation,100%,percent,,,,,,,,
E,Caterpillar,2022,New products that are more sustainable than the previous generation,100%,percent,,,,,,,,
E,Caterpillar,2023,New products that are more sustainable than the previous generation,100%,percent,,,,,,,,
E,Caterpillar,2024,New products that are more sustainable than the previous generation,100%,percent,,,,,,,,
E,Caterpillar,2018,Growth in remanufacturing business (% business sales growth since 2018),N/A,percent,"Our remanufacturing offerings provide customers with cost savings, can help extend product life cycle and use materials more efficiently. We seek to continue growing this business.",,,,,,,
E,Caterpillar,2020,Growth in remanufacturing business (% business sales growth since 2018),-14%,percent,,,,,,,,
E,Caterpillar,2021,Growth in remanufacturing business (% business sales growth since 2018),-3%,percent,,,,,,,,
E,Caterpillar,2022,Growth in remanufacturing business (% business sales growth since 2018),19%,percent,,,,,,,,
E,Caterpillar,2023,Growth in remanufacturing business (% business sales growth since 2018),31%,percent,,,,,,,,
E,Caterpillar,2024,Growth in remanufacturing business (% business sales growth since 2018),42%,percent,,,,,,,,
E,Caterpillar,2018,Product received by weight (end-of-life material received by Cat Reman),131,millions of pounds,"Our remanufacturing offerings provide customers with cost savings, can help extend product life cycle and use materials more efficiently. We seek to continue growing this business.",,,,,,,
E,Caterpillar,2020,Product received by weight (end-of-life material received by Cat Reman),127,millions of pounds,,,,,,,,
E,Caterpillar,2021,Product received by weight (end-of-life material received by Cat Reman),140,millions of pounds,,,,,,,,
E,Caterpillar,2022,Product received by weight (end-of-life material received by Cat Reman),147,millions of pounds,,,,,,,,
E,Caterpillar,2023,Product received by weight (end-of-life material received by Cat Reman),157,millions of pounds,,,,,,,,
E,Caterpillar,2024,Product received by weight (end-of-life material received by Cat Reman),157,millions of pounds,,,,,,,,
ealthy Environment: Climate Change and Emissions,The Cigna Group,2024,Total GHG Scope 1 and 2 emissions (location-based),100342,mtCO2e,,,,,,,,
Healthy Environment: Climate Change and Emissions,The Cigna Group,2023,Total GHG Scope 1 and 2 emissions (location-based),101056,mtCO2e,Value corrected from prior reporting (Note 138),,,,,,,
Healthy Environment: Climate Change and Emissions,The Cigna Group,2022,Total GHG Scope 1 and 2 emissions (location-based),101424,mtCO2e,,,,,,,,
Healthy Environment: Climate Change and Emissions,The Cigna Group,2021,Total GHG Scope 1 and 2 emissions (location-based),111107,mtCO2e,,,,,,,,
Healthy Environment: Climate Change and Emissions,The Cigna Group,2020,Total GHG Scope 1 and 2 emissions (location-based),128949,mtCO2e,,,,,,,,
Healthy Environment: Climate Change and Emissions,The Cigna Group,2024,Total GHG Scope 1 and 2 emissions (market-based),45665,mtCO2e,,,,,,,,
Healthy Environment: Climate Change and Emissions,The Cigna Group,2023,Total GHG Scope 1 and 2 emissions (market-based),70524,mtCO2e,Value corrected from prior reporting (Note 138),,,,,,,
Healthy Environment: Climate Change and Emissions,The Cigna Group,2022,Total GHG Scope 1 and 2 emissions (market-based),74230,mtCO2e,,,,,,,,
Healthy Environment: Climate Change and Emissions,The Cigna Group,2021,Total GHG Scope 1 and 2 emissions (market-based),107133,mtCO2e,,,,,,,,
Healthy Environment: Climate Change and Emissions,The Cigna Group,2020,Total GHG Scope 1 and 2 emissions (market-based),128949,mtCO2e,,,,,,,,
Healthy Environment: Climate Change and Emissions,The Cigna Group,2024,Scope 1 emissions,22212,mtCO2e,,,,,,,,
Healthy Environment: Climate Change and Emissions,The Cigna Group,2023,Scope 1 emissions,16559,mtCO2e,,,,,,,,
Healthy Environment: Climate Change and Emissions,The Cigna Group,2022,Scope 1 emissions,14566,mtCO2e,,,,,,,,
Healthy Environment: Climate Change and Emissions,The Cigna Group,2021,Scope 1 emissions,12537,mtCO2e,,,,,,,,
Healthy Environment: Climate Change and Emissions,The Cigna Group,2020,Scope 1 emissions,12687,mtCO2e,,,,,,,,
Healthy Environment: Climate Change and Emissions,The Cigna Group,2024,Scope 2 emissions (location-based),78130,mtCO2e,,,,,,,,
Healthy Environment: Climate Change and Emissions,The Cigna Group,2023,Scope 2 emissions (location-based),84496,mtCO2e,,,,,,,,
Healthy Environment: Climate Change and Emissions,The Cigna Group,2022,Scope 2 emissions (location-based),86858,mtCO2e,,,,,,,,
Healthy Environment: Climate Change and Emissions,The Cigna Group,2021,Scope 2 emissions (location-based),98570,mtCO2e,,,,,,,,
Healthy Environment: Climate Change and Emissions,The Cigna Group,2020,Scope 2 emissions (location-based),116261,mtCO2e,,,,,,,,
Healthy Environment: Climate Change and Emissions,The Cigna Group,2024,Scope 2 emissions (market-based),23453,mtCO2e,,,,,,,,
Healthy Environment: Climate Change and Emissions,The Cigna Group,2023,Scope 2 emissions (market-based),53965,mtCO2e,,,,,,,,
Healthy Environment: Climate Change and Emissions,The Cigna Group,2022,Scope 2 emissions (market-based),59664,mtCO2e,,,,,,,,
Healthy Environment: Climate Change and Emissions,The Cigna Group,2021,Scope 2 emissions (market-based),94596,mtCO2e,,,,,,,,
Healthy Environment: Climate Change and Emissions,The Cigna Group,2020,Scope 2 emissions (market-based),116261,mtCO2e,,,,,,,,
Healthy Environment: Climate Change and Emissions,The Cigna Group,2024,Emissions intensity,0.011,mtCO2e/sq ft,Calculated using location-based emissions,,,,,,,
Healthy Environment: Climate Change and Emissions,The Cigna Group,2023,Emissions intensity,0.012,mtCO2e/sq ft,Value corrected from prior reporting (Note 138). Calculated using location-based emissions,,,,,,,
Healthy Environment: Climate Change and Emissions,The Cigna Group,2022,Emissions intensity,0.011,mtCO2e/sq ft,Calculated using location-based emissions,,,,,,,
Healthy Environment: Climate Change and Emissions,The Cigna Group,2021,Emissions intensity,0.01,mtCO2e/sq ft,Calculated using location-based emissions,,,,,,,
Healthy Environment: Climate Change and Emissions,The Cigna Group,2020,Emissions intensity,0.011,mtCO2e/sq ft,Calculated using location-based emissions,,,,,,,
Healthy Environment: Climate Change and Emissions,The Cigna Group,2024,Scope 3 emissions – 1 (purchased goods and services),6762857,mtCO2e,,,,,,,,
Healthy Environment: Climate Change and Emissions,The Cigna Group,2023,Scope 3 emissions – 1 (purchased goods and services),6847062,mtCO2e,,,,,,,,
Healthy Environment: Climate Change and Emissions,The Cigna Group,2024,Scope 3 emissions – 2 (capital goods),34027,mtCO2e,,,,,,,,
Healthy Environment: Climate Change and Emissions,The Cigna Group,2023,Scope 3 emissions – 2 (capital goods),60888,mtCO2e,,,,,,,,
Healthy Environment: Climate Change and Emissions,The Cigna Group,2024,Scope 3 emissions – 3 (fuel- and energy-related activities),19805,mtCO2e,,,,,,,,
Healthy Environment: Climate Change and Emissions,The Cigna Group,2023,Scope 3 emissions – 3 (fuel- and energy-related activities),23656,mtCO2e,,,,,,,,
Healthy Environment: Climate Change and Emissions,The Cigna Group,2024,Scope 3 emissions – 4 (upstream transportation and distribution),33418,mtCO2e,,,,,,,,
Healthy Environment: Climate Change and Emissions,The Cigna Group,2023,Scope 3 emissions – 4 (upstream transportation and distribution),84128,mtCO2e,,,,,,,,
Healthy Environment: Climate Change and Emissions,The Cigna Group,2024,Scope 3 emissions – 6 (business travel),18900,mtCO2e,,,,,,,,
Healthy Environment: Climate Change and Emissions,The Cigna Group,2023,Scope 3 emissions – 6 (business travel),18448,mtCO2e,Note 140: Calculation updated to include rental cars,,,,,,,
Healthy Environment: Climate Change and Emissions,The Cigna Group,2022,Scope 3 emissions – 6 (business travel),10535,mtCO2e,,,,,,,,
Healthy Environment: Climate Change and Emissions,The Cigna Group,2021,Scope 3 emissions – 6 (business travel),2822,mtCO2e,,,,,,,,
Healthy Environment: Climate Change and Emissions,The Cigna Group,2020,Scope 3 emissions – 6 (business travel),8394,mtCO2e,,,,,,,,
Healthy Environment: Climate Change and Emissions,The Cigna Group,2024,Scope 3 emissions – 7 (employee commuting),77850,mtCO2e,,,,,,,,
Healthy Environment: Climate Change and Emissions,The Cigna Group,2023,Scope 3 emissions – 7 (employee commuting),76024,mtCO2e,,,,,,,,
Healthy Environment: Climate Change and Emissions,The Cigna Group,2024,Scope 3 emissions – 15 (investments),5475575,mtCO2e,,,,,,,,
Healthy Environment: Climate Change and Emissions,The Cigna Group,2023,Scope 3 emissions – 15 (investments),8479726,mtCO2e,Note 141: Value restated due to updated methodology,,,,,,,
Healthy Environment: Climate Change and Emissions,The Cigna Group,2024,Energy consumption,283044,MWh,,,,,,,,
Healthy Environment: Climate Change and Emissions,The Cigna Group,2023,Energy consumption,296453,MWh,Value corrected from prior reporting (Note 142),,,,,,,
Healthy Environment: Climate Change and Emissions,The Cigna Group,2022,Energy consumption,300497,MWh,,,,,,,,
Healthy Environment: Climate Change and Emissions,The Cigna Group,2021,Energy consumption,302627,MWh,,,,,,,,
Healthy Environment: Climate Change and Emissions,The Cigna Group,2020,Energy consumption,329733,MWh,,,,,,,,
Healthy Environment: Climate Change and Emissions,The Cigna Group,2024,Direct energy consumption,79960,MWh,,,,,,,,
Healthy Environment: Climate Change and Emissions,The Cigna Group,2023,Direct energy consumption,82767,MWh,Value corrected from prior reporting (Note 142),,,,,,,
Healthy Environment: Climate Change and Emissions,The Cigna Group,2022,Direct energy consumption,75078,MWh,,,,,,,,
Healthy Environment: Climate Change and Emissions,The Cigna Group,2021,Direct energy consumption,66038,MWh,,,,,,,,
Healthy Environment: Climate Change and Emissions,The Cigna Group,2020,Direct energy consumption,65622,MWh,,,,,,,,
Healthy Environment: Climate Change and Emissions,The Cigna Group,2024,Indirect energy consumption,203085,MWh,,,,,,,,
Healthy Environment: Climate Change and Emissions,The Cigna Group,2023,Indirect energy consumption,213686,MWh,,,,,,,,
Healthy Environment: Climate Change and Emissions,The Cigna Group,2022,Indirect energy consumption,225418,MWh,,,,,,,,
Healthy Environment: Climate Change and Emissions,The Cigna Group,2021,Indirect energy consumption,236589,MWh,,,,,,,,
Healthy Environment: Climate Change and Emissions,The Cigna Group,2020,Indirect energy consumption,262616,MWh,,,,,,,,
Healthy Environment: Climate Change and Emissions,The Cigna Group,2024,Energy intensity,0.032,MWh/sq ft,,,,,,,,
Healthy Environment: Climate Change and Emissions,The Cigna Group,2023,Energy intensity,0.034,MWh/sq ft,Value corrected from prior reporting (Note 142),,,,,,,
Healthy Environment: Climate Change and Emissions,The Cigna Group,2022,Energy intensity,0.033,MWh/sq ft,,,,,,,,
Healthy Environment: Climate Change and Emissions,The Cigna Group,2021,Energy intensity,0.029,MWh/sq ft,,,,,,,,
Healthy Environment: Climate Change and Emissions,The Cigna Group,2020,Energy intensity,0.03,MWh/sq ft,,,,,,,,
Healthy Environment: Sustainable Operations,The Cigna Group,2024,Global real estate footprint,9.2,M sq ft,Approximate value,,,,,,,
Healthy Environment: Sustainable Operations,The Cigna Group,2023,Global real estate footprint,9.2,M sq ft,Approximate value,,,,,,,
Healthy Environment: Sustainable Operations,The Cigna Group,2022,Global real estate footprint,9.8,M sq ft,Approximate value,,,,,,,
Healthy Environment: Sustainable Operations,The Cigna Group,2021,Global real estate footprint,11.9,M sq ft,Approximate value,,,,,,,
Healthy Environment: Sustainable Operations,The Cigna Group,2020,Global real estate footprint,11.1,M sq ft,Approximate value,,,,,,,
Healthy Environment: Sustainable Operations,The Cigna Group,2024,Water withdrawals,140148,kgal,Note 143: Includes only international locations where primary data is available,,,,,,,
Healthy Environment: Sustainable Operations,The Cigna Group,2023,Water withdrawals,129810,kgal,Note 143: Includes only international locations where primary data is available,,,,,,,
Healthy Environment: Sustainable Operations,The Cigna Group,2022,Water withdrawals,185956,kgal,Note 143: Includes only international locations where primary data is available,,,,,,,
Healthy Environment: Sustainable Operations,The Cigna Group,2021,Water withdrawals,187901,kgal,Note 143: Includes only international locations where primary data is available,,,,,,,
Healthy Environment: Sustainable Operations,The Cigna Group,2020,Water withdrawals,236662,kgal,Note 143: Includes only international locations where primary data is available,,,,,,,
Healthy Environment: Sustainable Operations,The Cigna Group,2024,Water intensity,0.016,kgal/sq ft,,,,,,,,
Healthy Environment: Sustainable Operations,The Cigna Group,2023,Water intensity,0.015,kgal/sq ft,,,,,,,,
Healthy Environment: Sustainable Operations,The Cigna Group,2022,Water intensity,0.02,kgal/sq ft,,,,,,,,
Healthy Environment: Sustainable Operations,The Cigna Group,2021,Water intensity,0.018,kgal/sq ft,,,,,,,,
Healthy Environment: Sustainable Operations,The Cigna Group,2020,Water intensity,0.021,kgal/sq ft,,,,,,,,
Healthy Society: Sustainable Health Care,The Cigna Group,2024,Accountable care organizations,200,organizations,Approximate value,,,,,,,
Healthy Society: Sustainable Health Care,The Cigna Group,2023,Accountable care organizations,230,organizations,Approximate value,,,,,,,
Healthy Society: Sustainable Health Care,The Cigna Group,2022,Accountable care organizations,240,organizations,Approximate value,,,,,,,
Healthy Society: Sustainable Health Care,The Cigna Group,2021,Accountable care organizations,235,organizations,Approximate value,,,,,,,
Healthy Society: Sustainable Health Care,The Cigna Group,2020,Accountable care organizations,240,organizations,Approximate value,,,,,,,
Healthy Society: Sustainable Health Care,The Cigna Group,2024,Value-based care – Primary,146000,providers,Approximate value,,,,,,,
Healthy Society: Sustainable Health Care,The Cigna Group,2023,Value-based care – Primary,134000,providers,Approximate value,,,,,,,
Healthy Society: Sustainable Health Care,The Cigna Group,2022,Value-based care – Primary,126000,providers,Approximate value,,,,,,,
Healthy Society: Sustainable Health Care,The Cigna Group,2021,Value-based care – Primary,110000,providers,Approximate value,,,,,,,
Healthy Society: Sustainable Health Care,The Cigna Group,2020,Value-based care – Primary,99000,providers,Approximate value,,,,,,,
Healthy Society: Sustainable Health Care,The Cigna Group,2024,Value-based care – Customers,3,M customers,Approximate value,,,,,,,
Healthy Society: Sustainable Health Care,The Cigna Group,2023,Value-based care – Customers,3,M customers,Approximate value,,,,,,,
Healthy Society: Sustainable Health Care,The Cigna Group,2022,Value-based care – Customers,3,M customers,Approximate value,,,,,,,
Healthy Society: Sustainable Health Care,The Cigna Group,2021,Value-based care – Customers,,M customers,Not reported,,,,,,,
Healthy Society: Sustainable Health Care,The Cigna Group,2020,Value-based care – Customers,,M customers,Not reported,,,,,,,
Healthy Society: Community Resilience,The Cigna Group,2024,Financial impact from The Cigna Group giving (total),48,$M,,,,,,,,
Healthy Society: Community Resilience,The Cigna Group,2023,Financial impact from The Cigna Group giving (total),51,$M,,,,,,,,
Healthy Society: Community Resilience,The Cigna Group,2022,Financial impact from The Cigna Group giving (total),54,$M,,,,,,,,
Healthy Society: Community Resilience,The Cigna Group,2021,Financial impact from The Cigna Group giving (total),50,$M,,,,,,,,
Healthy Society: Community Resilience,The Cigna Group,2020,Financial impact from The Cigna Group giving (total),81,$M,,,,,,,,
Healthy Society: Community Resilience,The Cigna Group,2024,Employee volunteer hours,90000,hours,Approximate value,,,,,,,
Healthy Society: Community Resilience,The Cigna Group,2023,Employee volunteer hours,69000,hours,Approximate value,,,,,,,
Healthy Society: Community Resilience,The Cigna Group,2022,Employee volunteer hours,57000,hours,Approximate value,,,,,,,
Healthy Society: Community Resilience,The Cigna Group,2021,Employee volunteer hours,59000,hours,Approximate value,,,,,,,
Healthy Society: Community Resilience,The Cigna Group,2020,Employee volunteer hours,57000,hours,Approximate value,,,,,,,
Healthy Workforce: Employee Health Safety and Vitality,The Cigna Group,2024,Safety incident rate,0.28,rate,,,,,,,
Healthy Workforce: Employee Health Safety and Vitality,The Cigna Group,2023,Safety incident rate,0.27,rate,,,,,,,
Healthy Workforce: Employee Health Safety and Vitality,The Cigna Group,2022,Safety incident rate,0.73,rate,"Note 128: Attributed to Omicron variant of COVID-19, without which the rate would be 0.27",,,,,,
Healthy Workforce: Employee Health,The Cigna Group,,2021,Safety incident rate,0.41,rate,,,,,,,
Healthy Workforce: Inclusion within Our Workforce (Total U.S. Workforce),The Cigna Group,2023,Women,72,%,U.S. Employees only,,,,,,,
Healthy Workforce: Inclusion within Our Workforce (Total U.S. Workforce),The Cigna Group,2022,Women,72,%,U.S. Employees only,,,,,,,
Healthy Workforce: Inclusion within Our Workforce (Total U.S. Workforce),The Cigna Group,2021,Women,71,%,U.S. Employees only,,,,,,,
Healthy Workforce: Inclusion within Our Workforce (Total U.S. Workforce),The Cigna Group,2020,Women,76,%,U.S. Employees only,,,,,,,
Healthy Workforce: Inclusion within Our Workforce (Total U.S. Workforce),The Cigna Group,2024,White,59,%,U.S. Employees only,,,,,,,
Healthy Workforce: Inclusion within Our Workforce (Total U.S. Workforce),The Cigna Group,2023,White,59,%,U.S. Employees only,,,,,,,
Healthy Workforce: Inclusion within Our Workforce (Total U.S. Workforce),The Cigna Group,2022,White,61,%,U.S. Employees only,,,,,,,
Healthy Workforce: Inclusion within Our Workforce (Total U.S. Workforce),The Cigna Group,2021,White,64,%,U.S. Employees only,,,,,,,
Healthy Workforce: Inclusion within Our Workforce (Total U.S. Workforce),The Cigna Group,2020,White,63,%,U.S. Employees only,,,,,,,
Healthy Workforce: Inclusion within Our Workforce (Total U.S. Workforce),The Cigna Group,2024,Ethnic minorities,41,%,U.S. Employees only,,,,,,,
Healthy Workforce: Inclusion within Our Workforce (Total U.S. Workforce),The Cigna Group,2023,Ethnic minorities,41,%,U.S. Employees only,,,,,,,
Healthy Workforce: Inclusion within Our Workforce (Total U.S. Workforce),The Cigna Group,2022,Ethnic minorities,39,%,U.S. Employees only,,,,,,,
Healthy Workforce: Inclusion within Our Workforce (Total U.S. Workforce),The Cigna Group,2021,Ethnic minorities,36,%,U.S. Employees only,,,,,,,
Healthy Workforce: Inclusion within Our Workforce (Total U.S. Workforce),The Cigna Group,2020,Ethnic minorities,37,%,U.S. Employees only,,,,,,,
Healthy Workforce: Inclusion within Our Workforce (Executive/Senior-Level Officials),The Cigna Group,2024,Women,36,%,U.S. Employees only,,,,,,,
Healthy Workforce: Inclusion within Our Workforce (Executive/Senior-Level Officials),The Cigna Group,2023,Women,37,%,U.S. Employees only,,,,,,,
Healthy Workforce: Inclusion within Our Workforce (Executive/Senior-Level Officials),The Cigna Group,2022,Women,38,%,U.S. Employees only,,,,,,,
Healthy Workforce: Inclusion within Our Workforce (Executive/Senior-Level Officials),The Cigna Group,2021,Women,35,%,U.S. Employees only,,,,,,,
Healthy Workforce: Inclusion within Our Workforce (Executive/Senior-Level Officials),The Cigna Group,2020,Women,35,%,U.S. Employees only,,,,,,,
Healthy Workforce: Inclusion within Our Workforce (Executive/Senior-Level Officials),The Cigna Group,2024,White,85,%,U.S. Employees only,,,,,,,
Healthy Workforce: Inclusion within Our Workforce (Executive/Senior-Level Officials),The Cigna Group,2023,White,86,%,U.S. Employees only,,,,,,,
Healthy Workforce: Inclusion within Our Workforce (Executive/Senior-Level Officials),The Cigna Group,2022,White,87,%,U.S. Employees only,,,,,,,
Healthy Workforce: Inclusion within Our Workforce (Executive/Senior-Level Officials),The Cigna Group,2021,White,86,%,U.S. Employees only,,,,,,,
Healthy Workforce: Inclusion within Our Workforce (Executive/Senior-Level Officials),The Cigna Group,2020,White,88,%,U.S. Employees only,,,,,,,
Healthy Workforce: Inclusion within Our Workforce (Executive/Senior-Level Officials),The Cigna Group,2024,Ethnic minorities,15,%,U.S. Employees only,,,,,,,
Healthy Workforce: Inclusion within Our Workforce (Executive/Senior-Level Officials),The Cigna Group,2023,Ethnic minorities,14,%,U.S. Employees only,,,,,,,
Healthy Workforce: Inclusion within Our Workforce (Executive/Senior-Level Officials),The Cigna Group,2022,Ethnic minorities,13,%,U.S. Employees only,,,,,,,
Healthy Workforce: Inclusion within Our Workforce (Executive/Senior-Level Officials),The Cigna Group,2021,Ethnic minorities,14,%,U.S. Employees only,,,,,,,
Healthy Workforce: Inclusion within Our Workforce (Executive/Senior-Level Officials),The Cigna Group,2020,Ethnic minorities,12,%,U.S. Employees only,,,,,,,
Healthy Workforce: Inclusion within Our Workforce (First-Mid-Level Officials),The Cigna Group,2024,Women,60,%,U.S. Employees only,,,,,,,
Healthy Workforce: Inclusion within Our Workforce (First-Mid-Level Officials),The Cigna Group,2023,Women,59,%,U.S. Employees only,,,,,,,
Healthy Workforce: Inclusion within Our Workforce (First-Mid-Level Officials),The Cigna Group,2022,Women,59,%,U.S. Employees only,,,,,,,
Healthy Workforce: Inclusion within Our Workforce (First-Mid-Level Officials),The Cigna Group,2021,Women,58,%,U.S. Employees only,,,,,,,
Healthy Workforce: Inclusion within Our Workforce (First-Mid-Level Officials),The Cigna Group,2020,Women,60,%,U.S. Employees only,,,,,,,
Healthy Workforce: Inclusion within Our Workforce (First-Mid-Level Officials),The Cigna Group,2024,White,73,%,U.S. Employees only,,,,,,,
Healthy Workforce: Inclusion within Our Workforce (First-Mid-Level Officials),The Cigna Group,2023,White,73,%,U.S. Employees only,,,,,,,
Healthy Workforce: Inclusion within Our Workforce (First-Mid-Level Officials),The Cigna Group,2022,White,74,%,U.S. Employees only,,,,,,,
Healthy Workforce: Inclusion within Our Workforce (First-Mid-Level Officials),The Cigna Group,2021,White,75,%,U.S. Employees only,,,,,,,
Healthy Workforce: Inclusion within Our Workforce (First-Mid-Level Officials),The Cigna Group,2020,White,76,%,U.S. Employees only,,,,,,,
Healthy Workforce: Inclusion within Our Workforce (First-Mid-Level Officials),The Cigna Group,2024,Ethnic minorities,27,%,U.S. Employees only,,,,,,,
Healthy Workforce: Inclusion within Our Workforce (First-Mid-Level Officials),The Cigna Group,2023,Ethnic minorities,27,%,U.S. Employees only,,,,,,,
Healthy Workforce: Inclusion within Our Workforce (First-Mid-Level Officials),The Cigna Group,2022,Ethnic minorities,26,%,U.S. Employees only,,,,,,,
Healthy Workforce: Inclusion within Our Workforce (First-Mid-Level Officials),The Cigna Group,2021,Ethnic minorities,25,%,U.S. Employees only,,,,,,,
Healthy Workforce: Inclusion within Our Workforce (First-Mid-Level Officials),The Cigna Group,2020,Ethnic minorities,24,%,U.S. Employees only,,,,,,,
Healthy Workforce: Inclusion within Our Workforce (Professionals),The Cigna Group,2024,Women,66,%,U.S. Employees only,,,,,,,
Healthy Workforce: Inclusion within Our Workforce (Professionals),The Cigna Group,2023,Women,66,%,U.S. Employees only,,,,,,,
Healthy Workforce: Inclusion within Our Workforce (Professionals),The Cigna Group,2022,Women,66,%,U.S. Employees only,,,,,,,
Healthy Workforce: Inclusion within Our Workforce (Professionals),The Cigna Group,2021,Women,66,%,U.S. Employees only,,,,,,,
Healthy Workforce: Inclusion within Our Workforce (Professionals),The Cigna Group,2020,Women,71,%,U.S. Employees only,,,,,,,
Healthy Workforce: Inclusion within Our Workforce (Professionals),The Cigna Group,2024,White,66,%,U.S. Employees only,,,,,,,
Healthy Workforce: Inclusion within Our Workforce (Professionals),The Cigna Group,2023,White,66,%,U.S. Employees only,,,,,,,
Healthy Workforce: Inclusion within Our Workforce (Professionals),The Cigna Group,2022,White,68,%,U.S. Employees only,,,,,,,
Healthy Workforce: Inclusion within Our Workforce (Professionals),The Cigna Group,2021,White,71,%,U.S. Employees only,,,,,,,
Healthy Workforce: Inclusion within Our Workforce (Professionals),The Cigna Group,2020,White,70,%,U.S. Employees only,,,,,,,
Healthy Workforce: Inclusion within Our Workforce (Professionals),The Cigna Group,2024,Ethnic minorities,34,%,U.S. Employees only,,,,,,,
Healthy Workforce: Inclusion within Our Workforce (Professionals),The Cigna Group,2023,Ethnic minorities,34,%,U.S. Employees only,,,,,,,
Healthy Workforce: Inclusion within Our Workforce (Professionals),The Cigna Group,2022,Ethnic minorities,32,%,U.S. Employees only,,,,,,,
Healthy Workforce: Inclusion within Our Workforce (Professionals),The Cigna Group,2021,Ethnic minorities,29,%,U.S. Employees only,,,,,,,
Healthy Workforce: Inclusion within Our Workforce (Professionals),The Cigna Group,2020,Ethnic minorities,30,%,U.S. Employees only,,,,,,,
Healthy Workforce: Inclusion within Our Workforce (Sales Workers),The Cigna Group,2024,Women,73,%,U.S. Employees only,,,,,,,
Healthy Workforce: Inclusion within Our Workforce (Sales Workers),The Cigna Group,2023,Women,73,%,U.S. Employees only,,,,,,,
Healthy Workforce: Inclusion within Our Workforce (Sales Workers),The Cigna Group,2022,Women,72,%,U.S. Employees only,,,,,,,
Healthy Workforce: Inclusion within Our Workforce (Sales Workers),The Cigna Group,2021,Women,71,%,U.S. Employees only,,,,,,,
Healthy Workforce: Inclusion within Our Workforce (Sales Workers),The Cigna Group,2020,Women,75,%,U.S. Employees only,,,,,,,
Healthy Workforce: Inclusion within Our Workforce (Sales Workers),The Cigna Group,2024,White,67,%,U.S. Employees only,,,,,,,
Healthy Workforce: Inclusion within Our Workforce (Sales Workers),The Cigna Group,2023,White,59,%,U.S. Employees only,,,,,,,
Healthy Workforce: Inclusion within Our Workforce (Sales Workers),The Cigna Group,2022,White,69,%,U.S. Employees only,,,,,,,
Healthy Workforce: Inclusion within Our Workforce (Sales Workers),The Cigna Group,2021,White,72,%,U.S. Employees only,,,,,,,
Healthy Workforce: Inclusion within Our Workforce (Sales Workers),The Cigna Group,2020,White,71,%,U.S. Employees only,,,,,,,
Healthy Workforce: Inclusion within Our Workforce (Sales Workers),The Cigna Group,2024,Ethnic minorities,33,%,U.S. Employees only,,,,,,,
Healthy Workforce: Inclusion within Our Workforce (Sales Workers),The Cigna Group,2023,Ethnic minorities,37,%,U.S. Employees only,,,,,,,
Healthy Workforce: Inclusion within Our Workforce (Sales Workers),The Cigna Group,2022,Ethnic minorities,31,%,U.S. Employees only,,,,,,,
Healthy Workforce: Inclusion within Our Workforce (Sales Workers),The Cigna Group,2021,Ethnic minorities,28,%,U.S. Employees only,,,,,,,
Healthy Workforce: Inclusion within Our Workforce (Sales Workers),The Cigna Group,2020,Ethnic minorities,29,%,U.S. Employees only,,,,,,,
Healthy Workforce: Inclusion within Our Workforce (Administrative Support Workers),The Cigna Group,2024,Women,87,%,U.S. Employees only,,,,,,,
Healthy Workforce: Inclusion within Our Workforce (Administrative Support Workers),The Cigna Group,2023,Women,87,%,U.S. Employees only,,,,,,,
Healthy Workforce: Inclusion within Our Workforce (Administrative Support Workers),The Cigna Group,2022,Women,87,%,U.S. Employees only,,,,,,,
Healthy Workforce: Inclusion within Our Workforce (Administrative Support Workers),The Cigna Group,2021,Women,85,%,U.S. Employees only,,,,,,,
Healthy Workforce: Inclusion within Our Workforce (Administrative Support Workers),The Cigna Group,2020,Women,90,%,U.S. Employees only,,,,,,,
Healthy Workforce: Inclusion within Our Workforce (Administrative Support Workers),The Cigna Group,2024,White,41,%,U.S. Employees only,,,,,,,
Healthy Workforce: Inclusion within Our Workforce (Administrative Support Workers),The Cigna Group,2023,White,42,%,U.S. Employees only,,,,,,,
Healthy Workforce: Inclusion within Our Workforce (Administrative Support Workers),The Cigna Group,2022,White,45,%,U.S. Employees only,,,,,,,
Healthy Workforce: Inclusion within Our Workforce (Administrative Support Workers),The Cigna Group,2021,White,50,%,U.S. Employees only,,,,,,,
Healthy Workforce: Inclusion within Our Workforce (Administrative Support Workers),The Cigna Group,2020,White,48,%,U.S. Employees only,,,,,,,
Healthy Workforce: Inclusion within Our Workforce (Administrative Support Workers),The Cigna Group,2024,Ethnic minorities,59,%,U.S. Employees only,,,,,,,
Healthy Workforce: Inclusion within Our Workforce (Administrative Support Workers),The Cigna Group,2023,Ethnic minorities,58,%,U.S. Employees only,,,,,,,
Healthy Workforce: Inclusion within Our Workforce (Administrative Support Workers),The Cigna Group,2022,Ethnic minorities,55,%,U.S. Employees only,,,,,,,
Healthy Workforce: Inclusion within Our Workforce (Administrative Support Workers),The Cigna Group,2021,Ethnic minorities,50,%,U.S. Employees only,,,,,,,
Healthy Workforce: Inclusion within Our Workforce (Administrative Support Workers),The Cigna Group,2020,Ethnic minorities,52,%,U.S. Employees only,,,,,,,
Healthy Workforce: Inclusion within Our Workforce (All Others),The Cigna Group,2024,Women,74,%,"U.S. Employees only (""All Others"" includes technicians", operatives, and service workers),,,,,
Healthy Workforce: Inclusion within Our Workforce (All Others),The Cigna Group,2023,Women,75,%,"U.S. Employees only (""All Others"" includes technicians", operatives, and service workers),,,,,
Healthy Workforce: Inclusion within Our Workforce (All Others),The Cigna Group,2022,Women,77,%,"U.S. Employees only (""All Others"" includes technicians", operatives, and service workers),,,,,
Healthy Workforce: Inclusion within Our Workforce (All Others),The Cigna Group,2021,Women,72,%,"U.S. Employees only (""All Others"" includes technicians", operatives, and service workers),,,,,
Healthy Workforce: Inclusion within Our Workforce (All Others),The Cigna Group,2020,Women,77,%,"U.S. Employees only (""All Others"" includes technicians", operatives, and service workers),,,,,
Healthy Workforce: Inclusion within Our Workforce (All Others),The Cigna Group,2024,White,44,%,"U.S. Employees only (""All Others"" includes technicians", operatives, and service workers),,,,,
Healthy Workforce: Inclusion within Our Workforce (All Others),The Cigna Group,2023,White,45,%,"U.S. Employees only (""All Others"" includes technicians", operatives, and service workers),,,,,
Healthy Workforce: Inclusion within Our Workforce (All Others),The Cigna Group,2022,White,46,%,"U.S. Employees only (""All Others"" includes technicians", operatives, and service workers),,,,,
Healthy Workforce: Inclusion within Our Workforce (All Others),The Cigna Group,2021,White,48,%,"U.S. Employees only (""All Others"" includes technicians", operatives, and service workers),,,,,
Healthy Workforce: Inclusion within Our Workforce (All Others),The Cigna Group,2020,White,44,%,"U.S. Employees only (""All Others"" includes technicians", operatives, and service workers),,,,,
Healthy Workforce: Inclusion within Our Workforce (All Others),The Cigna Group,2024,Ethnic minorities,56,%,"U.S. Employees only (""All Others"" includes technicians", operatives, and service workers),,,,,
Healthy Workforce: Inclusion within Our Workforce (All Others),The Cigna Group,2023,Ethnic minorities,55,%,"U.S. Employees only (""All Others"" includes technicians", operatives, and service workers),,,,,
Healthy Workforce: Inclusion within Our Workforce (All Others),The Cigna Group,2022,Ethnic minorities,54,%,"U.S. Employees only (""All Others"" includes technicians", operatives, and service workers),,,,,
Healthy Workforce: Inclusion within Our Workforce (All Others),The Cigna Group,2021,Ethnic minorities,52,%,"U.S. Employees only (""All Others"" includes technicians", operatives, and service workers),,,,,
Healthy Workforce: Inclusion within Our Workforce (All Others),The Cigna Group,2020,Ethnic minorities,56,%,"U.S. Employees only (""All Others"" includes technicians", operatives, and service workers),,,,,
Healthy Workforce: Human Capital Development (Total Number Of Employees),The Cigna Group,2024,Total employees,73477,total employees,,,,,,,,
Healthy Workforce: Human Capital Development (Total Number Of Employees),The Cigna Group,2023,Total employees,72477,total employees,,,,,,,,
Healthy Workforce: Human Capital Development (Total Number Of Employees),The Cigna Group,2022,Total employees,71270,total employees,,,,,,,,
Healthy Workforce: Human Capital Development (Total Number Of Employees),The Cigna Group,2021,Total employees,70653,total employees,,,,,,,,
Healthy Workforce: Human Capital Development (Total Number Of Employees),The Cigna Group,2020,Total employees,71001,total employees,,,,,,,,
Healthy Workforce: Human Capital Development (Employees by Region),The Cigna Group,2024,United States,90,%,,,,,,,,
Healthy Workforce: Human Capital Development (Employees by Region),The Cigna Group,2023,United States,93,%,,,,,,,,
Healthy Workforce: Human Capital Development (Employees by Region),The Cigna Group,2022,United States,94,%,,,,,,,,
Healthy Workforce: Human Capital Development (Employees by Region),The Cigna Group,2021,United States,90,%,,,,,,,,
Healthy Workforce: Human Capital Development (Employees by Region),The Cigna Group,2020,United States,90,%,,,,,,,,
Healthy Workforce: Human Capital Development (Employees by Region),The Cigna Group,2024,International,10,%,,,,,,,,
Healthy Workforce: Human Capital Development (Employees by Region),The Cigna Group,2023,International,7,%,,,,,,,,
Healthy Workforce: Human Capital Development (Employees by Region),The Cigna Group,2022,International,6,%,,,,,,,,
Healthy Workforce: Human Capital Development (Employees by Region),The Cigna Group,2021,International,10,%,,,,,,,,
Healthy Workforce: Human Capital Development (Employees by Region),The Cigna Group,2020,International,10,%,,,,,,,,
Healthy Workforce: Human Capital Development (Employees by Type),The Cigna Group,2024,Full-time,97,%,,,,,,,,
Healthy Workforce: Human Capital Development (Employees by Type),The Cigna Group,2023,Full-time,97,%,,,,,,,,
Healthy Workforce: Human Capital Development (Employees by Type),The Cigna Group,2022,Full-time,97,%,,,,,,,,
Healthy Workforce: Human Capital Development (Employees by Type),The Cigna Group,2021,Full-time,98,%,,,,,,,,
Healthy Workforce: Human Capital Development (Employees by Type),The Cigna Group,2020,Full-time,98,%,,,,,,,,
Healthy Workforce: Human Capital Development (Employees by Type),The Cigna Group,2024,Part-time,3,%,,,,,,,,
Healthy Workforce: Human Capital Development (Employees by Type),The Cigna Group,2023,Part-time,3,%,,,,,,,,
Healthy Workforce: Human Capital Development (Employees by Type),The Cigna Group,2022,Part-time,3,%,,,,,,,,
Healthy Workforce: Human Capital Development (Employees by Type),The Cigna Group,2021,Part-time,2,%,,,,,,,,
Healthy Workforce: Human Capital Development (Employees by Type),The Cigna Group,2020,Part-time,2,%,,,,,,,,
Healthy Workforce: Human Capital Development (Employees by Gender),The Cigna Group,2024,Women,70,%,,,,,,,,
Healthy Workforce: Human Capital Development (Employees by Gender),The Cigna Group,2023,Women,71,%,,,,,,,,
Healthy Workforce: Human Capital Development (Employees by Gender),The Cigna Group,2022,Women,71,%,,,,,,,,
Healthy Workforce: Human Capital Development (Employees by Gender),The Cigna Group,2021,Women,70,%,,,,,,,,
Healthy Workforce: Human Capital Development (Employees by Gender),The Cigna Group,2020,Women,70,%,,,,,,,,
Healthy Workforce: Human Capital Development (Employees by Gender),The Cigna Group,2024,Men,30,%,,,,,,,,
Healthy Workforce: Human Capital Development (Employees by Gender),The Cigna Group,2023,Men,29,%,,,,,,,,
Healthy Workforce: Human Capital Development (Employees by Gender),The Cigna Group,2022,Men,29,%,,,,,,,,
Healthy Workforce: Human Capital Development (Employees by Gender),The Cigna Group,2021,Men,30,%,,,,,,,,
Healthy Workforce: Human Capital Development (Employees by Gender),The Cigna Group,2020,Men,30,%,,,,,,,,
Healthy Workforce: Human Capital Development (Employees by Age),The Cigna Group,2024,Under 30,10,%,,,,,,,,
Healthy Workforce: Human Capital Development (Employees by Age),The Cigna Group,2023,Under 30,11,%,,,,,,,,
Healthy Workforce: Human Capital Development (Employees by Age),The Cigna Group,2022,Under 30,12,%,,,,,,,,
Healthy Workforce: Human Capital Development (Employees by Age),The Cigna Group,2021,Under 30,12,%,,,,,,,,
Healthy Workforce: Human Capital Development (Employees by Age),The Cigna Group,2020,Under 30,13,%,,,,,,,,
Healthy Workforce: Human Capital Development (Employees by Age),The Cigna Group,2024,30–50,58,%,,,,,,,,
Healthy Workforce: Human Capital Development (Employees by Age),The Cigna Group,2023,30–50,57,%,,,,,,,,
Healthy Workforce: Human Capital Development (Employees by Age),The Cigna Group,2022,30–50,56,%,,,,,,,,
Healthy Workforce: Human Capital Development (Employees by Age),The Cigna Group,2021,30–50,57,%,,,,,,,,
Healthy Workforce: Human Capital Development (Employees by Age),The Cigna Group,2020,30–50,57,%,,,,,,,,
Healthy Workforce: Human Capital Development (Employees by Age),The Cigna Group,2024,Over 50,32,%,,,,,,,,
Healthy Workforce: Human Capital Development (Employees by Age),The Cigna Group,2023,Over 50,32,%,,,,,,,,
Healthy Workforce: Human Capital Development (Employees by Age),The Cigna Group,2022,Over 50,32,%,,,,,,,,
Healthy Workforce: Human Capital Development (Employees by Age),The Cigna Group,2021,Over 50,31,%,,,,,,,,
Healthy Workforce: Human Capital Development (Employees by Age),The Cigna Group,2020,Over 50,30,%,,,,,,,,
Healthy Workforce: Human Capital Development (Unionized Employees),The Cigna Group,2024,Total,1,%,,,,,,,,
Healthy Workforce: Human Capital Development (Unionized Employees),The Cigna Group,2023,Total,1,%,,,,,,,,
Healthy Workforce: Human Capital Development (Unionized Employees),The Cigna Group,2022,Total,1,%,,,,,,,,
Healthy Workforce: Human Capital Development (Unionized Employees),The Cigna Group,2021,Total,<2,%,,,,,,,,
Healthy Workforce: Human Capital Development (Unionized Employees),The Cigna Group,2020,Total,,%,Not reported,,,,,,,
Healthy Workforce: Human Capital Development (Total Number Of Employee Hires),The Cigna Group,2024,Total hires,10883,total hires,,,,,,,,
Healthy Workforce: Human Capital Development (Total Number Of Employee Hires),The Cigna Group,2023,Total hires,13497,total hires,,,,,,,,
Healthy Workforce: Human Capital Development (Total Number Of Employee Hires),The Cigna Group,2022,Total hires,16689,total hires,,,,,,,,
Healthy Workforce: Human Capital Development (Total Number Of Employee Hires),The Cigna Group,2021,Total hires,13136,total hires,,,,,,,,
Healthy Workforce: Human Capital Development (Total Number Of Employee Hires),The Cigna Group,2020,Total hires,12864,total hires,,,,,,,,
Healthy Workforce: Human Capital Development (Hires by Region),The Cigna Group,2024,United States,78,%,,,,,,,,
Healthy Workforce: Human Capital Development (Hires by Region),The Cigna Group,2023,United States,91,%,,,,,,,,
Healthy Workforce: Human Capital Development (Hires by Region),The Cigna Group,2022,United States,89,%,,,,,,,,
Healthy Workforce: Human Capital Development (Hires by Region),The Cigna Group,2021,United States,86,%,,,,,,,,
Healthy Workforce: Human Capital Development (Hires by Region),The Cigna Group,2020,United States,83,%,,,,,,,,
Healthy Workforce: Human Capital Development (Hires by Region),The Cigna Group,2024,International,22,%,,,,,,,,
Healthy Workforce: Human Capital Development (Hires by Region),The Cigna Group,2023,International,9,%,,,,,,,,
Healthy Workforce: Human Capital Development (Hires by Region),The Cigna Group,2022,International,11,%,,,,,,,,
Healthy Workforce: Human Capital Development (Hires by Region),The Cigna Group,2021,International,14,%,,,,,,,,
Healthy Workforce: Human Capital Development (Hires by Region),The Cigna Group,2020,International,17,%,,,,,,,,
Healthy Workforce: Human Capital Development (Hires by Gender),The Cigna Group,2024,Women,69,%,,,,,,,,
Healthy Workforce: Human Capital Development (Hires by Gender),The Cigna Group,2023,Women,75,%,,,,,,,,
Healthy Workforce: Human Capital Development (Hires by Gender),The Cigna Group,2022,Women,77,%,,,,,,,,
Healthy Workforce: Human Capital Development (Hires by Gender),The Cigna Group,2021,Women,75,%,,,,,,,,
Healthy Workforce: Human Capital Development (Hires by Gender),The Cigna Group,2020,Women,72,%,,,,,,,,
Healthy Workforce: Human Capital Development (Hires by Gender),The Cigna Group,2024,Men,31,%,,,,,,,,
Healthy Workforce: Human Capital Development (Hires by Gender),The Cigna Group,2023,Men,25,%,,,,,,,,
Healthy Workforce: Human Capital Development (Hires by Gender),The Cigna Group,2022,Men,23,%,,,,,,,,
Healthy Workforce: Human Capital Development (Hires by Gender),The Cigna Group,2021,Men,25,%,,,,,,,,
Healthy Workforce: Human Capital Development (Hires by Gender),The Cigna Group,2020,Men,28,%,,,,,,,,
Healthy Workforce: Human Capital Development (Hires by Age),The Cigna Group,2024,Under 30,32,%,,,,,,,,
Healthy Workforce: Human Capital Development (Hires by Age),The Cigna Group,2023,Under 30,33,%,,,,,,,,
Healthy Workforce: Human Capital Development (Hires by Age),The Cigna Group,2022,Under 30,32,%,,,,,,,,
Healthy Workforce: Human Capital Development (Hires by Age),The Cigna Group,2021,Under 30,31,%,,,,,,,,
Healthy Workforce: Human Capital Development (Hires by Age),The Cigna Group,2020,Under 30,35,%,,,,,,,,
Healthy Workforce: Human Capital Development (Hires by Age),The Cigna Group,2024,30–50,57,%,,,,,,,,
Healthy Workforce: Human Capital Development (Hires by Age),The Cigna Group,2023,30–50,55,%,,,,,,,,
Healthy Workforce: Human Capital Development (Hires by Age),The Cigna Group,2022,30–50,55,%,,,,,,,,
Healthy Workforce: Human Capital Development (Hires by Age),The Cigna Group,2021,30–50,55,%,,,,,,,,
Healthy Workforce: Human Capital Development (Hires by Age),The Cigna Group,2020,30–50,50,%,,,,,,,,
Healthy Workforce: Human Capital Development (Hires by Age),The Cigna Group,2024,Over 50,11,%,,,,,,,,
Healthy Workforce: Human Capital Development (Hires by Age),The Cigna Group,2023,Over 50,12,%,,,,,,,,
Healthy Workforce: Human Capital Development (Hires by Age),The Cigna Group,2022,Over 50,13,%,,,,,,,,
Healthy Workforce: Human Capital Development (Hires by Age),The Cigna Group,2021,Over 50,14,%,,,,,,,,
Healthy Workforce: Human Capital Development (Hires by Age),The Cigna Group,2020,Over 50,15,%,,,,,,,,
Healthy Workforce: Human Capital Development (Hires by Ethnicity),The Cigna Group,2024,Ethnic minority,63,%,,,,,,,,
Healthy Workforce: Human Capital Development (Hires by Ethnicity),The Cigna Group,2023,Ethnic minority,64,%,,,,,,,,
Healthy Workforce: Human Capital Development (Hires by Ethnicity),The Cigna Group,2022,Ethnic minority,58,%,,,,,,,,
Healthy Workforce: Human Capital Development (Hires by Ethnicity),The Cigna Group,2021,Ethnic minority,56,%,,,,,,,,
Healthy Workforce: Human Capital Development (Hires by Ethnicity),The Cigna Group,2020,Ethnic minority,,%,Not reported,,,,,,,
Healthy Workforce: Human Capital Development (Additional Human Capital Development Information),The Cigna Group,2024,Open positions filled by internal candidates,62,%,,,,,,,,
Healthy Workforce: Human Capital Development (Additional Human Capital Development Information),The Cigna Group,2023,Open positions filled by internal candidates,67,%,,,,,,,,
Healthy Workforce: Human Capital Development (Additional Human Capital Development Information),The Cigna Group,2022,Open positions filled by internal candidates,66,%,,,,,,,,
Healthy Workforce: Human Capital Development (Additional Human Capital Development Information),The Cigna Group,2021,Open positions filled by internal candidates,62,%,,,,,,,,
Healthy Workforce: Human Capital Development (Additional Human Capital Development Information),The Cigna Group,2020,Open positions filled by internal candidates,63,%,,,,,,,,
Healthy Workforce: Human Capital Development (Additional Human Capital Development Information),The Cigna Group,2024,Voluntary turnover rate,9,%,,,,,,,,
Healthy Workforce: Human Capital Development (Additional Human Capital Development Information),The Cigna Group,2023,Voluntary turnover rate,11,%,,,,,,,,
Healthy Workforce: Human Capital Development (Additional Human Capital Development Information),The Cigna Group,2022,Voluntary turnover rate,16,%,,,,,,,,
Healthy Workforce: Human Capital Development (Additional Human Capital Development Information),The Cigna Group,2021,Voluntary turnover rate,16,%,,,,,,,,
Healthy Workforce: Human Capital Development (Additional Human Capital Development Information),The Cigna Group,2020,Voluntary turnover rate,10,%,,,,,,,,
Healthy Workforce: Human Capital Development (Additional Human Capital Development Information),The Cigna Group,2024,Average hours of learning per employee,37,hours,,,,,,,,
Healthy Workforce: Human Capital Development (Additional Human Capital Development Information),The Cigna Group,2023,Average hours of learning per employee,30,hours,,,,,,,,
Healthy Workforce: Human Capital Development (Additional Human Capital Development Information),The Cigna Group,2022,Average hours of learning per employee,34,hours,,,,,,,,
Healthy Workforce: Human Capital Development (Additional Human Capital Development Information),The Cigna Group,2021,Average hours of learning per employee,27,hours,,,,,,,,
Healthy Workforce: Human Capital Development (Additional Human Capital Development Information),The Cigna Group,2020,Average hours of learning per employee,35,hours,,,,,,,,
Healthy Environment: Climate Change and Emissions,The Cigna Group,2024,Total GHG Scope 1 and 2 emissions (location-based),100342,mtCO2e,,,,,,,,
Healthy Environment: Climate Change and Emissions,The Cigna Group,2023,Total GHG Scope 1 and 2 emissions (location-based),101056,mtCO2e,Value corrected from prior reporting (Note 138),,,,,,,
Healthy Environment: Climate Change and Emissions,The Cigna Group,2022,Total GHG Scope 1 and 2 emissions (location-based),101424,mtCO2e,,,,,,,,
Healthy Environment: Climate Change and Emissions,The Cigna Group,2021,Total GHG Scope 1 and 2 emissions (location-based),111107,mtCO2e,,,,,,,,
Healthy Environment: Climate Change and Emissions,The Cigna Group,2020,Total GHG Scope 1 and 2 emissions (location-based),128949,mtCO2e,,,,,,,,
Healthy Environment: Climate Change and Emissions,The Cigna Group,2024,Total GHG Scope 1 and 2 emissions (market-based),45665,mtCO2e,,,,,,,,
Healthy Environment: Climate Change and Emissions,The Cigna Group,2023,Total GHG Scope 1 and 2 emissions (market-based),70524,mtCO2e,Value corrected from prior reporting (Note 138),,,,,,,
Healthy Environment: Climate Change and Emissions,The Cigna Group,2022,Total GHG Scope 1 and 2 emissions (market-based),74230,mtCO2e,,,,,,,,
Healthy Environment: Climate Change and Emissions,The Cigna Group,2021,Total GHG Scope 1 and 2 emissions (market-based),107133,mtCO2e,,,,,,,,
Healthy Environment: Climate Change and Emissions,The Cigna Group,2020,Total GHG Scope 1 and 2 emissions (market-based),128949,mtCO2e,,,,,,,,
Healthy Environment: Climate Change and Emissions,The Cigna Group,2024,Scope 1 emissions,22212,mtCO2e,,,,,,,,
Healthy Environment: Climate Change and Emissions,The Cigna Group,2023,Scope 1 emissions,16559,mtCO2e,,,,,,,,
Healthy Environment: Climate Change and Emissions,The Cigna Group,2022,Scope 1 emissions,14566,mtCO2e,,,,,,,,
Healthy Environment: Climate Change and Emissions,The Cigna Group,2021,Scope 1 emissions,12537,mtCO2e,,,,,,,,
Healthy Environment: Climate Change and Emissions,The Cigna Group,2020,Scope 1 emissions,12687,mtCO2e,,,,,,,,
Healthy Environment: Climate Change and Emissions,The Cigna Group,2024,Scope 2 emissions (location-based),78130,mtCO2e,,,,,,,,
Healthy Environment: Climate Change and Emissions,The Cigna Group,2023,Scope 2 emissions (location-based),84496,mtCO2e,,,,,,,,
Healthy Environment: Climate Change and Emissions,The Cigna Group,2022,Scope 2 emissions (location-based),86858,mtCO2e,,,,,,,,
Healthy Environment: Climate Change and Emissions,The Cigna Group,2021,Scope 2 emissions (location-based),98570,mtCO2e,,,,,,,,
Healthy Environment: Climate Change and Emissions,The Cigna Group,2020,Scope 2 emissions (location-based),116261,mtCO2e,,,,,,,,
Healthy Environment: Climate Change and Emissions,The Cigna Group,2024,Scope 2 emissions (market-based),23453,mtCO2e,,,,,,,,
Healthy Environment: Climate Change and Emissions,The Cigna Group,2023,Scope 2 emissions (market-based),53965,mtCO2e,,,,,,,,
Healthy Environment: Climate Change and Emissions,The Cigna Group,2022,Scope 2 emissions (market-based),59664,mtCO2e,,,,,,,,
Healthy Environment: Climate Change and Emissions,The Cigna Group,2021,Scope 2 emissions (market-based),94596,mtCO2e,,,,,,,,
Healthy Environment: Climate Change and Emissions,The Cigna Group,2020,Scope 2 emissions (market-based),116261,mtCO2e,,,,,,,,
Healthy Environment: Climate Change and Emissions,The Cigna Group,2024,Emissions intensity,0.011,mtCO2e/sq ft,Calculated using location-based emissions,,,,,,,
Healthy Environment: Climate Change and Emissions,The Cigna Group,2023,Emissions intensity,0.012,mtCO2e/sq ft,Value corrected from prior reporting (Note 138). Calculated using location-based emissions,,,,,,,
Healthy Environment: Climate Change and Emissions,The Cigna Group,2022,Emissions intensity,0.011,mtCO2e/sq ft,Calculated using location-based emissions,,,,,,,
Healthy Environment: Climate Change and Emissions,The Cigna Group,2021,Emissions intensity,0.01,mtCO2e/sq ft,Calculated using location-based emissions,,,,,,,
Healthy Environment: Climate Change and Emissions,The Cigna Group,2020,Emissions intensity,0.011,mtCO2e/sq ft,Calculated using location-based emissions,,,,,,,
Healthy Environment: Climate Change and Emissions,The Cigna Group,2024,Scope 3 emissions – 1 (purchased goods and services),6762857,mtCO2e,,,,,,,,
Healthy Environment: Climate Change and Emissions,The Cigna Group,2023,Scope 3 emissions – 1 (purchased goods and services),6847062,mtCO2e,,,,,,,,
Healthy Environment: Climate Change and Emissions,The Cigna Group,2024,Scope 3 emissions – 2 (capital goods),34027,mtCO2e,,,,,,,,
Healthy Environment: Climate Change and Emissions,The Cigna Group,2023,Scope 3 emissions – 2 (capital goods),60888,mtCO2e,,,,,,,,
Healthy Environment: Climate Change and Emissions,The Cigna Group,2024,Scope 3 emissions – 3 (fuel- and energy-related activities),19805,mtCO2e,,,,,,,,
Healthy Environment: Climate Change and Emissions,The Cigna Group,2023,Scope 3 emissions – 3 (fuel- and energy-related activities),23656,mtCO2e,,,,,,,,
Healthy Environment: Climate Change and Emissions,The Cigna Group,2024,Scope 3 emissions – 4 (upstream transportation and distribution),33418,mtCO2e,,,,,,,,
Healthy Environment: Climate Change and Emissions,The Cigna Group,2023,Scope 3 emissions – 4 (upstream transportation and distribution),84128,mtCO2e,,,,,,,,
Healthy Environment: Climate Change and Emissions,The Cigna Group,2024,Scope 3 emissions – 6 (business travel),18900,mtCO2e,,,,,,,,
Healthy Environment: Climate Change and Emissions,The Cigna Group,2023,Scope 3 emissions – 6 (business travel),18448,mtCO2e,Business travel calculation updated to include rental cars (Note 140),,,,,,,
Healthy Environment: Climate Change and Emissions,The Cigna Group,2022,Scope 3 emissions – 6 (business travel),10535,mtCO2e,,,,,,,,
Healthy Environment: Climate Change and Emissions,The Cigna Group,2021,Scope 3 emissions – 6 (business travel),2822,mtCO2e,,,,,,,,
Healthy Environment: Climate Change and Emissions,The Cigna Group,2020,Scope 3 emissions – 6 (business travel),8394,mtCO2e,,,,,,,,
Healthy Environment: Climate Change and Emissions,The Cigna Group,2024,Scope 3 emissions – 7 (employee commuting),77850,mtCO2e,,,,,,,,
Healthy Environment: Climate Change and Emissions,The Cigna Group,2023,Scope 3 emissions – 7 (employee commuting),76024,mtCO2e,,,,,,,,
Healthy Environment: Climate Change and Emissions,The Cigna Group,2024,Scope 3 emissions – 15 (investments),5475575,mtCO2e,,,,,,,,
Healthy Environment: Climate Change and Emissions,The Cigna Group,2023,Scope 3 emissions – 15 (investments),8479726,mtCO2e,Value restated due to updated methodology (Note 141),,,,,,,
Healthy Environment: Climate Change and Emissions,The Cigna Group,2024,Energy consumption,283044,MWh,,,,,,,,
Healthy Environment: Climate Change and Emissions,The Cigna Group,2023,Energy consumption,296453,MWh,Value corrected from prior reporting (Note 142),,,,,,,
Healthy Environment: Climate Change and Emissions,The Cigna Group,2022,Energy consumption,300497,MWh,,,,,,,,
Healthy Environment: Climate Change and Emissions,The Cigna Group,2021,Energy consumption,302627,MWh,,,,,,,,
Healthy Environment: Climate Change and Emissions,The Cigna Group,2020,Energy consumption,329733,MWh,,,,,,,,
Healthy Environment: Climate Change and Emissions,The Cigna Group,2024,Direct energy consumption,79960,MWh,,,,,,,,
Healthy Environment: Climate Change and Emissions,The Cigna Group,2023,Direct energy consumption,82767,MWh,Value corrected from prior reporting (Note 142),,,,,,,
Healthy Environment: Climate Change and Emissions,The Cigna Group,2022,Direct energy consumption,75078,MWh,,,,,,,,
Healthy Environment: Climate Change and Emissions,The Cigna Group,2021,Direct energy consumption,66038,MWh,,,,,,,,
Healthy Environment: Climate Change and Emissions,The Cigna Group,2020,Direct energy consumption,65622,MWh,,,,,,,,
Healthy Environment: Climate Change and Emissions,The Cigna Group,2024,Indirect energy consumption,203085,MWh,,,,,,,,
Healthy Environment: Climate Change and Emissions,The Cigna Group,2023,Indirect energy consumption,213686,MWh,,,,,,,,
Healthy Environment: Climate Change and Emissions,The Cigna Group,2022,Indirect energy consumption,225418,MWh,,,,,,,,
Healthy Environment: Climate Change and Emissions,The Cigna Group,2021,Indirect energy consumption,236589,MWh,,,,,,,,
Healthy Environment: Climate Change and Emissions,The Cigna Group,2020,Indirect energy consumption,262616,MWh,,,,,,,,
Healthy Environment: Climate Change and Emissions,The Cigna Group,2024,Energy intensity,0.032,MWh/sq ft,,,,,,,,
Healthy Environment: Climate Change and Emissions,The Cigna Group,2023,Energy intensity,0.034,MWh/sq ft,Value corrected from prior reporting (Note 142),,,,,,,
Healthy Environment: Climate Change and Emissions,The Cigna Group,2022,Energy intensity,0.033,MWh/sq ft,,,,,,,,
Healthy Environment: Climate Change and Emissions,The Cigna Group,2021,Energy intensity,0.029,MWh/sq ft,,,,,,,,
Healthy Environment: Climate Change and Emissions,The Cigna Group,2020,Energy intensity,0.03,MWh/sq ft,,,,,,,,
Healthy Environment: Sustainable Operations,The Cigna Group,2024,Global real estate footprint,9.2,M sq ft,Approximate value,,,,,,,
Healthy Environment: Sustainable Operations,The Cigna Group,2023,Global real estate footprint,9.2,M sq ft,Approximate value,,,,,,,
Healthy Environment: Sustainable Operations,The Cigna Group,2022,Global real estate footprint,9.8,M sq ft,Approximate value,,,,,,,
Healthy Environment: Sustainable Operations,The Cigna Group,2021,Global real estate footprint,11.9,M sq ft,Approximate value,,,,,,,
Healthy Environment: Sustainable Operations,The Cigna Group,2020,Global real estate footprint,11.1,M sq ft,Approximate value,,,,,,,
Healthy Environment: Sustainable Operations,The Cigna Group,2024,Water withdrawals,140148,kgal,Includes only international locations where primary data is available (Note 143),,,,,,,
Healthy Environment: Sustainable Operations,The Cigna Group,2023,Water withdrawals,129810,kgal,Includes only international locations where primary data is available (Note 143),,,,,,,
Healthy Environment: Sustainable Operations,The Cigna Group,2022,Water withdrawals,185956,kgal,Includes only international locations where primary data is available (Note 143),,,,,,,
Healthy Environment: Sustainable Operations,The Cigna Group,2021,Water withdrawals,187901,kgal,Includes only international locations where primary data is available (Note 143),,,,,,,
Healthy Environment: Sustainable Operations,The Cigna Group,2020,Water withdrawals,236662,kgal,Includes only international locations where primary data is available (Note 143),,,,,,,
Healthy Environment: Sustainable Operations,The Cigna Group,2024,Water intensity,0.016,kgal/sq ft,,,,,,,,
Healthy Environment: Sustainable Operations,The Cigna Group,2023,Water intensity,0.015,kgal/sq ft,,,,,,,,
Healthy Environment: Sustainable Operations,The Cigna Group,2022,Water intensity,0.02,kgal/sq ft,,,,,,,,
Healthy Environment: Sustainable Operations,The Cigna Group,2021,Water intensity,0.018,kgal/sq ft,,,,,,,,
Healthy Environment: Sustainable Operations,The Cigna Group,2020,Water intensity,0.021,kgal/sq ft,,,,,,,,
Healthy Company: Revenue,The Cigna Group,2024,Global revenue,247.1,$B,,,,,,,,
Healthy Company: Revenue,The Cigna Group,2023,Global revenue,195.3,$B,,,,,,,,
Healthy Company: Revenue,The Cigna Group,2022,Global revenue,180.5,$B,,,,,,,,
Healthy Company: Revenue,The Cigna Group,2021,Global revenue,174.1,$B,,,,,,,,
Healthy Company: Revenue,The Cigna Group,2020,Global revenue,160.4,$B,,,,,,,,
Healthy Company: Leadership and Accountability,The Cigna Group,2024,Independent directors,90,%,,,,,,,,
Healthy Company: Leadership and Accountability,The Cigna Group,2023,Independent directors,92,%,,,,,,,,
Healthy Company: Leadership and Accountability,The Cigna Group,2022,Independent directors,91,%,,,,,,,,
Healthy Company: Leadership and Accountability,The Cigna Group,2021,Independent directors,91,%,,,,,,,,
Healthy Company: Leadership and Accountability,The Cigna Group,2020,Independent directors,92,%,,,,,,,,
Healthy Company: Leadership and Accountability,The Cigna Group,2024,Independent female directors,40,%,,,,,,,,
Healthy Company: Leadership and Accountability,The Cigna Group,2023,Independent female directors,36,%,,,,,,,,
Healthy Company: Leadership and Accountability,The Cigna Group,2022,Independent female directors,40,%,,,,,,,,
Healthy Company: Leadership and Accountability,The Cigna Group,2021,Independent female directors,40,%,,,,,,,,
Healthy Company: Leadership and Accountability,The Cigna Group,2020,Independent female directors,27,%,,,,,,,,
Healthy Company: Leadership and Accountability,The Cigna Group,2024,Independent racially or ethnically diverse directors,40,%,,,,,,,,
Healthy Company: Leadership and Accountability,The Cigna Group,2023,Independent racially or ethnically diverse directors,36,%,,,,,,,,
Healthy Company: Leadership and Accountability,The Cigna Group,2022,Independent racially or ethnically diverse directors,30,%,,,,,,,,
Healthy Company: Leadership and Accountability,The Cigna Group,2021,Independent racially or ethnically diverse directors,30,%,,,,,,,,
Healthy Company: Leadership and Accountability,The Cigna Group,2020,Independent racially or ethnically diverse directors,27,%,,,,,,,,
Healthy Company: Leadership and Accountability,The Cigna Group,2024,Independent diverse directors,70,%,,,,,,,,
Healthy Company: Leadership and Accountability,The Cigna Group,2023,Independent diverse directors,64,%,,,,,,,,
Healthy Company: Leadership and Accountability,The Cigna Group,2022,Independent diverse directors,60,%,,,,,,,,
Healthy Company: Leadership and Accountability,The Cigna Group,2021,Independent diverse directors,60,%,,,,,,,,
Healthy Company: Leadership and Accountability,The Cigna Group,2020,Independent diverse directors,55,%,,,,,,,,
Healthy Company: Responsible Supply Chain,The Cigna Group,2024,Tier 1 diverse spend,1.3,$B,Approximate value,,,,,,,
Healthy Company: Responsible Supply Chain,The Cigna Group,2023,Tier 1 diverse spend,1.1,$B,Approximate value,,,,,,,
Healthy Company: Responsible Supply Chain,The Cigna Group,2022,Tier 1 diverse spend,662,$M,Approximate value,,,,,,,
Healthy Company: Responsible Supply Chain,The Cigna Group,2021,Tier 1 diverse spend,582,$M,Approximate value,,,,,,,
Healthy Company: Responsible Supply Chain,The Cigna Group,2020,Tier 1 diverse spend,520,$M,Approximate value,,,,,,,
Healthy Company: Responsible Supply Chain,The Cigna Group,2024,Tier 2 diverse spend,248,$M,Approximate value,,,,,,,
Healthy Company: Responsible Supply Chain,The Cigna Group,2023,Tier 2 diverse spend,293,$M,Approximate value,,,,,,,
Healthy Company: Responsible Supply Chain,The Cigna Group,2022,Tier 2 diverse spend,214,$M,Approximate value,,,,,,,
Healthy Company: Responsible Supply Chain,The Cigna Group,2021,Tier 2 diverse spend,182,$M,Approximate value,,,,,,,
Healthy Company: Responsible Supply Chain,The Cigna Group,2020,Tier 2 diverse spend,125,$M,Approximate value,,,,,,,
Healthy Company: Responsible Supply Chain,The Cigna Group,2024,Economic contributions delivered through direct indirect and induced channels,2.4,$B,Approximate value,,,,,,
Healthy Company: Responsible Supply Chain,The Cigna Group,2023,Economic contributions delivered through direct indirect and induced channels,2,$B,Approximate value,,,,,,
Healthy Company: Responsible Supply Chain,The Cigna Group,2022,Economic contributions delivered through direct indirect and induced channels,1.2,$B,Approximate value,,,,,,
Healthy Company: Responsible Supply Chain,The Cigna Group,2021,Economic contributions delivered through direct indirect and induced channels,1,$B,Approximate value,,,,,,
Healthy Company: Responsible Supply Chain,The Cigna Group,2020,Economic contributions delivered through direct indirect and induced channels,980,$M,Approximate value,,,,,,
Healthy Company: Responsible Supply Chain,The Cigna Group,2024,Jobs supported at small and diverse suppliers,5800,jobs,Approximate value,,,,,,,
Healthy Company: Responsible Supply Chain,The Cigna Group,2023,Jobs supported at small and diverse suppliers,4500,jobs,Approximate value,,,,,,,
Healthy Company: Responsible Supply Chain,The Cigna Group,2022,Jobs supported at small and diverse suppliers,2500,jobs,Approximate value,,,,,,,
Healthy Company: Responsible Supply Chain,The Cigna Group,2021,Jobs supported at small and diverse suppliers,3350,jobs,Approximate value,,,,,,,
Healthy Company: Responsible Supply Chain,The Cigna Group,2020,Jobs supported at small and diverse suppliers,3150,jobs,Approximate value,,,,,,,
Healthy Company: Responsible Supply Chain,The Cigna Group,2024,Earnings through jobs with small and diverse suppliers,700,$M,Approximate value,,,,,,,
Healthy Company: Responsible Supply Chain,The Cigna Group,2023,Earnings through jobs with small and diverse suppliers,576,$M,Approximate value,,,,,,,
Healthy Company: Responsible Supply Chain,The Cigna Group,2022,Earnings through jobs with small and diverse suppliers,262,$M,Approximate value,,,,,,,
Healthy Company: Responsible Supply Chain,The Cigna Group,2021,Earnings through jobs with small and diverse suppliers,195,$M,Approximate value,,,,,,,
Healthy Company: Responsible Supply Chain,The Cigna Group,2020,Earnings through jobs with small and diverse suppliers,190,$M,Approximate value,,,,,,,
ENVIRONMENTAL,CJ ENM,2022,Amount of Eco-Friendly Purchases,1221),KRW 1M,1) Figures have been revised from previous disclosures due to data entry errors in 2022 and 2023.,,,,,,,
ENVIRONMENTAL,CJ ENM,2023,Amount of Eco-Friendly Purchases,2171),KRW 1M,1) Figures have been revised from previous disclosures due to data entry errors in 2022 and 2023.,,,,,,,
ENVIRONMENTAL,CJ ENM,2024,Amount of Eco-Friendly Purchases,67,KRW 1M,,,,,,,,
ENVIRONMENTAL,CJ ENM,2022,Number of Environmental Law and Regulation Violations,0,Case,,,,,,,,
ENVIRONMENTAL,CJ ENM,2023,Number of Environmental Law and Regulation Violations,0,Case,,,,,,,,
ENVIRONMENTAL,CJ ENM,2024,Number of Environmental Law and Regulation Violations,0,Case,,,,,,,,
ENVIRONMENTAL,CJ ENM,2022,Cost of Investing in Eco-Friendly Business,6521,KRW 1M,,,,,,,
ENVIRONMENTAL,CJ ENM,2023,Cost of Investing in Eco-Friendly Business,40,KRW 1M,,,,,,,,
ENVIRONMENTAL,CJ ENM,2024,Cost of Investing in Eco-Friendly Business,0,KRW 1M,,,,,,,,
ENVIRONMENTAL,CJ ENM,2022,Water Withdrawal - Total water withdrawal,84617,Ton(m3),,,,,,,
ENVIRONMENTAL,CJ ENM,2023,Water Withdrawal - Total water withdrawal,98071,Ton(m3),,,,,,,
ENVIRONMENTAL,CJ ENM,2024,Water Withdrawal - Total water withdrawal,115029,Ton(m3),,,,,,,
ENVIRONMENTAL,CJ ENM,2022,Water Withdrawal - Tap water usage,84617,Ton(m3),,,,,,,
ENVIRONMENTAL,CJ ENM,2023,Water Withdrawal - Tap water usage,98071,Ton(m3),,,,,,,
ENVIRONMENTAL,CJ ENM,2024,Water Withdrawal - Tap water usage,115029,Ton(m3),,,,,,,
ENVIRONMENTAL,CJ ENM,2022,Water Withdrawal - Domestic water usage,84617,Ton(m3),,,,,,,
ENVIRONMENTAL,CJ ENM,2023,Water Withdrawal - Domestic water usage,98071,Ton(m3),,,,,,,
ENVIRONMENTAL,CJ ENM,2024,Water Withdrawal - Domestic water usage,115029,Ton(m3),,,,,,,
ENVIRONMENTAL,CJ ENM,2022,Water Withdrawal - Industrial water usage,0,Ton(m3),,,,,,,,
ENVIRONMENTAL,CJ ENM,2023,Water Withdrawal - Industrial water usage,0,Ton(m3),,,,,,,,
ENVIRONMENTAL,CJ ENM,2024,Water Withdrawal - Industrial water usage,0,Ton(m3),,,,,,,,
ENVIRONMENTAL,CJ ENM,2022,Water Withdrawal - Recycled water usage,0,Ton(m3),,,,,,,,
ENVIRONMENTAL,CJ ENM,2023,Water Withdrawal - Recycled water usage,0,Ton(m3),,,,,,,,
ENVIRONMENTAL,CJ ENM,2024,Water Withdrawal - Recycled water usage,0,Ton(m3),,,,,,,,
ENVIRONMENTAL,CJ ENM,2022,Water Withdrawal - Surface water usage,0,Ton(m3),,,,,,,,
ENVIRONMENTAL,CJ ENM,2023,Water Withdrawal - Surface water usage,0,Ton(m3),,,,,,,,
ENVIRONMENTAL,CJ ENM,2024,Water Withdrawal - Surface water usage,0,Ton(m3),,,,,,,,
ENVIRONMENTAL,CJ ENM,2022,Water Withdrawal - Groundwater usage,0,Ton(m3),,,,,,,,
ENVIRONMENTAL,CJ ENM,2023,Water Withdrawal - Groundwater usage,0,Ton(m3),,,,,,,,
ENVIRONMENTAL,CJ ENM,2024,Water Withdrawal - Groundwater usage,0,Ton(m3),,,,,,,,
ENVIRONMENTAL,CJ ENM,2022,Water Withdrawal - Seawater usage,0,Ton(m3),,,,,,,,
ENVIRONMENTAL,CJ ENM,2023,Water Withdrawal - Seawater usage,0,Ton(m3),,,,,,,,
ENVIRONMENTAL,CJ ENM,2024,Water Withdrawal - Seawater usage,0,Ton(m3),,,,,,,,
ENVIRONMENTAL,CJ ENM,2022,Water Withdrawal - Rainwater usage,0,Ton(m3),,,,,,,,
ENVIRONMENTAL,CJ ENM,2023,Water Withdrawal - Rainwater usage,0,Ton(m3),,,,,,,,
ENVIRONMENTAL,CJ ENM,2024,Water Withdrawal - Rainwater usage,0,Ton(m3),,,,,,,,
ENVIRONMENTAL,CJ ENM,2022,Water Recycled - Total volume of water recycled and reused,10601,Ton(m3),,,,,,,
ENVIRONMENTAL,CJ ENM,2023,Water Recycled - Total volume of water recycled and reused,7399,Ton(m3),,,,,,,
ENVIRONMENTAL,CJ ENM,2024,Water Recycled - Total volume of water recycled and reused,5044,Ton(m3),,,,,,,
ENVIRONMENTAL,CJ ENM,2022,Water Usage - Total water usage,95218,Ton(m3),,,,,,,
ENVIRONMENTAL,CJ ENM,2023,Water Usage - Total water usage,105470,Ton(m3),,,,,,,
ENVIRONMENTAL,CJ ENM,2024,Water Usage - Total water usage,120073,Ton(m3),,,,,,,
ENVIRONMENTAL,CJ ENM,2022,Water Discharged - Volume discharged,84617,Ton(m3),,,,,,,
ENVIRONMENTAL,CJ ENM,2023,Water Discharged - Volume discharged,98071,Ton(m3),,,,,,,
ENVIRONMENTAL,CJ ENM,2024,Water Discharged - Volume discharged,115029,Ton(m3),,,,,,,
ENVIRONMENTAL,CJ ENM,2022,Water Consumed - Total water consumed,0,Ton(m3),,,,,,,,
ENVIRONMENTAL,CJ ENM,2023,Water Consumed - Total water consumed,0,Ton(m3),,,,,,,,
ENVIRONMENTAL,CJ ENM,2024,Water Consumed - Total water consumed,0,Ton(m3),,,,,,,,
ENVIRONMENTAL,CJ ENM,2022,Water Recycling Ratio,12.53,%,,,,,,,,
ENVIRONMENTAL,CJ ENM,2023,Water Recycling Ratio,7.54,%,,,,,,,,
ENVIRONMENTAL,CJ ENM,2024,Water Recycling Ratio,4.38,%,,,,,,,,
ENVIRONMENTAL,CJ ENM,2022,Water Recycling Rate,11.13,%,,,,,,,,
ENVIRONMENTAL,CJ ENM,2023,Water Recycling Rate,7.02,%,,,,,,,,
ENVIRONMENTAL,CJ ENM,2024,Water Recycling Rate,4.20,%,,,,,,,
ENVIRONMENTAL,CJ ENM,2022,Percentage of Water Withdrawal in Water-Stressed Areas,100,%,,,,,,,,
ENVIRONMENTAL,CJ ENM,2023,Percentage of Water Withdrawal in Water-Stressed Areas,0.001),%,"1) The Water Stress Index for Seoul and Gyeonggi Province, where CJ ENM business sites are located, was revised downward.",,,,,,,
ENVIRONMENTAL,CJ ENM,2024,Percentage of Water Withdrawal in Water-Stressed Areas,0.001),%,"1) The Water Stress Index for Seoul and Gyeonggi Province, where CJ ENM business sites are located, was revised downward.",,,,,,,
ENVIRONMENTAL,CJ ENM,2022,Percentage of Water Consumption in Water-Stressed Areas,0,%,,,,,,,,
ENVIRONMENTAL,CJ ENM,2023,Percentage of Water Consumption in Water-Stressed Areas,0,%,,,,,,,,
ENVIRONMENTAL,CJ ENM,2024,Percentage of Water Consumption in Water-Stressed Areas,0,%,,,,,,,,
ENVIRONMENTAL,CJ ENM,2022,Total Amount of Wastes Generated - Total amount of wastes generated,229,Ton,,,,,,,,
ENVIRONMENTAL,CJ ENM,2023,Total Amount of Wastes Generated - Total amount of wastes generated,231,Ton,,,,,,,,
ENVIRONMENTAL,CJ ENM,2024,Total Amount of Wastes Generated - Total amount of wastes generated,234,Ton,,,,,,,,
ENVIRONMENTAL,CJ ENM,2022,Total Amount of Wastes Generated - Total general waste,229,Ton,,,,,,,,
ENVIRONMENTAL,CJ ENM,2023,Total Amount of Wastes Generated - Total general waste,231,Ton,,,,,,,,
ENVIRONMENTAL,CJ ENM,2024,Total Amount of Wastes Generated - Total general waste,234,Ton,,,,,,,,
ENVIRONMENTAL,CJ ENM,2022,Total Amount of Wastes Generated - Total designated waste,0,Ton,,,,,,,,
ENVIRONMENTAL,CJ ENM,2023,Total Amount of Wastes Generated - Total designated waste,0,Ton,,,,,,,,
ENVIRONMENTAL,CJ ENM,2024,Total Amount of Wastes Generated - Total designated waste,0,Ton,,,,,,,,
ENVIRONMENTAL,CJ ENM,2022,Waste Generation Intensity,0.01,Ton/KRW 100M,1) Waste generation intensity denominator: based on revenue,,,,,,,
ENVIRONMENTAL,CJ ENM,2023,Waste Generation Intensity,0.01,Ton/KRW 100M,1) Waste generation intensity denominator: based on revenue,,,,,,,
ENVIRONMENTAL,CJ ENM,2024,Waste Generation Intensity,0.01,Ton/KRW 100M,1) Waste generation intensity denominator: based on revenue,,,,,,,
ENVIRONMENTAL,CJ ENM,2022,Waste processed – Recycled - Volume of general waste recycled,216,Ton,,,,,,,,
ENVIRONMENTAL,CJ ENM,2023,Waste processed – Recycled - Volume of general waste recycled,222,Ton,,,,,,,,
ENVIRONMENTAL,CJ ENM,2024,Waste processed – Recycled - Volume of general waste recycled,220,Ton,,,,,,,,
ENVIRONMENTAL,CJ ENM,2022,Waste processed – Recycled - Volume of designated wastes recycled,0,Ton,,,,,,,,
ENVIRONMENTAL,CJ ENM,2023,Waste processed – Recycled - Volume of designated wastes recycled,0,Ton,,,,,,,,
ENVIRONMENTAL,CJ ENM,2024,Waste processed – Recycled - Volume of designated wastes recycled,0,Ton,,,,,,,,
ENVIRONMENTAL,CJ ENM,2022,Waste Processed – Incinerated(Energy not Recovered) - Volume of general waste incinerated(energy not recovered),8,Ton,,,,,,,,
ENVIRONMENTAL,CJ ENM,2023,Waste Processed – Incinerated(Energy not Recovered) - Volume of general waste incinerated(energy not recovered),5,Ton,,,,,,,,
ENVIRONMENTAL,CJ ENM,2024,Waste Processed – Incinerated(Energy not Recovered) - Volume of general waste incinerated(energy not recovered),8,Ton,,,,,,,,
ENVIRONMENTAL,CJ ENM,2022,Waste Processed – Incinerated(Energy not Recovered) - Volume of designated wastes incinerated(energy not recovered),0,Ton,,,,,,,,
ENVIRONMENTAL,CJ ENM,2023,Waste Processed – Incinerated(Energy not Recovered) - Volume of designated wastes incinerated(energy not recovered),0,Ton,,,,,,,,
ENVIRONMENTAL,CJ ENM,2024,Waste Processed – Incinerated(Energy not Recovered) - Volume of designated wastes incinerated(energy not recovered),0,Ton,,,,,,,,
ENVIRONMENTAL,CJ ENM,2022,Waste Processed – Incinerated(Energy Recovered) - Volume of general waste incinerated(energy recovered),0,Ton,,,,,,,,
ENVIRONMENTAL,CJ ENM,2023,Waste Processed – Incinerated(Energy Recovered) - Volume of general waste incinerated(energy recovered),0,Ton,,,,,,,,
ENVIRONMENTAL,CJ ENM,2024,Waste Processed – Incinerated(Energy Recovered) - Volume of general waste incinerated(energy recovered),0,Ton,,,,,,,,
ENVIRONMENTAL,CJ ENM,2022,Waste Processed – Incinerated(Energy Recovered) - Volume of designated wastes incinerated(energy recovered),0,Ton,,,,,,,,
ENVIRONMENTAL,CJ ENM,2023,Waste Processed – Incinerated(Energy Recovered) - Volume of designated wastes incinerated(energy recovered),0,Ton,,,,,,,,
ENVIRONMENTAL,CJ ENM,2024,Waste Processed – Incinerated(Energy Recovered) - Volume of designated wastes incinerated(energy recovered),0,Ton,,,,,,,,
ENVIRONMENTAL,CJ ENM,2022,Waste Processed – Landfilled - Volume of general waste landfilled,5,Ton,,,,,,,,
ENVIRONMENTAL,CJ ENM,2023,Waste Processed – Landfilled - Volume of general waste landfilled,4,Ton,,,,,,,,
ENVIRONMENTAL,CJ ENM,2024,Waste Processed – Landfilled - Volume of general waste landfilled,7,Ton,,,,,,,,
ENVIRONMENTAL,CJ ENM,2022,Waste Processed – Landfilled - Volume of designated wastes landfilled,0,Ton,,,,,,,,
ENVIRONMENTAL,CJ ENM,2023,Waste Processed – Landfilled - Volume of designated wastes landfilled,0,Ton,,,,,,,,
ENVIRONMENTAL,CJ ENM,2024,Waste Processed – Landfilled - Volume of designated wastes landfilled,0,Ton,,,,,,,,
ENVIRONMENTAL,CJ ENM,2022,Waste Processed – Other Methods - Volume of general waste processed by other methods,0,Ton,,,,,,,,
ENVIRONMENTAL,CJ ENM,2023,Waste Processed – Other Methods - Volume of general waste processed by other methods,0,Ton,,,,,,,,
ENVIRONMENTAL,CJ ENM,2024,Waste Processed – Other Methods - Volume of general waste processed by other methods,0,Ton,,,,,,,,
ENVIRONMENTAL,CJ ENM,2022,Waste Processed – Other Methods - Volume of designated wastes processed by other methods,0,Ton,,,,,,,,
ENVIRONMENTAL,CJ ENM,2023,Waste Processed – Other Methods - Volume of designated wastes processed by other methods,0,Ton,,,,,,,,
ENVIRONMENTAL,CJ ENM,2024,Waste Processed – Other Methods - Volume of designated wastes processed by other methods,0,Ton,,,,,,,,
ENVIRONMENTAL,CJ ENM,2022,Total Usage of Packaging Materials (Primary and Secondary Packaging) - Total weight of packaging used,N/A,Ton,,,,,,,,
ENVIRONMENTAL,CJ ENM,2023,Total Usage of Packaging Materials (Primary and Secondary Packaging) - Total weight of packaging used,N/A,Ton,,,,,,,,
ENVIRONMENTAL,CJ ENM,2024,Total Usage of Packaging Materials (Primary and Secondary Packaging) - Total weight of packaging used,N/A,Ton,,,,,,,,
ENVIRONMENTAL,CJ ENM,2022,Total Usage of Packaging Materials (Primary and Secondary Packaging) - The weight of paper used,N/A,Ton,,,,,,,,
ENVIRONMENTAL,CJ ENM,2023,Total Usage of Packaging Materials (Primary and Secondary Packaging) - The weight of paper used,N/A,Ton,,,,,,,,
ENVIRONMENTAL,CJ ENM,2024,Total Usage of Packaging Materials (Primary and Secondary Packaging) - The weight of paper used,N/A,Ton,,,,,,,,
ENVIRONMENTAL,CJ ENM,2022,Total Usage of Packaging Materials (Primary and Secondary Packaging) - The weight of plastics used,N/A,Ton,,,,,,,,
ENVIRONMENTAL,CJ ENM,2023,Total Usage of Packaging Materials (Primary and Secondary Packaging) - The weight of plastics used,N/A,Ton,,,,,,,,
ENVIRONMENTAL,CJ ENM,2024,Total Usage of Packaging Materials (Primary and Secondary Packaging) - The weight of plastics used,N/A,Ton,,,,,,,,
ENVIRONMENTAL,CJ ENM,2022,Total Usage of Packaging Materials (Primary and Secondary Packaging) - The weight of metals used,N/A,Ton,,,,,,,,
ENVIRONMENTAL,CJ ENM,2023,Total Usage of Packaging Materials (Primary and Secondary Packaging) - The weight of metals used,N/A,Ton,,,,,,,,
ENVIRONMENTAL,CJ ENM,2024,Total Usage of Packaging Materials (Primary and Secondary Packaging) - The weight of metals used,N/A,Ton,,,,,,,,
ENVIRONMENTAL,CJ ENM,2022,Total Usage of Packaging Materials (Primary and Secondary Packaging) - The weight of glass used,N/A,Ton,,,,,,,,
ENVIRONMENTAL,CJ ENM,2023,Total Usage of Packaging Materials (Primary and Secondary Packaging) - The weight of glass used,N/A,Ton,,,,,,,,
ENVIRONMENTAL,CJ ENM,2024,Total Usage of Packaging Materials (Primary and Secondary Packaging) - The weight of glass used,N/A,Ton,,,,,,,,
ENVIRONMENTAL,CJ ENM,2022,Total Usage of Packaging Materials (Primary and Secondary Packaging) - The weight of other materials used,N/A,Ton,,,,,,,,
ENVIRONMENTAL,CJ ENM,2023,Total Usage of Packaging Materials (Primary and Secondary Packaging) - The weight of other materials used,N/A,Ton,,,,,,,,
ENVIRONMENTAL,CJ ENM,2024,Total Usage of Packaging Materials (Primary and Secondary Packaging) - The weight of other materials used,N/A,Ton,,,,,,,,
ENVIRONMENTAL,CJ ENM,2022,Water Pollutant Emissions - Biochemical Oxygen Demand(BOD),0.0000031),Ton(m3),1) Figures have been revised from previous disclosures due to unit conversion errors in the 2022 and 2023 data.,,,,,,,
ENVIRONMENTAL,CJ ENM,2023,Water Pollutant Emissions - Biochemical Oxygen Demand(BOD),0.0000061),Ton(m3),1) Figures have been revised from previous disclosures due to unit conversion errors in the 2022 and 2023 data.,,,,,,,
ENVIRONMENTAL,CJ ENM,2024,Water Pollutant Emissions - Biochemical Oxygen Demand(BOD),0.000003,Ton(m3),,,,,,,,
ENVIRONMENTAL,CJ ENM,2022,Water Pollutant Emissions - Chemical Oxygen Demand(COD),N/A,Ton(m3),,,,,,,,
ENVIRONMENTAL,CJ ENM,2023,Water Pollutant Emissions - Chemical Oxygen Demand(COD),N/A,Ton(m3),,,,,,,,
ENVIRONMENTAL,CJ ENM,2024,Water Pollutant Emissions - Chemical Oxygen Demand(COD),N/A,Ton(m3),,,,,,,,
ENVIRONMENTAL,CJ ENM,2022,Water Pollutant Emissions - Total Organic Carbon(TOC),N/A,Ton(m3),,,,,,,,
ENVIRONMENTAL,CJ ENM,2023,Water Pollutant Emissions - Total Organic Carbon(TOC),N/A,Ton(m3),,,,,,,,
ENVIRONMENTAL,CJ ENM,2024,Water Pollutant Emissions - Total Organic Carbon(TOC),N/A,Ton(m3),,,,,,,,
ENVIRONMENTAL,CJ ENM,2022,Water Pollutant Emissions - Suspended Solids(SS),N/A,Ton(m3),,,,,,,,
ENVIRONMENTAL,CJ ENM,2023,Water Pollutant Emissions - Suspended Solids(SS),N/A,Ton(m3),,,,,,,,
ENVIRONMENTAL,CJ ENM,2024,Water Pollutant Emissions - Suspended Solids(SS),N/A,Ton(m3),,,,,,,,
ENVIRONMENTAL,CJ ENM,2022,Water Pollutant Emissions - Total Nitrogen(T-N),N/A,Ton(m3),,,,,,,,
ENVIRONMENTAL,CJ ENM,2023,Water Pollutant Emissions - Total Nitrogen(T-N),N/A,Ton(m3),,,,,,,,
ENVIRONMENTAL,CJ ENM,2024,Water Pollutant Emissions - Total Nitrogen(T-N),N/A,Ton(m3),,,,,,,,
ENVIRONMENTAL,CJ ENM,2022,Air Pollutant Emissions - NOx,0.259,Ton,,,,,,,,
ENVIRONMENTAL,CJ ENM,2023,Air Pollutant Emissions - NOx,0.22402),Ton,2) Figures have been revised from previous disclosures due to the application of a revised emissions calculation formula in 2023.,,,,,,,
ENVIRONMENTAL,CJ ENM,2024,Air Pollutant Emissions - NOx,0.14863),Ton,3) Pollutant emission reductions in 2024 due to boiler equipment replacement.,,,,,,,
ENVIRONMENTAL,CJ ENM,2022,Air Pollutant Emissions - SOx,0.0093,Ton,,,,,,,,
ENVIRONMENTAL,CJ ENM,2023,Air Pollutant Emissions - SOx,0.02202),Ton,2) Figures have been revised from previous disclosures due to the application of a revised emissions calculation formula in 2023.,,,,,,,
ENVIRONMENTAL,CJ ENM,2024,Air Pollutant Emissions - SOx,0.00093),Ton,3) Pollutant emission reductions in 2024 due to boiler equipment replacement.,,,,,,,
ENVIRONMENTAL,CJ ENM,2022,Air Pollutant Emissions - Dust,0.0026,Ton,,,,,,,,
ENVIRONMENTAL,CJ ENM,2023,Air Pollutant Emissions - Dust,0.00522),Ton,2) Figures have been revised from previous disclosures due to the application of a revised emissions calculation formula in 2023.,,,,,,,
ENVIRONMENTAL,CJ ENM,2024,Air Pollutant Emissions - Dust,0.00383),Ton,3) Pollutant emission reductions in 2024 due to boiler equipment replacement.,,,,,,,
ENVIRONMENTAL,CJ ENM,2022,Air Pollutant Emissions - Carbon Monoxide(CO),N/A,Ton,,,,,,,,
ENVIRONMENTAL,CJ ENM,2023,Air Pollutant Emissions - Carbon Monoxide(CO),N/A,Ton,,,,,,,,
ENVIRONMENTAL,CJ ENM,2024,Air Pollutant Emissions - Carbon Monoxide(CO),N/A,Ton,,,,,,,,
ENVIRONMENTAL,CJ ENM,2022,Air Pollutant Emissions - Heavy metal,N/A,Ton,,,,,,,,
ENVIRONMENTAL,CJ ENM,2023,Air Pollutant Emissions - Heavy metal,N/A,Ton,,,,,,,,
ENVIRONMENTAL,CJ ENM,2024,Air Pollutant Emissions - Heavy metal,N/A,Ton,,,,,,,,
ENVIRONMENTAL,CJ ENM,2022,Air Pollutant Emissions - Ammonia(NH3),N/A,Ton,,,,,,,,
ENVIRONMENTAL,CJ ENM,2023,Air Pollutant Emissions - Ammonia(NH3),N/A,Ton,,,,,,,,
ENVIRONMENTAL,CJ ENM,2024,Air Pollutant Emissions - Ammonia(NH3),N/A,Ton,,,,,,,,
ENVIRONMENTAL,CJ ENM,2022,Air Pollutant Emissions - Volatile Organic Compounds(VOCs),N/A,Ton,,,,,,,,
ENVIRONMENTAL,CJ ENM,2023,Air Pollutant Emissions - Volatile Organic Compounds(VOCs),N/A,Ton,,,,,,,,
ENVIRONMENTAL,CJ ENM,2024,Air Pollutant Emissions - Volatile Organic Compounds(VOCs),N/A,Ton,,,,,,,,
ENVIRONMENTAL,CJ ENM,2022,Air Pollutant Emissions - Persistent Organic Pollutants(POPs),N/A,Ton,,,,,,,,
ENVIRONMENTAL,CJ ENM,2023,Air Pollutant Emissions - Persistent Organic Pollutants(POPs),N/A,Ton,,,,,,,,
ENVIRONMENTAL,CJ ENM,2024,Air Pollutant Emissions - Persistent Organic Pollutants(POPs),N/A,Ton,,,,,,,,
SOCIAL,CJ ENM,2022,Total Number of Employees - Total number of employees,3469,Person,1) Human resources data is aggregated on a head-count basis.,,,,,,
SOCIAL,CJ ENM,2023,Total Number of Employees - Total number of employees,3063,Person,1) Human resources data is aggregated on a head-count basis.,,,,,,
SOCIAL,CJ ENM,2024,Total Number of Employees - Total number of employees,3025,Person,1) Human resources data is aggregated on a head-count basis.,,,,,,
SOCIAL,CJ ENM,2022,Total Number of Employees - Employees without fixed term contracts,3389,Person,1) Human resources data is aggregated on a head-count basis.,,,,,,
SOCIAL,CJ ENM,2023,Total Number of Employees - Employees without fixed term contracts,2993,Person,1) Human resources data is aggregated on a head-count basis.,,,,,,
SOCIAL,CJ ENM,2024,Total Number of Employees - Employees without fixed term contracts,2949,Person,1) Human resources data is aggregated on a head-count basis.,,,,,,
SOCIAL,CJ ENM,2022,Total Number of Employees - Employees with fixed term contracts,26,Person,1) Human resources data is aggregated on a head-count basis.,,,,,,,
SOCIAL,CJ ENM,2023,Total Number of Employees - Employees with fixed term contracts,25,Person,1) Human resources data is aggregated on a head-count basis.,,,,,,,
SOCIAL,CJ ENM,2024,Total Number of Employees - Employees with fixed term contracts,33,Person,1) Human resources data is aggregated on a head-count basis.,,,,,,,
SOCIAL,CJ ENM,2022,Total Number of Employees - Executives(* registered + unregistered),54,Person,1) Human resources data is aggregated on a head-count basis.,,,,,,,
SOCIAL,CJ ENM,2023,Total Number of Employees - Executives(* registered + unregistered),45,Person,1) Human resources data is aggregated on a head-count basis.,,,,,,,
SOCIAL,CJ ENM,2024,Total Number of Employees - Executives(* registered + unregistered),43,Person,1) Human resources data is aggregated on a head-count basis.,,,,,,,
SOCIAL,CJ ENM,2022,Composition of Employees by Gender - Male,1402,Person,1) Human resources data is aggregated on a head-count basis.,,,,,,
SOCIAL,CJ ENM,2023,Composition of Employees by Gender - Male,1193,Person,1) Human resources data is aggregated on a head-count basis.,,,,,,
SOCIAL,CJ ENM,2024,Composition of Employees by Gender - Male,1146,Person,1) Human resources data is aggregated on a head-count basis.,,,,,,
SOCIAL,CJ ENM,2022,Composition of Employees by Gender - Female,2067,Person,1) Human resources data is aggregated on a head-count basis.,,,,,,
SOCIAL,CJ ENM,2023,Composition of Employees by Gender - Female,1870,Person,1) Human resources data is aggregated on a head-count basis.,,,,,,
SOCIAL,CJ ENM,2024,Composition of Employees by Gender - Female,1879,Person,1) Human resources data is aggregated on a head-count basis.,,,,,,
SOCIAL,CJ ENM,2022,Composition of Employees by Age Group - Under 30,817,Person,1) Human resources data is aggregated on a head-count basis.,,,,,,,
SOCIAL,CJ ENM,2023,Composition of Employees by Age Group - Under 30,590,Person,1) Human resources data is aggregated on a head-count basis.,,,,,,,
SOCIAL,CJ ENM,2024,Composition of Employees by Age Group - Under 30,505,Person,1) Human resources data is aggregated on a head-count basis.,,,,,,,
SOCIAL,CJ ENM,2022,Composition of Employees by Age Group - 30–50,2564,Person,1) Human resources data is aggregated on a head-count basis.,,,,,,
SOCIAL,CJ ENM,2023,Composition of Employees by Age Group - 30–50,2374,Person,1) Human resources data is aggregated on a head-count basis.,,,,,,
SOCIAL,CJ ENM,2024,Composition of Employees by Age Group - 30–50,2425,Person,1) Human resources data is aggregated on a head-count basis.,,,,,,
SOCIAL,CJ ENM,2022,Composition of Employees by Age Group - Over 50,88,Person,1) Human resources data is aggregated on a head-count basis.,,,,,,,
SOCIAL,CJ ENM,2023,Composition of Employees by Age Group - Over 50,99,Person,1) Human resources data is aggregated on a head-count basis.,,,,,,,
SOCIAL,CJ ENM,2024,Composition of Employees by Age Group - Over 50,95,Person,1) Human resources data is aggregated on a head-count basis.,,,,,,,
SOCIAL,CJ ENM,2022,Total Number of New Hires - Total number of new hires,557,Person,,,,,,,,
SOCIAL,CJ ENM,2023,Total Number of New Hires - Total number of new hires,203,Person,,,,,,,,
SOCIAL,CJ ENM,2024,Total Number of New Hires - Total number of new hires,346,Person,,,,,,,,
SOCIAL,CJ ENM,2022,Composition of New Hires by Age Group - Under 30,226,Person,,,,,,,,
SOCIAL,CJ ENM,2023,Composition of New Hires by Age Group - Under 30,90,Person,,,,,,,,
SOCIAL,CJ ENM,2024,Composition of New Hires by Age Group - Under 30,129,Person,,,,,,,,
SOCIAL,CJ ENM,2022,Composition of New Hires by Age Group - 30–50,323,Person,,,,,,,,
SOCIAL,CJ ENM,2023,Composition of New Hires by Age Group - 30–50,109,Person,,,,,,,,
SOCIAL,CJ ENM,2024,Composition of New Hires by Age Group - 30–50,215,Person,,,,,,,,
SOCIAL,CJ ENM,2022,Composition of New Hires by Age Group - Over 50,8,Person,,,,,,,,
SOCIAL,CJ ENM,2023,Composition of New Hires by Age Group - Over 50,4,Person,,,,,,,,
SOCIAL,CJ ENM,2024,Composition of New Hires by Age Group - Over 50,2,Person,,,,,,,,
SOCIAL,CJ ENM,2022,Composition of New Hires by Gender - Male,187,Person,,,,,,,,
SOCIAL,CJ ENM,2023,Composition of New Hires by Gender - Male,59,Person,,,,,,,,
SOCIAL,CJ ENM,2024,Composition of New Hires by Gender - Male,111,Person,,,,,,,,
SOCIAL,CJ ENM,2022,Composition of New Hires by Gender - Female,370,Person,,,,,,,,
SOCIAL,CJ ENM,2023,Composition of New Hires by Gender - Female,144,Person,,,,,,,,
SOCIAL,CJ ENM,2024,Composition of New Hires by Gender - Female,235,Person,,,,,,,,
SOCIAL,CJ ENM,2022,Turnover Rate - Voluntary turnover rate,10.06,%,,,,,,,,
SOCIAL,CJ ENM,2023,Turnover Rate - Voluntary turnover rate,10.77,%,,,,,,,,
SOCIAL,CJ ENM,2024,Turnover Rate - Voluntary turnover rate,7.8,%,,,,,,,,
SOCIAL,CJ ENM,2022,Turnover Rate - Involuntary turnover rate,0.72,%,,,,,,,,
SOCIAL,CJ ENM,2023,Turnover Rate - Involuntary turnover rate,4.28,%,,,,,,,,
SOCIAL,CJ ENM,2024,Turnover Rate - Involuntary turnover rate,3.24,%,,,,,,,,
SOCIAL,CJ ENM,2022,Employee Engagement,0.74,%,,,,,,,,
SOCIAL,CJ ENM,2023,Employee Engagement,0.75,%,,,,,,,,
SOCIAL,CJ ENM,2024,Employee Engagement,0.51),%,1) Numbers may vary due to changes in baseline standards as of 2024,,,,,,,
SOCIAL,CJ ENM,2022,Employee Training Hour,26,Hour per person,,,,,,,,
SOCIAL,CJ ENM,2023,Employee Training Hour,36,Hour per person,,,,,,,,
SOCIAL,CJ ENM,2024,Employee Training Hour,36,Hour per person,,,,,,,,
SOCIAL,CJ ENM,2022,Employee Training Cost,75,KRW 10K per person,,,,,,,,
SOCIAL,CJ ENM,2023,Employee Training Cost,58,KRW 10K per person,,,,,,,,
SOCIAL,CJ ENM,2024,Employee Training Cost,72),KRW 10K per person,"2) From 2024, training expenses to be recorded in the business report as a new reporting standard",,,,,,,
SOCIAL,CJ ENM,2022,Employee Injury Rate - Number of injured workers(occupational accidents),0,Person,1) Including work-related injuries,,,,,,,
SOCIAL,CJ ENM,2023,Employee Injury Rate - Number of injured workers(occupational accidents),1,Person,1) Including work-related injuries,,,,,,,
SOCIAL,CJ ENM,2024,Employee Injury Rate - Number of injured workers(occupational accidents),1,Person,1) Including work-related injuries,,,,,,,
SOCIAL,CJ ENM,2022,Employee Injury Rate - Number of injured workers(occupational illnesses),1,Person,1) Including work-related injuries,,,,,,,
SOCIAL,CJ ENM,2023,Employee Injury Rate - Number of injured workers(occupational illnesses),0,Person,1) Including work-related injuries,,,,,,,
SOCIAL,CJ ENM,2024,Employee Injury Rate - Number of injured workers(occupational illnesses),0,Person,1) Including work-related injuries,,,,,,,
SOCIAL,CJ ENM,2022,Employee injury rate,0.03,%,,,,,,,,
SOCIAL,CJ ENM,2023,Employee injury rate,0.03,%,,,,,,,,
SOCIAL,CJ ENM,2024,Employee injury rate,0.03,%,,,,,,,,
SOCIAL,CJ ENM,2022,Number of Employee Fatalities - Number of fatalities caused by occupational accidents,0,Case,,,,,,,,
SOCIAL,CJ ENM,2023,Number of Employee Fatalities - Number of fatalities caused by occupational accidents,0,Case,,,,,,,,
SOCIAL,CJ ENM,2024,Number of Employee Fatalities - Number of fatalities caused by occupational accidents,0,Case,,,,,,,,
SOCIAL,CJ ENM,2022,Number of Employee Fatalities - Number of fatalities caused by occupational illnesses,1,Case,,,,,,,,
SOCIAL,CJ ENM,2023,Number of Employee Fatalities - Number of fatalities caused by occupational illnesses,0,Case,,,,,,,,
SOCIAL,CJ ENM,2024,Number of Employee Fatalities - Number of fatalities caused by occupational illnesses,0,Case,,,,,,,,
SOCIAL,CJ ENM,2022,Number of Employee Fatalities - Total number of fatalities cases,1,Case,,,,,,,,
SOCIAL,CJ ENM,2023,Number of Employee Fatalities - Total number of fatalities cases,0,Case,,,,,,,,
SOCIAL,CJ ENM,2024,Number of Employee Fatalities - Total number of fatalities cases,0,Case,,,,,,,,
SOCIAL,CJ ENM,2022,LTIFR (Lost Time Injury Frequency Rate),0,Case/million hour,,,,,,,,
SOCIAL,CJ ENM,2023,LTIFR (Lost Time Injury Frequency Rate),0.15,Case/million hour,,,,,,,,
SOCIAL,CJ ENM,2024,LTIFR (Lost Time Injury Frequency Rate),0,Case/million hour,,,,,,,,
SOCIAL,CJ ENM,2022,OIFR (Occupational Illness Frequency Rate),0.13,Case/million hour,,,,,,,,
SOCIAL,CJ ENM,2023,OIFR (Occupational Illness Frequency Rate),0,Case/million hour,,,,,,,,
SOCIAL,CJ ENM,2024,OIFR (Occupational Illness Frequency Rate),0,Case/million hour,,,,,,,,
SOCIAL,CJ ENM,2022,Number of Serious Accidents,1,Case,,,,,,,,
SOCIAL,CJ ENM,2023,Number of Serious Accidents,0,Case,,,,,,,,
SOCIAL,CJ ENM,2024,Number of Serious Accidents,0,Case,,,,,,,,
SOCIAL,CJ ENM,2022,Inclusion of Social Minorities - Number of employees with disabilities,34,Person,,,,,,,,
SOCIAL,CJ ENM,2023,Inclusion of Social Minorities - Number of employees with disabilities,32,Person,,,,,,,,
SOCIAL,CJ ENM,2024,Inclusion of Social Minorities - Number of employees with disabilities,26,Person,,,,,,,,
SOCIAL,CJ ENM,2022,Female to Male Wage Ratio - Pay gap by gender,65.9,%,,,,,,,,
SOCIAL,CJ ENM,2023,Female to Male Wage Ratio - Pay gap by gender,68,%,,,,,,,,
SOCIAL,CJ ENM,2024,Female to Male Wage Ratio - Pay gap by gender,63.34,%,,,,,,,,
SOCIAL,CJ ENM,2022,Number of Employees on Parental Leave - Total number of employees who use the parental leave program,77,Person,,,,,,,,
SOCIAL,CJ ENM,2023,Number of Employees on Parental Leave - Total number of employees who use the parental leave program,68,Person,,,,,,,,
SOCIAL,CJ ENM,2024,Number of Employees on Parental Leave - Total number of employees who use the parental leave program,98,Person,,,,,,,,
SOCIAL,CJ ENM,2022,Percentage of Employees Who Have Returned from Parental Leave,100,%,,,,,,,,
SOCIAL,CJ ENM,2023,Percentage of Employees Who Have Returned from Parental Leave,97.85,%,,,,,,,,
SOCIAL,CJ ENM,2024,Percentage of Employees Who Have Returned from Parental Leave,95.96,%,,,,,,,,
SOCIAL,CJ ENM,2022,Retention Rate after Returning from Parental Leave(12 Months or More),78.69,%,,,,,,,,
SOCIAL,CJ ENM,2023,Retention Rate after Returning from Parental Leave(12 Months or More),68.57,%,,,,,,,,
SOCIAL,CJ ENM,2024,Retention Rate after Returning from Parental Leave(12 Months or More),73.63,%,,,,,,,,
SOCIAL,CJ ENM,2022,Percentage of Female Managers,38.02,%,,,,,,,,
SOCIAL,CJ ENM,2023,Percentage of Female Managers,35.92,%,,,,,,,,
SOCIAL,CJ ENM,2024,Percentage of Female Managers,37.37,%,,,,,,,,
SOCIAL,CJ ENM,2022,Percentage of Female Executives,12.96,%,,,,,,,,
SOCIAL,CJ ENM,2023,Percentage of Female Executives,17.39,%,,,,,,,,
SOCIAL,CJ ENM,2024,Percentage of Female Executives,20.93,%,,,,,,,,
SOCIAL,CJ ENM,2022,Percentage of Female Staff in STEM Departments,38.86,%,,,,,,,,
SOCIAL,CJ ENM,2023,Percentage of Female Staff in STEM Departments,46.31,%,,,,,,,,
SOCIAL,CJ ENM,2024,Percentage of Female Staff in STEM Departments,42.57,%,,,,,,,,
SOCIAL,CJ ENM,2022,Percentage of Employees Subject to Regular Performance Evaluation - Percentage of employees subject to MBO(Management By Objectives),90.66,%,,,,,,,,
SOCIAL,CJ ENM,2023,Percentage of Employees Subject to Regular Performance Evaluation - Percentage of employees subject to MBO(Management By Objectives),92.33,%,,,,,,,,
SOCIAL,CJ ENM,2024,Percentage of Employees Subject to Regular Performance Evaluation - Percentage of employees subject to MBO(Management By Objectives),87.07,%,,,,,,,,
SOCIAL,CJ ENM,2022,Amount of Growth Fund Raised,700,KRW 100M,,,,,,,,
SOCIAL,CJ ENM,2023,Amount of Growth Fund Raised,700,KRW 100M,,,,,,,,
SOCIAL,CJ ENM,2024,Amount of Growth Fund Raised,700,KRW 100M,,,,,,,,
SOCIAL,CJ ENM,2022,Percentage of Contracts Subject to the Supplier Code of Conduct,Data aggregation infeasible,%,,,,,,,,
SOCIAL,CJ ENM,2023,Percentage of Contracts Subject to the Supplier Code of Conduct,Data aggregation infeasible,%,,,,,,,,
SOCIAL,CJ ENM,2024,Percentage of Contracts Subject to the Supplier Code of Conduct,Data aggregation infeasible,%,,,,,,,,
SOCIAL,CJ ENM,2022,Donations - Social contribution expenses: Donations,75,KRW 100M,,,,,,,,
SOCIAL,CJ ENM,2023,Donations - Social contribution expenses: Donations,102,KRW 100M,,,,,,,,
SOCIAL,CJ ENM,2024,Donations - Social contribution expenses: Donations,110,KRW 100M,,,,,,,,
SOCIAL,CJ ENM,2022,Volunteer Activities Hours,7613,Hour,,,,,,,
SOCIAL,CJ ENM,2023,Volunteer Activities Hours,5539,Hour,,,,,,,
SOCIAL,CJ ENM,2024,Volunteer Activities Hours,8630,Hour,,,,,,,
SOCIAL,CJ ENM,2022,Number of Employees Who Participated in Volunteer Activities,959,Person,,,,,,,,
SOCIAL,CJ ENM,2023,Number of Employees Who Participated in Volunteer Activities,860,Person,,,,,,,,
SOCIAL,CJ ENM,2024,Number of Employees Who Participated in Volunteer Activities,967,Person,,,,,,,,
GOVERNANCE,CJ ENM,2022,Percentage of Independent Directors on the Board of Directors,57.14,%,,,,,,,,
GOVERNANCE,CJ ENM,2023,Percentage of Independent Directors on the Board of Directors,57.14,%,,,,,,,,
GOVERNANCE,CJ ENM,2024,Percentage of Independent Directors on the Board of Directors,66.67,%,,,,,,,,
GOVERNANCE,CJ ENM,2022,Number of Members of Board of Directors,7,Person,,,,,,,,
GOVERNANCE,CJ ENM,2023,Number of Members of Board of Directors,7,Person,,,,,,,,
GOVERNANCE,CJ ENM,2024,Number of Members of Board of Directors,6,Person,,,,,,,,
GOVERNANCE,CJ ENM,2022,Number of Independent Directors,4,Person,,,,,,,,
GOVERNANCE,CJ ENM,2023,Number of Independent Directors,4,Person,,,,,,,,
GOVERNANCE,CJ ENM,2024,Number of Independent Directors,4,Person,,,,,,,,
GOVERNANCE,CJ ENM,2022,Number of Female Directors,1,Person,,,,,,,,
GOVERNANCE,CJ ENM,2023,Number of Female Directors,1,Person,,,,,,,,
GOVERNANCE,CJ ENM,2024,Number of Female Directors,2,Person,,,,,,,,
GOVERNANCE,CJ ENM,2022,Number of Board of Directors Meetings,14,Meeting,,,,,,,,
GOVERNANCE,CJ ENM,2023,Number of Board of Directors Meetings,11,Meeting,,,,,,,,
GOVERNANCE,CJ ENM,2024,Number of Board of Directors Meetings,13,Meeting,,,,,,,,
GOVERNANCE,CJ ENM,2022,Number of Agenda Items Submitted to Board of Directors Meetings,40,Item,,,,,,,,
GOVERNANCE,CJ ENM,2023,Number of Agenda Items Submitted to Board of Directors Meetings,33,Item,,,,,,,,
GOVERNANCE,CJ ENM,2024,Number of Agenda Items Submitted to Board of Directors Meetings,34,Item,,,,,,,,
GOVERNANCE,CJ ENM,2022,Number of Agenda Items Objected/Amended by Independent Directors,0,Item,,,,,,,,
GOVERNANCE,CJ ENM,2023,Number of Agenda Items Objected/Amended by Independent Directors,0,Item,,,,,,,,
GOVERNANCE,CJ ENM,2024,Number of Agenda Items Objected/Amended by Independent Directors,0,Item,,,,,,,,
GOVERNANCE,CJ ENM,2022,Attendance Rate of Internal Directors for Board of Directors Meetings,86,%,,,,,,,,
GOVERNANCE,CJ ENM,2023,Attendance Rate of Internal Directors for Board of Directors Meetings,95,%,,,,,,,,
GOVERNANCE,CJ ENM,2024,Attendance Rate of Internal Directors for Board of Directors Meetings,100,%,,,,,,,,
GOVERNANCE,CJ ENM,2022,Attendance Rate of Independent Directors for Board of Directors Meetings,98,%,,,,,,,,
GOVERNANCE,CJ ENM,2023,Attendance Rate of Independent Directors for Board of Directors Meetings,98,%,,,,,,,,
GOVERNANCE,CJ ENM,2024,Attendance Rate of Independent Directors for Board of Directors Meetings,100,%,,,,,,,,
GOVERNANCE,CJ ENM,2022,Attendance Rate of Independent Directors at the Independent Director Candidate Recommendation Committee,Not held,%,,,,,,,,
GOVERNANCE,CJ ENM,2023,Attendance Rate of Independent Directors at the Independent Director Candidate Recommendation Committee,100,%,,,,,,,,
GOVERNANCE,CJ ENM,2024,Attendance Rate of Independent Directors at the Independent Director Candidate Recommendation Committee,100,%,,,,,,,,
GOVERNANCE,CJ ENM,2022,Attendance Rate of Independent Directors for Compensation Committee,100,%,,,,,,,,
GOVERNANCE,CJ ENM,2023,Attendance Rate of Independent Directors for Compensation Committee,100,%,,,,,,,,
GOVERNANCE,CJ ENM,2024,Attendance Rate of Independent Directors for Compensation Committee,100,%,,,,,,,,
GOVERNANCE,CJ ENM,2022,Attendance Rate of Independent Directors for Audit Committee,100,%,,,,,,,,
GOVERNANCE,CJ ENM,2023,Attendance Rate of Independent Directors for Audit Committee,96,%,,,,,,,,
GOVERNANCE,CJ ENM,2024,Attendance Rate of Independent Directors for Audit Committee,100,%,,,,,,,,
GOVERNANCE,CJ ENM,2022,Total Compensation for Internal Directors,2571,KRW 1M,,,,,,,
GOVERNANCE,CJ ENM,2023,Total Compensation for Internal Directors,2240,KRW 1M,,,,,,,
GOVERNANCE,CJ ENM,2024,Total Compensation for Internal Directors,2378,KRW 1M,,,,,,,
GOVERNANCE,CJ ENM,2022,Total Comepnsation for Independent Directors,302,KRW 1M,,,,,,,,
GOVERNANCE,CJ ENM,2023,Total Comepnsation for Independent Directors,302,KRW 1M,,,,,,,,
GOVERNANCE,CJ ENM,2024,Total Comepnsation for Independent Directors,341,KRW 1M,,,,,,,,
GOVERNANCE,CJ ENM,2022,Number of Audit Committee Meetings,5,Meeting,,,,,,,,
GOVERNANCE,CJ ENM,2023,Number of Audit Committee Meetings,6,Meeting,,,,,,,,
GOVERNANCE,CJ ENM,2024,Number of Audit Committee Meetings,5,Meeting,,,,,,,,
GOVERNANCE,CJ ENM,2022,Percentage of Independent Directors out of Audit Committee Members,100,%,,,,,,,,
GOVERNANCE,CJ ENM,2023,Percentage of Independent Directors out of Audit Committee Members,100,%,,,,,,,,
GOVERNANCE,CJ ENM,2024,Percentage of Independent Directors out of Audit Committee Members,100,%,,,,,,,,
GOVERNANCE,CJ ENM,2022,Percentage of Non-Audit Service Fees to Audit Service Fees,27.95,%,,,,,,,,
GOVERNANCE,CJ ENM,2023,Percentage of Non-Audit Service Fees to Audit Service Fees,6.21,%,,,,,,,,
GOVERNANCE,CJ ENM,2024,Percentage of Non-Audit Service Fees to Audit Service Fees,12.41,%,,,,,,,,
GOVERNANCE,CJ ENM,2022,Ownership Stake of Largest Shareholders and Related Parties,48.17,%,,,,,,,,
GOVERNANCE,CJ ENM,2023,Ownership Stake of Largest Shareholders and Related Parties,48.17,%,,,,,,,,
GOVERNANCE,CJ ENM,2024,Ownership Stake of Largest Shareholders and Related Parties,48.17,%,,,,,,,,
GOVERNANCE,CJ ENM,2022,Ownership Stake of Registered Executives Excluding Largest Shareholder and His/Her Family Members,0,%,,,,,,,,
GOVERNANCE,CJ ENM,2023,Ownership Stake of Registered Executives Excluding Largest Shareholder and His/Her Family Members,0,%,,,,,,,,
GOVERNANCE,CJ ENM,2024,Ownership Stake of Registered Executives Excluding Largest Shareholder and His/Her Family Members,0,%,,,,,,,,
GOVERNANCE,CJ ENM,2022,Dividend Payout Ratio,0,%,,,,,,,,
GOVERNANCE,CJ ENM,2023,Dividend Payout Ratio,0,%,,,,,,,,
GOVERNANCE,CJ ENM,2024,Dividend Payout Ratio,0,%,,,,,,,,
SOCIAL,CJ ENM,2022,Human Rights - Number of Reported Cases - Number of reported cases,6,Case,,,,,,,,
SOCIAL,CJ ENM,2023,Human Rights - Number of Reported Cases - Number of reported cases,3,Case,,,,,,,,
SOCIAL,CJ ENM,2024,Human Rights - Number of Reported Cases - Number of reported cases,6,Case,,,,,,,,
SOCIAL,CJ ENM,2022,Human Rights - Number of Reported Cases - Number of reported cases related to external abuse of power,2,Case,,,,,,,,
SOCIAL,CJ ENM,2023,Human Rights - Number of Reported Cases - Number of reported cases related to external abuse of power,1,Case,,,,,,,,
SOCIAL,CJ ENM,2024,Human Rights - Number of Reported Cases - Number of reported cases related to external abuse of power,4,Case,,,,,,,,
SOCIAL,CJ ENM,2022,Human Rights - Number of Reported Cases - Number of reported cases related to sexual harassment,0,Case,,,,,,,,
SOCIAL,CJ ENM,2023,Human Rights - Number of Reported Cases - Number of reported cases related to sexual harassment,1,Case,,,,,,,,
SOCIAL,CJ ENM,2024,Human Rights - Number of Reported Cases - Number of reported cases related to sexual harassment,1,Case,,,,,,,,
SOCIAL,CJ ENM,2022,Human Rights - Number of Reported Cases - Number of reported cases related to workplace bullying,4,Case,,,,,,,,
SOCIAL,CJ ENM,2023,Human Rights - Number of Reported Cases - Number of reported cases related to workplace bullying,1,Case,,,,,,,,
SOCIAL,CJ ENM,2024,Human Rights - Number of Reported Cases - Number of reported cases related to workplace bullying,1,Case,,,,,,,,
SOCIAL,CJ ENM,2022,Human Rights - Number of Reported Cases - Number of reported cases related to safety accidents,0,Case,,,,,,,,
SOCIAL,CJ ENM,2023,Human Rights - Number of Reported Cases - Number of reported cases related to safety accidents,0,Case,,,,,,,,
SOCIAL,CJ ENM,2024,Human Rights - Number of Reported Cases - Number of reported cases related to safety accidents,0,Case,,,,,,,,
SOCIAL,CJ ENM,2022,Human Rights - Number of Valid and Resolved Cases - Number of valid and resolved cases,4,Case,,,,,,,,
SOCIAL,CJ ENM,2023,Human Rights - Number of Valid and Resolved Cases - Number of valid and resolved cases,3,Case,,,,,,,,
SOCIAL,CJ ENM,2024,Human Rights - Number of Valid and Resolved Cases - Number of valid and resolved cases,5,Case,,,,,,,,
SOCIAL,CJ ENM,2022,Human Rights - Number of Valid and Resolved Cases - Number of valid and resolved cases related to external abuse of power,1,Case,,,,,,,,
SOCIAL,CJ ENM,2023,Human Rights - Number of Valid and Resolved Cases - Number of valid and resolved cases related to external abuse of power,1,Case,,,,,,,,
SOCIAL,CJ ENM,2024,Human Rights - Number of Valid and Resolved Cases - Number of valid and resolved cases related to external abuse of power,3,Case,,,,,,,,
SOCIAL,CJ ENM,2022,Human Rights - Number of Valid and Resolved Cases - Number of valid and resolved cases related to sexual harassment,0,Case,,,,,,,,
SOCIAL,CJ ENM,2023,Human Rights - Number of Valid and Resolved Cases - Number of valid and resolved cases related to sexual harassment,1,Case,,,,,,,,
SOCIAL,CJ ENM,2024,Human Rights - Number of Valid and Resolved Cases - Number of valid and resolved cases related to sexual harassment,1,Case,,,,,,,,
SOCIAL,CJ ENM,2022,Human Rights - Number of Valid and Resolved Cases - Number of valid and resolved cases related to workplace bullying,3,Case,,,,,,,,
SOCIAL,CJ ENM,2023,Human Rights - Number of Valid and Resolved Cases - Number of valid and resolved cases related to workplace bullying,1,Case,,,,,,,,
SOCIAL,CJ ENM,2024,Human Rights - Number of Valid and Resolved Cases - Number of valid and resolved cases related to workplace bullying,1,Case,,,,,,,,
SOCIAL,CJ ENM,2022,Human Rights - Number of Valid and Resolved Cases - Number of valid and resolved cases related to safety accidents,0,Case,,,,,,,,
SOCIAL,CJ ENM,2023,Human Rights - Number of Valid and Resolved Cases - Number of valid and resolved cases related to safety accidents,0,Case,,,,,,,,
SOCIAL,CJ ENM,2024,Human Rights - Number of Valid and Resolved Cases - Number of valid and resolved cases related to safety accidents,0,Case,,,,,,,,
ENVIRONMENTAL,CJ ENM,2022,Performance of Environmentally-Friendly 3-Free & 3R Policies and Effects of Packaging Usage - Total Reduced Amount of Plastic Usage,37,Ton,,,,,,,,
ENVIRONMENTAL,CJ ENM,2023,Performance of Environmentally-Friendly 3-Free & 3R Policies and Effects of Packaging Usage - Total Reduced Amount of Plastic Usage,28,Ton,,,,,,,,
ENVIRONMENTAL,CJ ENM,2024,Performance of Environmentally-Friendly 3-Free & 3R Policies and Effects of Packaging Usage - Total Reduced Amount of Plastic Usage,30,Ton,,,,,,,,
ENVIRONMENTAL,CJ ENM,2022,Performance of Environmentally-Friendly 3-Free & 3R Policies and Effects of Packaging Usage - Eco Tapeless Box - Annual usage,63718,Number,1) Figures have been revised from previous disclosures due to data entry errors in 2022 and 2023.,,,,,,
ENVIRONMENTAL,CJ ENM,2023,Performance of Environmentally-Friendly 3-Free & 3R Policies and Effects of Packaging Usage - Eco Tapeless Box - Annual usage,96000,Number,1) Figures have been revised from previous disclosures due to data entry errors in 2022 and 2023.,,,,,,
ENVIRONMENTAL,CJ ENM,2024,Performance of Environmentally-Friendly 3-Free & 3R Policies and Effects of Packaging Usage - Eco Tapeless Box - Annual usage,40000,Number,,,,,,,
ENVIRONMENTAL,CJ ENM,2022,Performance of Environmentally-Friendly 3-Free & 3R Policies and Effects of Packaging Usage - Eco Tapeless Box - Reduced amount of plastic usage,0.18),Ton,1) Figures have been revised from previous disclosures due to data entry errors in 2022 and 2023.,,,,,,,
ENVIRONMENTAL,CJ ENM,2023,Performance of Environmentally-Friendly 3-Free & 3R Policies and Effects of Packaging Usage - Eco Tapeless Box - Reduced amount of plastic usage,0.27),Ton,1) Figures have been revised from previous disclosures due to data entry errors in 2022 and 2023.,,,,,,,
ENVIRONMENTAL,CJ ENM,2024,Performance of Environmentally-Friendly 3-Free & 3R Policies and Effects of Packaging Usage - Eco Tapeless Box - Reduced amount of plastic usage,0.11,Ton,,,,,,,,
ENVIRONMENTAL,CJ ENM,2022,Performance of Environmentally-Friendly 3-Free & 3R Policies and Effects of Packaging Usage - Paper Tape - Annual usage,6624304,Number,,,,,,
ENVIRONMENTAL,CJ ENM,2023,Performance of Environmentally-Friendly 3-Free & 3R Policies and Effects of Packaging Usage - Paper Tape - Annual usage,5962406,Number,,,,,,
ENVIRONMENTAL,CJ ENM,2024,Performance of Environmentally-Friendly 3-Free & 3R Policies and Effects of Packaging Usage - Paper Tape - Annual usage,822118,Number,,,,,,
ENVIRONMENTAL,CJ ENM,2022,Performance of Environmentally-Friendly 3-Free & 3R Policies and Effects of Packaging Usage - Paper Tape - Reduced amount of plastic usage,22.31),Ton,1) Figures have been revised from previous disclosures due to data entry errors in 2022 and 2023.,,,,,,,
ENVIRONMENTAL,CJ ENM,2023,Performance of Environmentally-Friendly 3-Free & 3R Policies and Effects of Packaging Usage - Paper Tape - Reduced amount of plastic usage,20.01),Ton,1) Figures have been revised from previous disclosures due to data entry errors in 2022 and 2023.,,,,,,,
ENVIRONMENTAL,CJ ENM,2024,Performance of Environmentally-Friendly 3-Free & 3R Policies and Effects of Packaging Usage - Paper Tape - Reduced amount of plastic usage,27,Ton,,,,,,,,
ENVIRONMENTAL,CJ ENM,2022,Performance of Environmentally-Friendly 3-Free & 3R Policies and Effects of Packaging Usage - Paper Buffer - Annual usage,991604,Number,,,,,,,
ENVIRONMENTAL,CJ ENM,2023,Performance of Environmentally-Friendly 3-Free & 3R Policies and Effects of Packaging Usage - Paper Buffer - Annual usage,500919,Number,,,,,,,
ENVIRONMENTAL,CJ ENM,2024,Performance of Environmentally-Friendly 3-Free & 3R Policies and Effects of Packaging Usage - Paper Buffer - Annual usage,173388,Number,,,,,,,
ENVIRONMENTAL,CJ ENM,2022,Performance of Environmentally-Friendly 3-Free & 3R Policies and Effects of Packaging Usage - Paper Buffer - Reduced amount of plastic usage,14.6,Ton,,,,,,,,
ENVIRONMENTAL,CJ ENM,2023,Performance of Environmentally-Friendly 3-Free & 3R Policies and Effects of Packaging Usage - Paper Buffer - Reduced amount of plastic usage,7.41),Ton,1) Figures have been revised from previous disclosures due to data entry errors in 2022 and 2023.,,,,,,,
ENVIRONMENTAL,CJ ENM,2024,Performance of Environmentally-Friendly 3-Free & 3R Policies and Effects of Packaging Usage - Paper Buffer - Reduced amount of plastic usage,2.5,Ton,,,,,,,,
SOCIAL,CJ ENM,2022,Customer Satisfaction Management - VOC - VOC ratio of customer inconvenience and dissatisfaction,5.2,%,,,,,,,,
SOCIAL,CJ ENM,2023,Customer Satisfaction Management - VOC - VOC ratio of customer inconvenience and dissatisfaction,4.5,%,,,,,,,,
SOCIAL,CJ ENM,2024,Customer Satisfaction Management - VOC - VOC ratio of customer inconvenience and dissatisfaction,4.5,%,,,,,,,,
SOCIAL,CJ ENM,2022,Customer Satisfaction Management - VOC - Total number of VOC,2581444,Case,,,,,,
SOCIAL,CJ ENM,2023,Customer Satisfaction Management - VOC - Total number of VOC,2003113,Case,,,,,,
SOCIAL,CJ ENM,2024,Customer Satisfaction Management - VOC - Total number of VOC,2031083,Case,,,,,,
SOCIAL,CJ ENM,2022,Customer Satisfaction Management - VOC - Total number of VOC resolved,2581444,Case,,,,,,
SOCIAL,CJ ENM,2023,Customer Satisfaction Management - VOC - Total number of VOC resolved,2003113,Case,,,,,,
SOCIAL,CJ ENM,2024,Customer Satisfaction Management - VOC - Total number of VOC resolved,2031083,Case,,,,,,
SOCIAL,CJ ENM,2022,Customer Satisfaction Management - Percentage of annual VOC resolving rate,100,%,,,,,,,,
SOCIAL,CJ ENM,2023,Customer Satisfaction Management - Percentage of annual VOC resolving rate,100,%,,,,,,,,
SOCIAL,CJ ENM,2024,Customer Satisfaction Management - Percentage of annual VOC resolving rate,100,%,,,,,,,,
SOCIAL,CJ ENM,2022,Mutual Growth - 1 Company 1 Product - Number of products,74,Number,,,,,,,,
SOCIAL,CJ ENM,2023,Mutual Growth - 1 Company 1 Product - Number of products,50,Number,,,,,,,,
SOCIAL,CJ ENM,2024,Mutual Growth - 1 Company 1 Product - Number of products,40,Number,,,,,,,,
SOCIAL,CJ ENM,2022,Mutual Growth - 1 Company 1 Product - Revenue,2505770,KRW thousand,,,,,,
SOCIAL,CJ ENM,2023,Mutual Growth - 1 Company 1 Product - Revenue,2922960,KRW thousand,,,,,,
SOCIAL,CJ ENM,2024,Mutual Growth - 1 Company 1 Product - Revenue,3214566,KRW thousand,,,,,,
SOCIAL,CJ ENM,2022,Mutual Growth - 1 Village 1 Product - Number of products,27,Number,,,,,,,,
SOCIAL,CJ ENM,2023,Mutual Growth - 1 Village 1 Product - Number of products,17,Number,,,,,,,,
SOCIAL,CJ ENM,2024,Mutual Growth - 1 Village 1 Product - Number of products,14,Number,,,,,,,,
SOCIAL,CJ ENM,2022,Mutual Growth - 1 Village 1 Product - Revenue,2313644,KRW thousand,,,,,,
SOCIAL,CJ ENM,2023,Mutual Growth - 1 Village 1 Product - Revenue,2320238,KRW thousand,,,,,,
SOCIAL,CJ ENM,2024,Mutual Growth - 1 Village 1 Product - Revenue,29429,KRW thousand,,,,,,
SOCIAL,CJ ENM,2022,Expanding Good Impact of Content and Commerce - Improve Content Accessibility - Number of closed captioning content offerings,1557,Number,,,,,,,
SOCIAL,CJ ENM,2023,Expanding Good Impact of Content and Commerce - Improve Content Accessibility - Number of closed captioning content offerings,1354,Number,,,,,,,
SOCIAL,CJ ENM,2024,Expanding Good Impact of Content and Commerce - Improve Content Accessibility - Number of closed captioning content offerings,1540,Number,,,,,,,
SOCIAL,CJ ENM,2022,Expanding Good Impact of Content and Commerce - Support New Creators - Number of creators who completed O’PEN (writers, composers, etc),54),Person,1) Figures have been revised from previous disclosures for 2022 and 2023 due to a change in criteria from ‘number of creators who completed O’PEN’ to ‘number of selected creators.,,,,,
SOCIAL,CJ ENM,2023,Expanding Good Impact of Content and Commerce - Support New Creators - Number of creators who completed O’PEN (writers, composers, etc),50),Person,1) Figures have been revised from previous disclosures for 2022 and 2023 due to a change in criteria from ‘number of creators who completed O’PEN’ to ‘number of selected creators.,,,,,
SOCIAL,CJ ENM,2024,Expanding Good Impact of Content and Commerce - Support New Creators - Number of creators who completed O’PEN (writers, composers, etc),38,Person,,,,,,
GOVERNANCE,CJ ENM,2022,Ethical and Compliance Management - Total Number of Reported Cases - Total number of reported cases,25,Case,,,,,,,,
GOVERNANCE,CJ ENM,2023,Ethical and Compliance Management - Total Number of Reported Cases - Total number of reported cases,58,Case,,,,,,,,
GOVERNANCE,CJ ENM,2024,Ethical and Compliance Management - Total Number of Reported Cases - Total number of reported cases,46,Case,,,,,,,,
GOVERNANCE,CJ ENM,2023,Ethical and Compliance Management - Total Number of Reported Cases - Number of reported cases against fraud and corruption,--,Case,,,,,,,,
GOVERNANCE,CJ ENM,2022,Ethical and Compliance Management - Total Number of Reported Cases - Number of reported cases against fraud and corruption,--,Case,,,,,,,,
GOVERNANCE,CJ ENM,2024,Ethical and Compliance Management - Total Number of Reported Cases - Number of reported cases against fraud and corruption,23,Case,,,,,,,,
GOVERNANCE,CJ ENM,2022,Ethical and Compliance Management - Total Number of Reported Cases - Number of reported cases against partner grievance and unfair trade,--,Case,,,,,,,,
GOVERNANCE,CJ ENM,2023,Ethical and Compliance Management - Total Number of Reported Cases - Number of reported cases against partner grievance and unfair trade,--,Case,,,,,,,,
GOVERNANCE,CJ ENM,2024,Ethical and Compliance Management - Total Number of Reported Cases - Number of reported cases against partner grievance and unfair trade,12,Case,,,,,,,,
GOVERNANCE,CJ ENM,2022,Ethical and Compliance Management - Total Number of Reported Cases - Number of reported cases against organizational culture disruption,--,Case,,,,,,,,
GOVERNANCE,CJ ENM,2023,Ethical and Compliance Management - Total Number of Reported Cases - Number of reported cases against organizational culture disruption,--,Case,,,,,,,,
GOVERNANCE,CJ ENM,2024,Ethical and Compliance Management - Total Number of Reported Cases - Number of reported cases against organizational culture disruption,11,Case,,,,,,,,
GOVERNANCE,CJ ENM,2022,Ethical and Compliance Management - Total Number of Reported Cases - Number of reported cases against safety management,--,Case,,,,,,,,
GOVERNANCE,CJ ENM,2023,Ethical and Compliance Management - Total Number of Reported Cases - Number of reported cases against safety management,--,Case,,,,,,,,
GOVERNANCE,CJ ENM,2024,Ethical and Compliance Management - Total Number of Reported Cases - Number of reported cases against safety management,0,Case,,,,,,,,
GOVERNANCE,CJ ENM,2022,Ethical and Compliance Management - Number of Valid and Resolved Cases - Number of valid and resolved cases,16,Case,,,,,,,,
GOVERNANCE,CJ ENM,2023,Ethical and Compliance Management - Number of Valid and Resolved Cases - Number of valid and resolved cases,36,Case,,,,,,,,
GOVERNANCE,CJ ENM,2024,Ethical and Compliance Management - Number of Valid and Resolved Cases - Number of valid and resolved cases,42,Case,,,,,,,,
GOVERNANCE,CJ ENM,2022,Ethical and Compliance Management - Number of Valid and Resolved Cases - Number of valid and resolved cases against fraud and corruption,--,Case,,,,,,,,
GOVERNANCE,CJ ENM,2023,Ethical and Compliance Management - Number of Valid and Resolved Cases - Number of valid and resolved cases against fraud and corruption,--,Case,,,,,,,,
GOVERNANCE,CJ ENM,2024,Ethical and Compliance Management - Number of Valid and Resolved Cases - Number of valid and resolved cases against fraud and corruption,20,Case,,,,,,,,
GOVERNANCE,CJ ENM,2022,Ethical and Compliance Management - Number of Valid and Resolved Cases - Number of valid and resolved cases against partner grievance and unfair trade,--,Case,,,,,,,,
GOVERNANCE,CJ ENM,2023,Ethical and Compliance Management - Number of Valid and Resolved Cases - Number of valid and resolved cases against partner grievance and unfair trade,--,Case,,,,,,,,
GOVERNANCE,CJ ENM,2024,Ethical and Compliance Management - Number of Valid and Resolved Cases - Number of valid and resolved cases against partner grievance and unfair trade,11,Case,,,,,,,,
GOVERNANCE,CJ ENM,2022,Ethical and Compliance Management - Number of Valid and Resolved Cases - Number of valid and resolved cases against organizational culture disruption,--,Case,,,,,,,,
GOVERNANCE,CJ ENM,2023,Ethical and Compliance Management - Number of Valid and Resolved Cases - Number of valid and resolved cases against organizational culture disruption,--,Case,,,,,,,,
GOVERNANCE,CJ ENM,2024,Ethical and Compliance Management - Number of Valid and Resolved Cases - Number of valid and resolved cases against organizational culture disruption,11,Case,,,,,,,,
GOVERNANCE,CJ ENM,2022,Ethical and Compliance Management - Number of Valid and Resolved Cases - Number of valid and resolved cases against safety management,--,Case,,,,,,,,
GOVERNANCE,CJ ENM,2023,Ethical and Compliance Management - Number of Valid and Resolved Cases - Number of valid and resolved cases against safety management,--,Case,,,,,,,,
GOVERNANCE,CJ ENM,2024,Ethical and Compliance Management - Number of Valid and Resolved Cases - Number of valid and resolved cases against safety management,0,Case,,,,,,,,
GOVERNANCE,CJ ENM,2022,Ethical and Compliance Management - Legal & Regulatory Violations - Marketing & labeling laws and regulations,0,Case,,,,,,,,
GOVERNANCE,CJ ENM,2023,Ethical and Compliance Management - Legal & Regulatory Violations - Marketing & labeling laws and regulations,0,Case,,,,,,,,
GOVERNANCE,CJ ENM,2024,Ethical and Compliance Management - Legal & Regulatory Violations - Marketing & labeling laws and regulations,0,Case,,,,,,,,
GOVERNANCE,CJ ENM,2022,Ethical and Compliance Management - Legal & Regulatory Violations - Information security laws and regulations,0,Case,,,,,,,,
GOVERNANCE,CJ ENM,2023,Ethical and Compliance Management - Legal & Regulatory Violations - Information security laws and regulations,0,Case,,,,,,,,
GOVERNANCE,CJ ENM,2024,Ethical and Compliance Management - Legal & Regulatory Violations - Information security laws and regulations,0,Case,,,,,,,,
GOVERNANCE,CJ ENM,2022,Ethical and Compliance Management - Legal & Regulatory Violations - Fair trade laws and regulations,1,Case,,,,,,,,
GOVERNANCE,CJ ENM,2023,Ethical and Compliance Management - Legal & Regulatory Violations - Fair trade laws and regulations,0,Case,,,,,,,,
GOVERNANCE,CJ ENM,2024,Ethical and Compliance Management - Legal & Regulatory Violations - Fair trade laws and regulations,0,Case,,,,,,,,
GOVERNANCE,CJ ENM,2022,Ethical and Compliance Management - Legal & Regulatory Violations - Anti-corruption laws and regulations,0,Case,,,,,,,,
GOVERNANCE,CJ ENM,2023,Ethical and Compliance Management - Legal & Regulatory Violations - Anti-corruption laws and regulations,0,Case,,,,,,,,
GOVERNANCE,CJ ENM,2024,Ethical and Compliance Management - Legal & Regulatory Violations - Anti-corruption laws and regulations,0,Case,,,,,,,,
GOVERNANCE,CJ ENM,2022,Data Security & Privacy - Number of Users Affected Due to Data Leakage - Total number of data leakage cases,0,Case,,,,,,,,
GOVERNANCE,CJ ENM,2023,Data Security & Privacy - Number of Users Affected Due to Data Leakage - Total number of data leakage cases,0,Case,,,,,,,,
GOVERNANCE,CJ ENM,2024,Data Security & Privacy - Number of Users Affected Due to Data Leakage - Total number of data leakage cases,0,Case,,,,,,,,
GOVERNANCE,CJ ENM,2022,Data Security & Privacy - Number of Users Affected Due to Data Leakage - Percentage of data leakages related to consumer information,0,%,,,,,,,,
GOVERNANCE,CJ ENM,2023,Data Security & Privacy - Number of Users Affected Due to Data Leakage - Percentage of data leakages related to consumer information,0,%,,,,,,,,
GOVERNANCE,CJ ENM,2024,Data Security & Privacy - Number of Users Affected Due to Data Leakage - Percentage of data leakages related to consumer information,0,%,,,,,,,,
GOVERNANCE,CJ ENM,2022,Data Security & Privacy - Number of Users Affected Due to Data Leakage - Number of users affected due to data leakage,0,Person,,,,,,,,
GOVERNANCE,CJ ENM,2023,Data Security & Privacy - Number of Users Affected Due to Data Leakage - Number of users affected due to data leakage,0,Person,,,,,,,,
GOVERNANCE,CJ ENM,2024,Data Security & Privacy - Number of Users Affected Due to Data Leakage - Number of users affected due to data leakage,0,Person,,,,,,,,
GOVERNANCE,CJ ENM,2022,Data Security & Privacy - Percentage of Domestic Information Security-related Certification and Adoption - ISMS certification website,10,Case,,,,,,,,
GOVERNANCE,CJ ENM,2023,Data Security & Privacy - Percentage of Domestic Information Security-related Certification and Adoption - ISMS certification website,12,Case,,,,,,,,
GOVERNANCE,CJ ENM,2024,Data Security & Privacy - Percentage of Domestic Information Security-related Certification and Adoption - ISMS certification website,10,Case,,,,,,,,
GOVERNANCE,CJ ENM,2022,Data Security & Privacy - Percentage of Domestic Information Security-related Certification and Adoption - ISO certification website,3,Case,,,,,,,,
GOVERNANCE,CJ ENM,2023,Data Security & Privacy - Percentage of Domestic Information Security-related Certification and Adoption - ISO certification website,3,Case,,,,,,,,
GOVERNANCE,CJ ENM,2024,Data Security & Privacy - Percentage of Domestic Information Security-related Certification and Adoption - ISO certification website,3,Case,,,,,,,,
GOVERNANCE,CJ ENM,2022,Operation of Shareholders’ Meetings - Notification of Agendas before Shareholders’ Meetings - Gap of days between convocation announcement of the general meeting and the shareholders' meeting,15,Day,,,,,,,,
GOVERNANCE,CJ ENM,2023,Operation of Shareholders’ Meetings - Notification of Agendas before Shareholders’ Meetings - Gap of days between convocation announcement of the general meeting and the shareholders' meeting,15,Day,,,,,,,,
GOVERNANCE,CJ ENM,2024,Operation of Shareholders’ Meetings - Notification of Agendas before Shareholders’ Meetings - Gap of days between convocation announcement of the general meeting and the shareholders' meeting,15,Day,,,,,,,,
GOVERNANCE,CJ ENM,2022,Operation of Shareholders’ Meetings - Disclosure of Audit Report Prior to Convocation Announcement of General Shareholders’ Meetings,N,-,,,,,,,,
GOVERNANCE,CJ ENM,2023,Operation of Shareholders’ Meetings - Disclosure of Audit Report Prior to Convocation Announcement of General Shareholders’ Meetings,N,-,,,,,,,,
GOVERNANCE,CJ ENM,2024,Operation of Shareholders’ Meetings - Disclosure of Audit Report Prior to Convocation Announcement of General Shareholders’ Meetings,N,-,,,,,,,,
GOVERNANCE,CJ ENM,2022,Limitations on the Number of Other Jobs - Limitations on the number of other jobs for independent directors,2,Number,,,,,,,,
GOVERNANCE,CJ ENM,2023,Limitations on the Number of Other Jobs - Limitations on the number of other jobs for independent directors,2,Number,,,,,,,,
GOVERNANCE,CJ ENM,2024,Limitations on the Number of Other Jobs - Limitations on the number of other jobs for independent directors,2,Number,,,,,,,,
SOCIAL,CJ ENM,2022,Welfare - Welfare Cost - Internal welfare fund + non-funded welfare costs (to be expanded to consolidated basis),69504722,KRW thousand,,,,,,
SOCIAL,CJ ENM,2023,Welfare - Welfare Cost - Internal welfare fund + non-funded welfare costs (to be expanded to consolidated basis),63132597,KRW thousand,,,,,,
SOCIAL,CJ ENM,2024,Welfare - Welfare Cost - Internal welfare fund + non-funded welfare costs (to be expanded to consolidated basis),60073197,KRW thousand,,,,,,
SOCIAL,CJ ENM,2022,Violations of Media Impartiality - Total Amount of Monetary Losses for Violations of Libel and Slander Laws and Regulations,0,KRW thousand,,,,,,,,
SOCIAL,CJ ENM,2023,Violations of Media Impartiality - Total Amount of Monetary Losses for Violations of Libel and Slander Laws and Regulations,0,KRW thousand,,,,,,,,
SOCIAL,CJ ENM,2024,Violations of Media Impartiality - Total Amount of Monetary Losses for Violations of Libel and Slander Laws and Regulations,0,KRW thousand,,,,,,,,
ENVIRONMENTAL,CJ ENM,2023,CJ ENM’S CLIMATE DISCLOSURE FOR MAJOR SUBSIDIARIES - Energy Consumption - Total energy consumption,39,TJ,,,,,,,,
ENVIRONMENTAL,CJ ENM,2024,CJ ENM’S CLIMATE DISCLOSURE FOR MAJOR SUBSIDIARIES - Energy Consumption - Total energy consumption,41,TJ,,,,,,,,
Governance: Financials,CATL,2022,Total asset,60095235.19,RMB 10 thousand,,,,,,,,
Governance: Financials,CATL,2023,Total asset,71716804.11,RMB 10 thousand,,,,,,,,
Governance: Financials,CATL,2024,Total asset,78665812.3,RMB 10 thousand,,,,,,,,
Governance: Financials,CATL,2022,Revenue,32859398.75,RMB 10 thousand,,,,,,,,
Governance: Financials,CATL,2023,Revenue,40091704.49,RMB 10 thousand,,,,,,,,
Governance: Financials,CATL,2024,Revenue,36201255.4,RMB 10 thousand,,,,,,,,
Governance: Financials,CATL,2022,Net profit,3345714.35,RMB 10 thousand,,,,,,,,
Governance: Financials,CATL,2023,Net profit,4676103.45,RMB 10 thousand,,,,,,,,
Governance: Financials,CATL,2024,Net profit,5400679.4,RMB 10 thousand,,,,,,,,
Governance: Financials,CATL,2022,Net profit attributable to shareholders of listed companies,3072916.35,RMB 10 thousand,,,,,,,,
Governance: Financials,CATL,2023,Net profit attributable to shareholders of listed companies,4412124.83,RMB 10 thousand,,,,,,,,
Governance: Financials,CATL,2024,Net profit attributable to shareholders of listed companies,5074468.2,RMB 10 thousand,,,,,,,,
Governance: Financials,CATL,2022,Basic earnings per share,7.18,RMB/share,,,,,,,,
Governance: Financials,CATL,2023,Basic earnings per share,10.06,RMB/share,,,,,,,,
Governance: Financials,CATL,2024,Basic earnings per share,11.58,RMB/share,,,,,,,,
Governance: Anti-corruption,CATL,2022,Percentage of employees that have received training on anti-corruption,100,%,,,,,,,,
Governance: Anti-corruption,CATL,2023,Percentage of employees that have received training on anti-corruption,100,%,,,,,,,,
Governance: Anti-corruption,CATL,2024,Percentage of employees that have received training on anti-corruption,100,%,,,,,,,,
Governance: Anti-corruption,CATL,2022,Percentage of management personnel that have received training on anti-corruption,100,%,,,,,,,,
Governance: Anti-corruption,CATL,2023,Percentage of management personnel that have received training on anti-corruption,100,%,,,,,,,,
Governance: Anti-corruption,CATL,2024,Percentage of management personnel that have received training on anti-corruption,100,%,Data refinement in accordance with SZSE Self-Regulatory Guidelines No. 17 (Note 1),,,,,,,
Governance: Anti-corruption,CATL,2022,Percentage of non-independent directors that have received training on anti-corruption,100,%,,,,,,,,
Governance: Anti-corruption,CATL,2023,Percentage of non-independent directors that have received training on anti-corruption,100,%,,,,,,,,
Governance: Anti-corruption,CATL,2024,Percentage of non-independent directors that have received training on anti-corruption,100,%,,,,,,,,
Governance: Anti-corruption,CATL,2022,Number of operation sites assessed for risks related to corruption,1,No.,,,,,,,,
Governance: Anti-corruption,CATL,2023,Number of operation sites assessed for risks related to corruption,1,No.,,,,,,,,
Governance: Anti-corruption,CATL,2024,Number of operation sites assessed for risks related to corruption,5,No.,,,,,,,,
Governance: Anti-corruption,CATL,2022,Number of operation stations exposed to major corruption risk as determined by risk assessment,0,No.,,,,,,,,
Governance: Anti-corruption,CATL,2023,Number of operation stations exposed to major corruption risk as determined by risk assessment,0,No.,,,,,,,,
Governance: Anti-corruption,CATL,2024,Number of operation stations exposed to major corruption risk as determined by risk assessment,0,No.,,,,,,,,
Supply Chain Management,CATL,2022,Total number of suppliers,701,No.,Refers to direct material suppliers (Note 1),,,,,,,
Supply Chain Management,CATL,2023,Total number of suppliers,790,No.,Refers to direct material suppliers (Note 1),,,,,,,
Supply Chain Management,CATL,2024,Total number of suppliers,799,No.,Refers to direct material suppliers (Note 1),,,,,,,
Supply Chain Management,CATL,2022,Total number of suppliers: Chinese mainland,678,No.,Refers to direct material suppliers (Note 1),,,,,,,
Supply Chain Management,CATL,2023,Total number of suppliers: Chinese mainland,754,No.,Refers to direct material suppliers (Note 1),,,,,,,
Supply Chain Management,CATL,2024,Total number of suppliers: Chinese mainland,775,No.,Refers to direct material suppliers (Note 1),,,,,,,
Supply Chain Management,CATL,2022,Total number of suppliers: Hong Kong (China), Macao (China), Taiwan (China),3,No.,Refers to direct material suppliers (Note 1),,,,,
Supply Chain Management,CATL,2023,Total number of suppliers: Hong Kong (China), Macao (China), Taiwan (China),3,No.,Refers to direct material suppliers (Note 1),,,,,
Supply Chain Management,CATL,2024,Total number of suppliers: Hong Kong (China), Macao (China), Taiwan (China),1,No.,Refers to direct material suppliers (Note 1),,,,,
Supply Chain Management,CATL,2022,Total number of suppliers: Overseas,20,No.,Refers to direct material suppliers (Note 1),,,,,,,
Supply Chain Management,CATL,2023,Total number of suppliers: Overseas,33,No.,Refers to direct material suppliers (Note 1),,,,,,,
Supply Chain Management,CATL,2024,Total number of suppliers: Overseas,23,No.,Refers to direct material suppliers (Note 1),,,,,,,
Supply Chain Management,CATL,2022,Number of newly admitted suppliers assessed with sustainability impact,145,No.,Covers environmental and social dimensions (Note 2),,,,,,,
Supply Chain Management,CATL,2023,Number of newly admitted suppliers assessed with sustainability impact,104,No.,Covers environmental and social dimensions (Note 2),,,,,,,
Supply Chain Management,CATL,2024,Number of newly admitted suppliers assessed with sustainability impact,92,No.,Covers environmental and social dimensions (Note 2),,,,,,,
Supply Chain Management,CATL,2022,Percentage of new suppliers screened using the sustainability dimensions,100,%,Covers environmental and social dimensions (Note 2),,,,,,,
Supply Chain Management,CATL,2023,Percentage of new suppliers screened using the sustainability dimensions,100,%,Covers environmental and social dimensions (Note 2),,,,,,,
Supply Chain Management,CATL,2024,Percentage of new suppliers screened using the sustainability dimensions,100,%,Covers environmental and social dimensions (Note 2),,,,,,,
Supply Chain Management,CATL,2022,Total number of eliminated suppliers,——,No.,,,,,,,,
Supply Chain Management,CATL,2023,Total number of eliminated suppliers,15,No.,,,,,,,,
Supply Chain Management,CATL,2024,Total number of eliminated suppliers,83,No.,Primarily due to non-compliance with procurement strategies and failure to meet qualification requirements (Note 3),,,,,,,
Supply Chain Management,CATL,2022,Number of knowledge training on sustainable development of the supply chain,51,No.,,,,,,,,
Supply Chain Management,CATL,2023,Number of knowledge training on sustainable development of the supply chain,90,No.,,,,,,,,
Supply Chain Management,CATL,2024,Number of knowledge training on sustainable development of the supply chain,92,No.,,,,,,,,
Supply Chain Management,CATL,2022,Number of suppliers that have participated in the training,36,No.,,,,,,,,
Supply Chain Management,CATL,2023,Number of suppliers that have participated in the training,60,No.,,,,,,,,
Supply Chain Management,CATL,2024,Number of suppliers that have participated in the training,139,No.,,,,,,,,
Supply Chain Management,CATL,2022,Number of suppliers with on-site mineral due diligence audits conducted by third-party organizations,57,No.,,,,,,,,
Supply Chain Management,CATL,2023,Number of suppliers with on-site mineral due diligence audits conducted by third-party organizations,70,No.,,,,,,,,
Supply Chain Management,CATL,2024,Number of suppliers with on-site mineral due diligence audits conducted by third-party organizations,74,No.,,,,,,,,
Supply Chain Management,CATL,2022,Number of suppliers with due diligence audits initiated by the Company,36,No.,,,,,,,,
Supply Chain Management,CATL,2023,Number of suppliers with due diligence audits initiated by the Company,60,No.,,,,,,,,
Supply Chain Management,CATL,2024,Number of suppliers with due diligence audits initiated by the Company,118,No.,,,,,,,,
R&D innovation,CATL,2022,R&D investment,1551045.35,RMB 10 thousand,,,,,,,,
R&D innovation,CATL,2023,R&D investment,1835610.84,RMB 10 thousand,,,,,,,,
R&D innovation,CATL,2024,R&D investment,1860675.6,RMB 10 thousand,,,,,,,,
R&D innovation,CATL,2022,R&D investment growth rate,101.66,%,,,,,,,,
R&D innovation,CATL,2023,R&D investment growth rate,18.35,%,,,,,,,,
R&D innovation,CATL,2024,R&D investment growth rate,1.37,%,,,,,,,,
R&D innovation,CATL,2022,Ratio of R&D investment to revenue,4.72,%,,,,,,,,
R&D innovation,CATL,2023,Ratio of R&D investment to revenue,4.58,%,,,,,,,,
R&D innovation,CATL,2024,Ratio of R&D investment to revenue,5.14,%,,,,,,,,
R&D innovation,CATL,2022,Total number of R&D personnel,16322,Person,,,,,,,,
R&D innovation,CATL,2023,Total number of R&D personnel,20604,Person,,,,,,,,
R&D innovation,CATL,2024,Total number of R&D personnel,20346,Person,,,,,,,,
R&D innovation,CATL,2022,R&D personnel with doctoral degree,264,Person,,,,,,,,
R&D innovation,CATL,2023,R&D personnel with doctoral degree,361,Person,,,,,,,,
R&D innovation,CATL,2024,R&D personnel with doctoral degree,573,Person,,,,,,,,
R&D innovation,CATL,2022,R&D personnel with master’s degree,2852,Person,,,,,,,,
R&D innovation,CATL,2023,R&D personnel with master’s degree,3913,Person,,,,,,,,
R&D innovation,CATL,2024,R&D personnel with master’s degree,5083,Person,,,,,,,,
Environment: Energy Utilization,CATL,2022,Total energy consumption,9555593.31,MWh,2022/2023 data reviewed/adjusted internally. Includes coal, natural gas, gasoline, diesel, LPG, acetylene, steam, and electricity. (Note 2)
Environment: Energy Utilization,CATL,2023,Total energy consumption,10524882.7,MWh,2022/2023 data reviewed/adjusted internally. Includes coal, natural gas, gasoline, diesel, LPG, acetylene, steam, and electricity. (Note 2)
Environment: Energy Utilization,CATL,2024,Total energy consumption,18302906.69,MWh,Expanded scope of data collection to all subsidiaries with significant environmental impacts (Note 1). Includes coal, natural gas, gasoline, diesel, LPG, acetylene, steam, and electricity. (Note 2)
Environment: Energy Utilization,CATL,2022,Direct energy consumption,3206543.73,MWh,Includes natural gas, coal, gasoline, diesel, LPG, and acetylene (Note 3),,
Environment: Energy Utilization,CATL,2023,Direct energy consumption,3609380.11,MWh,Includes natural gas, coal, gasoline, diesel, LPG, and acetylene (Note 3),,
Environment: Energy Utilization,CATL,2024,Direct energy consumption,6943554.44,MWh,Expanded scope of data collection (Note 1). Includes natural gas, coal, gasoline, diesel, LPG, and acetylene (Note 3),,
Environment: Energy Utilization,CATL,2022,Indirect energy consumption,6349049.58,MWh,Includes electricity and externally purchased steam (Note 4),,,,,,,
Environment: Energy Utilization,CATL,2023,Indirect energy consumption,6915502.59,MWh,Includes electricity and externally purchased steam (Note 4),,,,,,,
Environment: Energy Utilization,CATL,2024,Indirect energy consumption,11359352.25,MWh,Expanded scope of data collection (Note 1). Includes electricity and externally purchased steam (Note 4),,,,,,,
Environment: Energy Utilization,CATL,2022,Energy use intensity,——,MWh/RMB 10 thousand,,,,,,,,
Environment: Energy Utilization,CATL,2023,Energy use intensity,——,MWh/RMB 10 thousand,,,,,,,,
Environment: Energy Utilization,CATL,2024,Energy use intensity,0.51,MWh/RMB 10 thousand,Total energy consumption/Operating revenue (Note 5),,,,,,,
Environment: Energy Utilization (By Type),CATL,2024,Natural gas consumption,4643142.52,MWh,,,,,,,,
Environment: Energy Utilization (By Type),CATL,2024,Steam consumption,894695.44,MWh,,,,,,,,
Environment: Energy Utilization (By Type),CATL,2024,Electricity consumption,10464656.81,MWh,,,,,,,,
Environment: Energy Utilization (By Type),CATL,2024,Coal consumption,2256864.7,MWh,,,,,,,,
Environment: Energy Utilization (By Type),CATL,2024,Other energy sources consumption,43547.22,MWh,Includes gasoline, diesel, LPG, and acetylene (Note 1),,,,
Environment: Clean Energy Utilization (By Type),CATL,2024,Total clean energy consumption,9100943.2,MWh,,,,,,,,
Environment: Clean Energy Utilization (By Type),CATL,2024,Natural gas consumption (Clean Energy),4643142.52,MWh,,,,,,,,
Environment: Clean Energy Utilization (By Type),CATL,2024,Natural gas proportion of clean energy,51.02,%,,,,,,,,
Environment: Clean Energy Utilization (By Type),CATL,2024,Wind energy consumption,249485.51,MWh,,,,,,,,
Environment: Clean Energy Utilization (By Type),CATL,2024,Wind energy proportion of clean energy,2.74,%,,,,,,,,
Environment: Clean Energy Utilization (By Type),CATL,2024,Solar energy consumption,792711.91,MWh,,,,,,,,
Environment: Clean Energy Utilization (By Type),CATL,2024,Solar energy proportion of clean energy,8.71,%,,,,,,,,
Environment: Clean Energy Utilization (By Type),CATL,2024,Hydropower consumption,3415603.26,MWh,,,,,,,,
Environment: Clean Energy Utilization (By Type),CATL,2024,Hydropower proportion of clean energy,37.53,%,,,,,,,,
Environment: Climate Actions (Battery Production Bases),CATL,2022,Total greenhouse gas emissions (Scope 1 & 2),3242832.72,tCO2e,Revised data from previous report (Note 1),,,,,,,
Environment: Climate Actions (Battery Production Bases),CATL,2023,Total greenhouse gas emissions (Scope 1 & 2),2243174.05,tCO2e,Revised data from previous report (Note 1),,,,,,,
Environment: Climate Actions (Battery Production Bases),CATL,2024,Total greenhouse gas emissions (Scope 1 & 2),2353799.4,tCO2e,,,,,,,,
Environment: Climate Actions (Battery Production Bases),CATL,2022,Total Scope 1 greenhouse gas emissions,610885.46,tCO2e,Revised data from previous report (Note 1). Includes fossil fuel consumption, production process, and fugitive emissions (Note 2),,,,,
Environment: Climate Actions (Battery Production Bases),CATL,2023,Total Scope 1 greenhouse gas emissions,765338.97,tCO2e,Revised data from previous report (Note 1). Includes fossil fuel consumption, production process, and fugitive emissions (Note 2),,,,,
Environment: Climate Actions (Battery Production Bases),CATL,2024,Total Scope 1 greenhouse gas emissions,930440.28,tCO2e,Includes fossil fuel consumption, production process, and fugitive emissions (Note 2),,,,,
Environment: Climate Actions (Battery Production Bases),CATL,2024,Scope 1 emissions: Cell,872291.8,tCO2e,,,,,,,,
Environment: Climate Actions (Battery Production Bases),CATL,2024,Scope 1 emissions: Module,1968.17,tCO2e,,,,,,,,
Environment: Climate Actions (Battery Production Bases),CATL,2024,Scope 1 emissions: Pack,3815.8,tCO2e,,,,,,,,
Environment: Climate Actions (Battery Production Bases),CATL,2024,Scope 1 emissions: Others,52364.5,tCO2e,,,,,,,,
Environment: Climate Actions (Battery Production Bases),CATL,2022,Total Scope 2 greenhouse gas emissions,2631947.26,tCO2e,Revised data from previous report (Note 1). Includes purchased electricity and steam (Note 2),,,,,,,
Environment: Climate Actions (Battery Production Bases),CATL,2023,Total Scope 2 greenhouse gas emissions,1477835.08,tCO2e,Revised data from previous report (Note 1). Includes purchased electricity and steam (Note 2),,,,,,,
Environment: Climate Actions (Battery Production Bases),CATL,2024,Total Scope 2 greenhouse gas emissions,1423359.12,tCO2e,Includes purchased electricity and steam (Note 2),,,,,,,
Environment: Climate Actions (Battery Production Bases),CATL,2024,Scope 2 emissions: Cell,1255434.02,tCO2e,,,,,,,,
Environment: Climate Actions (Battery Production Bases),CATL,2024,Scope 2 emissions: Module,19924.76,tCO2e,,,,,,,,
Environment: Climate Actions (Battery Production Bases),CATL,2024,Scope 2 emissions: Pack,36098.72,tCO2e,,,,,,,,
Environment: Climate Actions (Battery Production Bases),CATL,2024,Scope 2 emissions: Others,111901.62,tCO2e,,,,,,,,
Environment: Climate Actions (Battery Production Bases),CATL,2022,Greenhouse gas emission intensity,9.98,tCO2e/MWh,Calculated as total GHG emission/total output of cell products (Note 3),,,,,,,
Environment: Climate Actions (Battery Production Bases),CATL,2023,Greenhouse gas emission intensity,5.77,tCO2e/MWh,Calculated as total GHG emission/total output of cell products (Note 3),,,,,,,
Environment: Climate Actions (Battery Production Bases),CATL,2024,Greenhouse gas emission intensity,4.56,tCO2e/MWh,Calculated as total GHG emission/total output of cell products. Decline mainly due to increased zero-carbon electricity and improved energy efficiency (Note 3),,,,,,,
Environment: Climate Actions (Battery Production Bases),CATL,2022,Greenhouse gas emission intensity: Cell,8.74,tCO2e/MWh,Calculated as total GHG emission/total output of cell products (Note 3),,,,,,,
Environment: Climate Actions (Battery Production Bases),CATL,2023,Greenhouse gas emission intensity: Cell,5.02,tCO2e/MWh,Calculated as total GHG emission/total output of cell products (Note 3),,,,,,,
Environment: Climate Actions (Battery Production Bases),CATL,2024,Greenhouse gas emission intensity: Cell,4.12,tCO2e/MWh,Calculated as total GHG emission/total output of cell products (Note 3),,,,,,,
Environment: Climate Actions (Battery Production Bases),CATL,2022,Greenhouse gas emission intensity: Module,0.34,tCO2e/MWh,Calculated as total GHG emission/total output of cell products (Note 3),,,,,,,
Environment: Climate Actions (Battery Production Bases),CATL,2023,Greenhouse gas emission intensity: Module,0.15,tCO2e/MWh,Calculated as total GHG emission/total output of cell products (Note 3),,,,,,,
Environment: Climate Actions (Battery Production Bases),CATL,2024,Greenhouse gas emission intensity: Module,0.04,tCO2e/MWh,Calculated as total GHG emission/total output of cell products (Note 3),,,,,,,
Environment: Climate Actions (Battery Production Bases),CATL,2022,Greenhouse gas emission intensity: Pack,0.22,tCO2e/MWh,Calculated as total GHG emission/total output of cell products (Note 3),,,,,,,
Environment: Climate Actions (Battery Production Bases),CATL,2023,Greenhouse gas emission intensity: Pack,0.11,tCO2e/MWh,Calculated as total GHG emission/total output of cell products (Note 3),,,,,,,
Environment: Climate Actions (Battery Production Bases),CATL,2024,Greenhouse gas emission intensity: Pack,0.08,tCO2e/MWh,Calculated as total GHG emission/total output of cell products (Note 3),,,,,,,
Environment: Climate Actions (Battery Production Bases),CATL,2022,Greenhouse gas emission intensity: Others,0.69,tCO2e/MWh,Calculated as total GHG emission/total output of cell products (Note 3),,,,,,,
Environment: Climate Actions (Battery Production Bases),CATL,2023,Greenhouse gas emission intensity: Others,0.49,tCO2e/MWh,Calculated as total GHG emission/total output of cell products (Note 3),,,,,,,
Environment: Climate Actions (Battery Production Bases),CATL,2024,Greenhouse gas emission intensity: Others,0.32,tCO2e/MWh,Calculated as total GHG emission/total output of cell products (Note 3),,,,,,,
Environment: Climate Actions (Battery Production Bases),CATL,2022,Greenhouse gas emissions intensity year-on-year decrease ratio,28.61,%,Decline ratio calculation formula provided (Note 4),,,,,,,
Environment: Climate Actions (Battery Production Bases),CATL,2023,Greenhouse gas emissions intensity year-on-year decrease ratio,42.18,%,Decline ratio calculation formula provided (Note 4),,,,,,,
Environment: Climate Actions (Battery Production Bases),CATL,2024,Greenhouse gas emissions intensity year-on-year decrease ratio,20.97,%,Decline ratio calculation formula provided (Note 4),,,,,,,
Environment: Climate Actions (Group Emissions),CATL,2024,Total greenhouse gas emissions (Group),118302849.9,tCO2e,,,,,,,,
Environment: Climate Actions (Group Emissions),CATL,2024,Scope 1 greenhouse gas emissions (Group),2401702.32,tCO2e,Emission factors for various sources referenced from 2006 IPCC Guidelines (Note 1),,,,,,,
Environment: Climate Actions (Group Emissions),CATL,2024,Scope 2 greenhouse gas emissions (Group),3550150.78,tCO2e,,,,,,,,
Environment: Climate Actions (Group Emissions),CATL,2024,Scope 3 greenhouse gas emissions (Group),112350996.8,tCO2e,Select categories accounted for based on materiality assessment (Note 2),,,,,,,
Environment: Climate Actions (Group Emissions Intensity),CATL,2024,Scope 1 greenhouse gas emission intensity (Group),6.63,tCO2e/RMB million,,,,,,,,
Environment: Climate Actions (Group Emissions Intensity),CATL,2024,Scope 2 greenhouse gas emission intensity (Group),9.81,tCO2e/RMB million,,,,,,,,
Environment: Climate Actions (Group Emissions Intensity),CATL,2024,Scope 3 greenhouse gas emission intensity (Group),310.35,tCO2e/RMB million,,,,,,,,
Environment: Water Resource Utilization,CATL,2022,Total water withdrawl,20407511.94,m3,,,,,,,,
Environment: Water Resource Utilization,CATL,2023,Total water withdrawl,25479086.86,m3,,,,,,,,
Environment: Water Resource Utilization,CATL,2024,Total water withdrawl,3579322964,m3,Expanded scope of data collection to include all subsidiaries with significant environmental impacts, including battery materials and mineral resources sectors (Note 1),,,,,,
Environment: Emissions (Water/Air Pollutant Discharge),CATL,2022,Chemical oxygen demand (COD),51.26,t,,,,,,,,
Environment: Emissions (Water/Air Pollutant Discharge),CATL,2023,Chemical oxygen demand (COD),66.41,t,,,,,,,,
Environment: Emissions (Water/Air Pollutant Discharge),CATL,2024,Chemical oxygen demand (COD),95.16,t,Expanded scope of data collection (Note 1),,,,,,,
Environment: Emissions (Water/Air Pollutant Discharge),CATL,2022,Ammoniacal nitrogen (NH3-N),4.63,t,,,,,,,,
Environment: Emissions (Water/Air Pollutant Discharge),CATL,2023,Ammoniacal nitrogen (NH3-N),4.86,t,,,,,,,,
Environment: Emissions (Water/Air Pollutant Discharge),CATL,2024,Ammoniacal nitrogen (NH3-N),15.49,t,Expanded scope of data collection (Note 1),,,,,,,
Environment: Emissions (Water/Air Pollutant Discharge),CATL,2022,Nitrogen oxides (NOX),223.16,t,,,,,,,,
Environment: Emissions (Water/Air Pollutant Discharge),CATL,2023,Nitrogen oxides (NOX),217.83,t,,,,,,,,
Environment: Emissions (Water/Air Pollutant Discharge),CATL,2024,Nitrogen oxides (NOX),2841.7,t,Expanded scope of data collection (Note 1),,,,,,,
Environment: Emissions (Water/Air Pollutant Discharge),CATL,2022,Sulfur dioxide (SO2),9.96,t,,,,,,,,
Environment: Emissions (Water/Air Pollutant Discharge),CATL,2023,Sulfur dioxide (SO2),13.78,t,,,,,,,,
Environment: Emissions (Water/Air Pollutant Discharge),CATL,2024,Sulfur dioxide (SO2),12067.14,t,Expanded scope of data collection (Note 1),,,,,,,
Environment: Emissions (Water/Air Pollutant Discharge),CATL,2022,Volatile organic compounds (VOCs),——,t,,,,,,,,
Environment: Emissions (Water/Air Pollutant Discharge),CATL,2023,Volatile organic compounds (VOCs),771.14,t,Calculated based on material balance method, covering process production (Note 2),,,,,,
Environment: Emissions (Water/Air Pollutant Discharge),CATL,2024,Volatile organic compounds (VOCs),1094.32,t,Expanded scope of data collection (Note 1). Calculated based on material balance method, covering process production (Note 2),,,,,,
Environment: Waste Management (General Industrial Solid Waste),CATL,2022,Total general industrial solid waste,698292,t,,,,,,,,
Environment: Waste Management (General Industrial Solid Waste),CATL,2023,Total general industrial solid waste,720441,t,,,,,,,,
Environment: Waste Management (General Industrial Solid Waste),CATL,2024,Total general industrial solid waste,10035807,t,Expanded scope of data collection (Note 1),,,,,,,
Environment: Waste Management (General Industrial Solid Waste),CATL,2022,General industrial solid waste disposed,90648,t,,,,,,,,
Environment: Waste Management (General Industrial Solid Waste),CATL,2023,General industrial solid waste disposed,81523,t,,,,,,,,
Environment: Waste Management (General Industrial Solid Waste),CATL,2024,General industrial solid waste disposed,9180825,t,Expanded scope of data collection (Note 1),,,,,,,
Environment: Waste Management (General Industrial Solid Waste),CATL,2022,General industrial solid waste disposed: Burning (with energy recovery),88563,t,,,,,,,,
Environment: Waste Management (General Industrial Solid Waste),CATL,2023,General industrial solid waste disposed: Burning (with energy recovery),78033,t,,,,,,,,
Environment: Waste Management (General Industrial Solid Waste),CATL,2024,General industrial solid waste disposed: Burning (with energy recovery),19182,t,Expanded scope of data collection (Note 1),,,,,,,
Environment: Waste Management (General Industrial Solid Waste),CATL,2022,General industrial solid waste disposed: Burning (w/o energy recovery),1212,t,,,,,,,,
Environment: Waste Management (General Industrial Solid Waste),CATL,2023,General industrial solid waste disposed: Burning (w/o energy recovery),2575,t,,,,,,,,
Environment: Waste Management (General Industrial Solid Waste),CATL,2024,General industrial solid waste disposed: Burning (w/o energy recovery),113143,t,Expanded scope of data collection (Note 1),,,,,,,
Environment: Waste Management (General Industrial Solid Waste),CATL,2022,General industrial solid waste disposed: Landfill,873,t,,,,,,,,
Environment: Waste Management (General Industrial Solid Waste),CATL,2023,General industrial solid waste disposed: Landfill,915,t,,,,,,,,
Environment: Waste Management (General Industrial Solid Waste),CATL,2024,General industrial solid waste disposed: Landfill,9048500,t,Expanded scope of data collection (Note 1),,,,,,,
Environment: Waste Management (General Industrial Solid Waste),CATL,2022,Total recycled general industrial solid waste,607643,t,,,,,,,,
Environment: Waste Management (General Industrial Solid Waste),CATL,2023,Total recycled general industrial solid waste,638918,t,,,,,,,,
Environment: Waste Management (General Industrial Solid Waste),CATL,2024,Total recycled general industrial solid waste,854982,t,Expanded scope of data collection (Note 1),,,,,,,
Environment: Waste Management (General Industrial Solid Waste),CATL,2022,General industrial solid waste reused,352932,t,Includes NMP waste and cascading utilization of waste batteries (Note 3),,,,,,,
Environment: Waste Management (General Industrial Solid Waste),CATL,2023,General industrial solid waste reused,368679,t,Includes NMP waste and cascading utilization of waste batteries (Note 3),,,,,,,
Environment: Waste Management (General Industrial Solid Waste),CATL,2024,General industrial solid waste reused,413957,t,Expanded scope of data collection (Note 1). Includes NMP waste and cascading utilization of waste batteries (Note 3),,,,,,,
Environment: Waste Management (General Industrial Solid Waste),CATL,2022,General industrial solid waste recycled,101124,t,Includes copper/aluminum foil scrap, waste graphite, waste paper/plastics/wood, and metal waste (Note 4),,,,
Environment: Waste Management (General Industrial Solid Waste),CATL,2023,General industrial solid waste recycled,82593,t,Includes copper/aluminum foil scrap, waste graphite, waste paper/plastics/wood, and metal waste (Note 4),,,,
Environment: Waste Management (General Industrial Solid Waste),CATL,2024,General industrial solid waste recycled,216349,t,Expanded scope of data collection (Note 1). Includes copper/aluminum foil scrap, waste graphite, waste paper/plastics/wood, and metal waste (Note 4),,,,
Environment: Waste Management (General Industrial Solid Waste),CATL,2022,General industrial solid waste recovered in other ways,153587,t,Recovered and utilized as resources after change of purpose (Note 5),,,,,,,
Environment: Waste Management (General Industrial Solid Waste),CATL,2023,General industrial solid waste recovered in other ways,187646,t,Recovered and utilized as resources after change of purpose (Note 5),,,,,,,
Environment: Waste Management (General Industrial Solid Waste),CATL,2024,General industrial solid waste recovered in other ways,224676,t,Expanded scope of data collection (Note 1). Recovered and utilized as resources after change of purpose (Note 5),,,,,,,
Environment: Waste Management (Hazardous Waste),CATL,2022,Total hazardous waste,12109,t,,,,,,,,
Environment: Waste Management (Hazardous Waste),CATL,2023,Total hazardous waste,13947,t,,,,,,,,
Environment: Waste Management (Hazardous Waste),CATL,2024,Total hazardous waste,17121,t,Expanded scope of data collection (Note 1),,,,,,,
Environment: Waste Management (Hazardous Waste),CATL,2022,Hazardous waste disposed,11297,t,,,,,,,,
Environment: Waste Management (Hazardous Waste),CATL,2023,Hazardous waste disposed,12311,t,,,,,,,,
Environment: Waste Management (Hazardous Waste),CATL,2024,Hazardous waste disposed,15659,t,Expanded scope of data collection (Note 1),,,,,,,
Environment: Waste Management (Hazardous Waste),CATL,2022,Hazardous waste disposed: Burning (with energy recovery),10,t,,,,,,,,
Environment: Waste Management (Hazardous Waste),CATL,2023,Hazardous waste disposed: Burning (with energy recovery),487,t,,,,,,,,
Environment: Waste Management (Hazardous Waste),CATL,2024,Hazardous waste disposed: Burning (with energy recovery),4220,t,Expanded scope of data collection (Note 1),,,,,,,
Environment: Waste Management (Hazardous Waste),CATL,2022,Hazardous waste disposed: Burning (w/o energy recovery),8707,t,,,,,,,,
Environment: Waste Management (Hazardous Waste),CATL,2023,Hazardous waste disposed: Burning (w/o energy recovery),10320,t,,,,,,,,
Environment: Waste Management (Hazardous Waste),CATL,2024,Hazardous waste disposed: Burning (w/o energy recovery),7007,t,Expanded scope of data collection (Note 1),,,,,,,
Environment: Waste Management (Hazardous Waste),CATL,2022,Hazardous waste disposed: Landfill,2511,t,,,,,,,,
Environment: Waste Management (Hazardous Waste),CATL,2023,Hazardous waste disposed: Landfill,1385,t,,,,,,,,
Environment: Waste Management (Hazardous Waste),CATL,2024,Hazardous waste disposed: Landfill,3832,t,Expanded scope of data collection (Note 1),,,,,,,
Environment: Waste Management (Hazardous Waste),CATL,2022,Hazardous waste disposed: Others,69,t,,,,,,,,
Environment: Waste Management (Hazardous Waste),CATL,2023,Hazardous waste disposed: Others,119,t,,,,,,,,
Environment: Waste Management (Hazardous Waste),CATL,2024,Hazardous waste disposed: Others,600,t,Expanded scope of data collection (Note 1),,,,,,,
Environment: Waste Management (Hazardous Waste),CATL,2022,Total hazardous wastes reused and recycled,812,t,,,,,,,,
Environment: Waste Management (Hazardous Waste),CATL,2023,Total hazardous wastes reused and recycled,1636,t,,,,,,,,
Environment: Waste Management (Hazardous Waste),CATL,2024,Total hazardous wastes reused and recycled,1462,t,Expanded scope of data collection (Note 1),,,,,,,
Environment: Waste Management (Hazardous Waste),CATL,2022,Hazardous waste reused,0,t,Recycled regenerated waste activated carbon, among others (Note 3),,,,,,
Environment: Waste Management (Hazardous Waste),CATL,2023,Hazardous waste reused,148,t,Recycled regenerated waste activated carbon, among others (Note 3),,,,,,
Environment: Waste Management (Hazardous Waste),CATL,2024,Hazardous waste reused,97,t,Expanded scope of data collection (Note 1). Recycled regenerated waste activated carbon, among others (Note 3),,,,,,
Environment: Waste Management (Hazardous Waste),CATL,2022,Hazardous waste recycled,797,t,Includes waste mineral oil drums, scrap metals contaminated with cutting fluid, and mineral oil (Note 4),,,,,
Environment: Waste Management (Hazardous Waste),CATL,2023,Hazardous waste recycled,1415,t,Includes waste mineral oil drums, scrap metals contaminated with cutting fluid, and mineral oil (Note 4),,,,,
Environment: Waste Management (Hazardous Waste),CATL,2024,Hazardous waste recycled,664,t,Expanded scope of data collection (Note 1). Includes waste mineral oil drums, scrap metals contaminated with cutting fluid, and mineral oil (Note 4),,,,,
Environment: Waste Management (Hazardous Waste),CATL,2022,Hazardous waste recovered in other ways,15,t,Recovered and utilized as resources after change of purpose (Note 5),,,,,,,
Environment: Waste Management (Hazardous Waste),CATL,2023,Hazardous waste recovered in other ways,73,t,Recovered and utilized as resources after change of purpose (Note 5),,,,,,,
Environment: Waste Management (Hazardous Waste),CATL,2024,Hazardous waste recovered in other ways,701,t,Expanded scope of data collection (Note 1). Recovered and utilized as resources after change of purpose (Note 5),,,,,,,
Customer Relationship Management,CATL,2022,Satisfaction ratio in customer satisfaction survey,88,%,,,,,,,,
Customer Relationship Management,CATL,2023,Satisfaction ratio in customer satisfaction survey,89,%,,,,,,,,
Customer Relationship Management,CATL,2024,Satisfaction ratio in customer satisfaction survey,94,%,,,,,,,,
Customer Relationship Management,CATL,2022,Number of complaints received about products and services,419,No.,,,,,,,,
Customer Relationship Management,CATL,2023,Number of complaints received about products and services,706,No.,,,,,,,,
Customer Relationship Management,CATL,2024,Number of complaints received about products and services,575,No.,,,,,,,,
Customer Relationship Management,CATL,2022,Complaint settlement ratio,100,%,,,,,,,,
Customer Relationship Management,CATL,2023,Complaint settlement ratio,100,%,,,,,,,,
Customer Relationship Management,CATL,2024,Complaint settlement ratio,100,%,,,,,,,,
Intellectual Property Protection,CATL,2022,Number of granted patents,6583,No.,As of the end of the reporting period (Note 1),,,,,,,
Intellectual Property Protection,CATL,2023,Number of granted patents,9987,No.,As of the end of the reporting period (Note 1),,,,,,,
Intellectual Property Protection,CATL,2024,Number of granted patents,16145,No.,As of the end of the reporting period (Note 1),,,,,,,
Intellectual Property Protection,CATL,2022,Number of granted patents: Domestic,5518,No.,As of the end of the reporting period (Note 1),,,,,,,
Intellectual Property Protection,CATL,2023,Number of granted patents: Domestic,8137,No.,As of the end of the reporting period (Note 1),,,,,,,
Intellectual Property Protection,CATL,2024,Number of granted patents: Domestic,12834,No.,As of the end of the reporting period (Note 1),,,,,,,
Intellectual Property Protection,CATL,2022,Number of granted patents: Overseas,1065,No.,As of the end of the reporting period (Note 1),,,,,,,
Intellectual Property Protection,CATL,2023,Number of granted patents: Overseas,1850,No.,As of the end of the reporting period (Note 1),,,,,,,
Intellectual Property Protection,CATL,2024,Number of granted patents: Overseas,3311,No.,As of the end of the reporting period (Note 1),,,,,,,
Intellectual Property Protection,CATL,2022,Number of patents in application,10054,No.,As of the end of the reporting period (Note 1),,,,,,,
Intellectual Property Protection,CATL,2023,Number of patents in application,19500,No.,As of the end of the reporting period (Note 1),,,,,,,
Intellectual Property Protection,CATL,2024,Number of patents in application,27209,No.,As of the end of the reporting period (Note 1),,,,,,,
Society: Employees’ Rights and Benefits,CATL,2022,Total number of employees,118914,Person,,,,,,,,
Society: Employees’ Rights and Benefits,CATL,2023,Total number of employees,116055,Person,,,,,,,,
Society: Employees’ Rights and Benefits,CATL,2024,Total number of employees,131988,Person,,,,,,,,
Society: Employees’ Rights and Benefits,CATL,2022,Percentage of employees: Female,23.49,%,Total proportion may not sum to 100% due to data confidentiality (Note 1),,,,,,,
Society: Employees’ Rights and Benefits,CATL,2023,Percentage of employees: Female,23.26,%,Total proportion may not sum to 100% due to data confidentiality (Note 1),,,,,,,
Society: Employees’ Rights and Benefits,CATL,2024,Percentage of employees: Female,22.22,%,Total proportion may not sum to 100% due to data confidentiality (Note 1),,,,,,,
Society: Employees’ Rights and Benefits,CATL,2022,Percentage of employees: Male,75.95,%,Total proportion may not sum to 100% due to data confidentiality (Note 1),,,,,,,
Society: Employees’ Rights and Benefits,CATL,2023,Percentage of employees: Male,75.68,%,Total proportion may not sum to 100% due to data confidentiality (Note 1),,,,,,,
Society: Employees’ Rights and Benefits,CATL,2024,Percentage of employees: Male,76.61,%,Total proportion may not sum to 100% due to data confidentiality (Note 1),,,,,,,
Society: Employees’ Rights and Benefits,CATL,2022,Percentage of employees: Under 30 years old,49.96,%,Total proportion may not sum to 100% due to data confidentiality (Note 1),,,,,,,
Society: Employees’ Rights and Benefits,CATL,2023,Percentage of employees: Under 30 years old,45.52,%,Total proportion may not sum to 100% due to data confidentiality (Note 1),,,,,,,
Society: Employees’ Rights and Benefits,CATL,2024,Percentage of employees: Under 30 years old,44.95,%,Total proportion may not sum to 100% due to data confidentiality (Note 1),,,,,,,
Society: Employees’ Rights and Benefits,CATL,2022,Percentage of employees: 30 to 50 years old,49.19,%,Total proportion may not sum to 100% due to data confidentiality (Note 1),,,,,,,
Society: Employees’ Rights and Benefits,CATL,2023,Percentage of employees: 30 to 50 years old,52.94,%,Total proportion may not sum to 100% due to data confidentiality (Note 1),,,,,,,
Society: Employees’ Rights and Benefits,CATL,2024,Percentage of employees: 30 to 50 years old,53.44,%,Total proportion may not sum to 100% due to data confidentiality (Note 1),,,,,,,
Society: Employees’ Rights and Benefits,CATL,2022,Percentage of employees: Over 50 years old,0.3,%,Total proportion may not sum to 100% due to data confidentiality (Note 1),,,,,,,
Society: Employees’ Rights and Benefits,CATL,2023,Percentage of employees: Over 50 years old,0.43,%,Total proportion may not sum to 100% due to data confidentiality (Note 1),,,,,,,
Society: Employees’ Rights and Benefits,CATL,2024,Percentage of employees: Over 50 years old,0.44,%,Total proportion may not sum to 100% due to data confidentiality (Note 1),,,,,,,
Society: Employees’ Rights and Benefits,CATL,2022,Percentage of employees with doctoral degrees,0.24,%,Total proportion may not sum to 100% due to data confidentiality (Note 1),,,,,,,
Society: Employees’ Rights and Benefits,CATL,2023,Percentage of employees with doctoral degrees,0.34,%,Total proportion may not sum to 100% due to data confidentiality (Note 1),,,,,,,
Society: Employees’ Rights and Benefits,CATL,2024,Percentage of employees with doctoral degrees,0.47,%,Total proportion may not sum to 100% due to data confidentiality (Note 1),,,,,,,
Society: Employees’ Rights and Benefits,CATL,2022,Percentage of employees with master’s degrees,3.7,%,Total proportion may not sum to 100% due to data confidentiality (Note 1),,,,,,,
Society: Employees’ Rights and Benefits,CATL,2023,Percentage of employees with master’s degrees,5.15,%,Total proportion may not sum to 100% due to data confidentiality (Note 1),,,,,,,
Society: Employees’ Rights and Benefits,CATL,2024,Percentage of employees with master’s degrees,6.07,%,Total proportion may not sum to 100% due to data confidentiality (Note 1),,,,,,,
Society: Employees’ Rights and Benefits,CATL,2022,Percentage of employees with bachelor’s degrees,16.74,%,Total proportion may not sum to 100% due to data confidentiality (Note 1),,,,,,,
Society: Employees’ Rights and Benefits,CATL,2023,Percentage of employees with bachelor’s degrees,18.84,%,Total proportion may not sum to 100% due to data confidentiality (Note 1),,,,,,,
Society: Employees’ Rights and Benefits,CATL,2024,Percentage of employees with bachelor’s degrees,19.92,%,Total proportion may not sum to 100% due to data confidentiality (Note 1),,,,,,,
Society: Employees’ Rights and Benefits,CATL,2022,Percentage of employees below bachelor's degrees,78.77,%,Total proportion may not sum to 100% due to data confidentiality (Note 1),,,,,,,
Society: Employees’ Rights and Benefits,CATL,2023,Percentage of employees below bachelor's degrees,74.61,%,Total proportion may not sum to 100% due to data confidentiality (Note 1),,,,,,,
Society: Employees’ Rights and Benefits,CATL,2024,Percentage of employees below bachelor's degrees,73.53,%,Total proportion may not sum to 100% due to data confidentiality (Note 1),,,,,,,
Society: Employees’ Rights and Benefits,CATL,2022,Used times of mutual aid fund,164,Time,,,,,,,,
Society: Employees’ Rights and Benefits,CATL,2023,Used times of mutual aid fund,235,Time,,,,,,,,
Society: Employees’ Rights and Benefits,CATL,2024,Used times of mutual aid fund,287,Time,,,,,,,,
Society: Employees’ Rights and Benefits,CATL,2022,Used amount of mutual aid fund,198.95,RMB 10 thousand,,,,,,,,
Society: Employees’ Rights and Benefits,CATL,2023,Used amount of mutual aid fund,275.88,RMB 10 thousand,,,,,,,,
Society: Employees’ Rights and Benefits,CATL,2024,Used amount of mutual aid fund,360.55,RMB 10 thousand,,,,,,,,
Society: Employees’ Rights and Benefits,CATL,2022,Total number of employees that took parental leave,2502,Person,,,,,,,,
Society: Employees’ Rights and Benefits,CATL,2023,Total number of employees that took parental leave,10186,Person,,,,,,,,
Society: Employees’ Rights and Benefits,CATL,2024,Total number of employees that took parental leave,10729,Person,,,,,,,,
Society: Employees’ Rights and Benefits,CATL,2022,Number of female employees that took parental leave,848,Person,,,,,,,,
Society: Employees’ Rights and Benefits,CATL,2023,Number of female employees that took parental leave,2859,Person,,,,,,,,
Society: Employees’ Rights and Benefits,CATL,2024,Number of female employees that took parental leave,2659,Person,,,,,,,,
Society: Employees’ Rights and Benefits,CATL,2022,Number of male employees that took parental leave,1654,Person,,,,,,,,
Society: Employees’ Rights and Benefits,CATL,2023,Number of male employees that took parental leave,7327,Person,,,,,,,,
Society: Employees’ Rights and Benefits,CATL,2024,Number of male employees that took parental leave,8070,Person,,,,,,,,
Society: Employees’ Rights and Benefits,CATL,2022,Total number of employees that returned to work after parental leave,2418,Person,,,,,,,,
Society: Employees’ Rights and Benefits,CATL,2023,Total number of employees that returned to work after parental leave,10154,Person,,,,,,,,
Society: Employees’ Rights and Benefits,CATL,2024,Total number of employees that returned to work after parental leave,9657,Person,,,,,,,,
Society: Employees’ Rights and Benefits,CATL,2022,Number of female employees that returned to work after parental leave,811,Person,,,,,,,,
Society: Employees’ Rights and Benefits,CATL,2023,Number of female employees that returned to work after parental leave,2850,Person,,,,,,,,
Society: Employees’ Rights and Benefits,CATL,2024,Number of female employees that returned to work after parental leave,2295,Person,,,,,,,,
Society: Employees’ Rights and Benefits,CATL,2022,Number of male employees that returned to work after parental leave,1607,Person,,,,,,,,
Society: Employees’ Rights and Benefits,CATL,2023,Number of male employees that returned to work after parental leave,7304,Person,,,,,,,,
Society: Employees’ Rights and Benefits,CATL,2024,Number of male employees that returned to work after parental leave,7362,Person,,,,,,,,
Society: Employees’ Rights and Benefits,CATL,2022,Total employees still employed 12 months after parental leave return,——,Person,,,,,,,,
Society: Employees’ Rights and Benefits,CATL,2023,Total employees still employed 12 months after parental leave return,5294,Person,,,,,,,,
Society: Employees’ Rights and Benefits,CATL,2024,Total employees still employed 12 months after parental leave return,7832,Person,,,,,,,,
Society: Employees’ Rights and Benefits,CATL,2022,Female employees still employed 12 months after parental leave return,——,Person,,,,,,,,
Society: Employees’ Rights and Benefits,CATL,2023,Female employees still employed 12 months after parental leave return,1670,Person,,,,,,,,
Society: Employees’ Rights and Benefits,CATL,2024,Female employees still employed 12 months after parental leave return,2072,Person,,,,,,,,
Society: Employees’ Rights and Benefits,CATL,2022,Male employees still employed 12 months after parental leave return,——,Person,,,,,,,,
Society: Employees’ Rights and Benefits,CATL,2023,Male employees still employed 12 months after parental leave return,3624,Person,,,,,,,,
Society: Employees’ Rights and Benefits,CATL,2024,Male employees still employed 12 months after parental leave return,5760,Person,,,,,,,,
Society: Equity and Diversity,CATL,2022,Diversity of Management: Female,16.67,%,Total proportion may not sum to 100% (Note 1),,,,,,,
Society: Equity and Diversity,CATL,2023,Diversity of Management: Female,18.43,%,Total proportion may not sum to 100% (Note 1),,,,,,,
Society: Equity and Diversity,CATL,2024,Diversity of Management: Female,19.55,%,Total proportion may not sum to 100% (Note 1),,,,,,,
Society: Equity and Diversity,CATL,2022,Diversity of Management: Male,82.06,%,Total proportion may not sum to 100% (Note 1),,,,,,,
Society: Equity and Diversity,CATL,2023,Diversity of Management: Male,79.96,%,Total proportion may not sum to 100% (Note 1),,,,,,,
Society: Equity and Diversity,CATL,2024,Diversity of Management: Male,79.52,%,Total proportion may not sum to 100% (Note 1),,,,,,,
Society: Equity and Diversity,CATL,2022,Diversity of Management: Under 30 years old,35.47,%,Total proportion may not sum to 100% (Note 1),,,,,,,
Society: Equity and Diversity,CATL,2023,Diversity of Management: Under 30 years old,33.88,%,Total proportion may not sum to 100% (Note 1),,,,,,,
Society: Equity and Diversity,CATL,2024,Diversity of Management: Under 30 years old,33.39,%,Total proportion may not sum to 100% (Note 1),,,,,,,
Society: Equity and Diversity,CATL,2022,Diversity of Management: 30 to 50 years old,62.51,%,Total proportion may not sum to 100% (Note 1),,,,,,,
Society: Equity and Diversity,CATL,2023,Diversity of Management: 30 to 50 years old,63.67,%,Total proportion may not sum to 100% (Note 1),,,,,,,
Society: Equity and Diversity,CATL,2024,Diversity of Management: 30 to 50 years old,64.82,%,Total proportion may not sum to 100% (Note 1),,,,,,,
Society: Equity and Diversity,CATL,2022,Diversity of Management: Over 50 years old,0.76,%,Total proportion may not sum to 100% (Note 1),,,,,,,
Society: Equity and Diversity,CATL,2023,Diversity of Management: Over 50 years old,0.82,%,Total proportion may not sum to 100% (Note 1),,,,,,,
Society: Equity and Diversity,CATL,2024,Diversity of Management: Over 50 years old,0.86,%,Total proportion may not sum to 100% (Note 1),,,,,,,
Society: Equity and Diversity,CATL,2022,Diversity of New Employees: Female,23.45,%,Total proportion may not sum to 100% (Note 1),,,,,,,
Society: Equity and Diversity,CATL,2023,Diversity of New Employees: Female,22.01,%,Total proportion may not sum to 100% (Note 1),,,,,,,
Society: Equity and Diversity,CATL,2024,Diversity of New Employees: Female,18.87,%,Total proportion may not sum to 100% (Note 1),,,,,,,
Society: Equity and Diversity,CATL,2022,Diversity of New Employees: Male,75.88,%,Total proportion may not sum to 100% (Note 1),,,,,,,
Society: Equity and Diversity,CATL,2023,Diversity of New Employees: Male,75.62,%,Total proportion may not sum to 100% (Note 1),,,,,,,
Society: Equity and Diversity,CATL,2024,Diversity of New Employees: Male,79.65,%,Total proportion may not sum to 100% (Note 1),,,,,,,
Society: Equity and Diversity,CATL,2022,Diversity of New Employees: Under 30 years old,56.74,%,Total proportion may not sum to 100% (Note 1),,,,,,,
Society: Equity and Diversity,CATL,2023,Diversity of New Employees: Under 30 years old,59.73,%,Total proportion may not sum to 100% (Note 1),,,,,,,
Society: Equity and Diversity,CATL,2024,Diversity of New Employees: Under 30 years old,64.57,%,Total proportion may not sum to 100% (Note 1),,,,,,,
Society: Equity and Diversity,CATL,2022,Diversity of New Employees: 30 to 50 years old,42.48,%,Total proportion may not sum to 100% (Note 1),,,,,,,
Society: Equity and Diversity,CATL,2023,Diversity of New Employees: 30 to 50 years old,37.61,%,Total proportion may not sum to 100% (Note 1),,,,,,,
Society: Equity and Diversity,CATL,2024,Diversity of New Employees: 30 to 50 years old,33.83,%,Total proportion may not sum to 100% (Note 1),,,,,,,
Society: Equity and Diversity,CATL,2022,Diversity of New Employees: Over 50 years old,0.11,%,Total proportion may not sum to 100% (Note 1),,,,,,,
Society: Equity and Diversity,CATL,2023,Diversity of New Employees: Over 50 years old,0.2,%,Total proportion may not sum to 100% (Note 1),,,,,,,
Society: Equity and Diversity,CATL,2024,Diversity of New Employees: Over 50 years old,0.12,%,Total proportion may not sum to 100% (Note 1),,,,,,,
Society: Equity and Diversity,CATL,2022,Percentage of female employees in revenue-generating departments,16.15,%,Revenue-generating department data for 2024 mainly covers sales personnel (Note 1),,,,,,,
Society: Equity and Diversity,CATL,2023,Percentage of female employees in revenue-generating departments,16.56,%,Revenue-generating department data for 2024 mainly covers sales personnel (Note 1),,,,,,,
Society: Equity and Diversity,CATL,2024,Percentage of female employees in revenue-generating departments,21.8,%,Revenue-generating department data for 2024 mainly covers sales personnel (Note 1),,,,,,,
Society: Equity and Diversity,CATL,2022,Percentage of female employees engaged in STEM-related jobs,16.76,%,STEM-related jobs data for 2024 mainly covers technicians (Note 2),,,,,,,
Society: Equity and Diversity,CATL,2023,Percentage of female employees engaged in STEM-related jobs,17.05,%,STEM-related jobs data for 2024 mainly covers technicians (Note 2),,,,,,,
Society: Equity and Diversity,CATL,2024,Percentage of female employees engaged in STEM-related jobs,18.8,%,STEM-related jobs data for 2024 mainly covers technicians (Note 2),,,,,,,
Society: Talent Training and Development,CATL,2022,Employee training coverage,99.8,%,,,,,,,,
Society: Talent Training and Development,CATL,2023,Employee training coverage,99.8,%,,,,,,,,
Society: Talent Training and Development,CATL,2024,Employee training coverage,100,%,,,,,,,,
Society: Talent Training and Development,CATL,2022,Female employee training coverage,99.84,%,Calculation method provided (Note 1),,,,,,,
Society: Talent Training and Development,CATL,2023,Female employee training coverage,99.66,%,Calculation method provided (Note 1),,,,,,,
Society: Talent Training and Development,CATL,2024,Female employee training coverage,100,%,Calculation method provided (Note 1),,,,,,,
Society: Talent Training and Development,CATL,2022,Male employee training coverage,99.77,%,Calculation method provided (Note 1),,,,,,,
Society: Talent Training and Development,CATL,2023,Male employee training coverage,99.82,%,Calculation method provided (Note 1),,,,,,,
Society: Talent Training and Development,CATL,2024,Male employee training coverage,100,%,Calculation method provided (Note 1),,,,,,,
Society: Talent Training and Development,CATL,2022,Front-line employee training coverage,99.9,%,Calculation method provided (Note 1),,,,,,,
Society: Talent Training and Development,CATL,2023,Front-line employee training coverage,100,%,Calculation method provided (Note 1),,,,,,,
Society: Talent Training and Development,CATL,2024,Front-line employee training coverage,100,%,Calculation method provided (Note 1),,,,,,,
Society: Talent Training and Development,CATL,2022,Front-line management training coverage,99.75,%,Calculation method provided (Note 1),,,,,,,
Society: Talent Training and Development,CATL,2023,Front-line management training coverage,99.87,%,Calculation method provided (Note 1),,,,,,,
Society: Talent Training and Development,CATL,2024,Front-line management training coverage,100,%,Calculation method provided (Note 1),,,,,,,
Society: Talent Training and Development,CATL,2022,Middle management training coverage,97.76,%,Calculation method provided (Note 1),,,,,,,
Society: Talent Training and Development,CATL,2023,Middle management training coverage,99.44,%,Calculation method provided (Note 1),,,,,,,
Society: Talent Training and Development,CATL,2024,Middle management training coverage,100,%,Calculation method provided (Note 1),,,,,,,
Society: Talent Training and Development,CATL,2022,Senior management training coverage,67.05,%,Calculation method provided (Note 1),,,,,,,
Society: Talent Training and Development,CATL,2023,Senior management training coverage,98.77,%,Calculation method provided (Note 1),,,,,,,
Society: Talent Training and Development,CATL,2024,Senior management training coverage,100,%,Calculation method provided (Note 1),,,,,,,
Society: Talent Training and Development,CATL,2022,Average training hours received by employees,51.5,Hour,,,,,,,,
Society: Talent Training and Development,CATL,2023,Average training hours received by employees,55.5,Hour,,,,,,,,
Society: Talent Training and Development,CATL,2024,Average training hours received by employees,57.57,Hour,,,,,,,,
Society: Talent Training and Development,CATL,2022,Average training hours: Female,50.2,Hour,Calculation method provided (Note 2),,,,,,,
Society: Talent Training and Development,CATL,2023,Average training hours: Female,55.05,Hour,Calculation method provided (Note 2),,,,,,,
Society: Talent Training and Development,CATL,2024,Average training hours: Female,58.59,Hour,Calculation method provided (Note 2),,,,,,,
Society: Talent Training and Development,CATL,2022,Average training hours: Male,51.9,Hour,Calculation method provided (Note 2),,,,,,,
Society: Talent Training and Development,CATL,2023,Average training hours: Male,55.59,Hour,Calculation method provided (Note 2),,,,,,,
Society: Talent Training and Development,CATL,2024,Average training hours: Male,57.27,Hour,Calculation method provided (Note 2),,,,,,,
Society: Talent Training and Development,CATL,2022,Average training hours: Under 30 years old,59.2,Hour,Calculation method provided (Note 2),,,,,,,
Society: Talent Training and Development,CATL,2023,Average training hours: Under 30 years old,52.6,Hour,Calculation method provided (Note 2),,,,,,,
Society: Talent Training and Development,CATL,2024,Average training hours: Under 30 years old,49.64,Hour,Calculation method provided (Note 2),,,,,,,
Society: Talent Training and Development,CATL,2022,Average training hours: 30 to 50 years old,43.3,Hour,Calculation method provided (Note 2),,,,,,,
Society: Talent Training and Development,CATL,2023,Average training hours: 30 to 50 years old,58.01,Hour,Calculation method provided (Note 2),,,,,,,
Society: Talent Training and Development,CATL,2024,Average training hours: 30 to 50 years old,66.19,Hour,Calculation method provided (Note 2),,,,,,,
Society: Talent Training and Development,CATL,2022,Average training hours: Over 50 years old,30.1,Hour,Calculation method provided (Note 2),,,,,,,
Society: Talent Training and Development,CATL,2023,Average training hours: Over 50 years old,48.13,Hour,Calculation method provided (Note 2),,,,,,,
Society: Talent Training and Development,CATL,2024,Average training hours: Over 50 years old,70.37,Hour,Calculation method provided (Note 2),,,,,,,
Society: Talent Training and Development,CATL,2022,Average training hours: Front-line employee,51.3,Hour,Calculation method provided (Note 2),,,,,,,
Society: Talent Training and Development,CATL,2023,Average training hours: Front-line employee,51.69,Hour,Calculation method provided (Note 2),,,,,,,
Society: Talent Training and Development,CATL,2024,Average training hours: Front-line employee,53.61,Hour,Calculation method provided (Note 2),,,,,,,
Society: Talent Training and Development,CATL,2022,Average training hours: Front-line management,78.4,Hour,Calculation method provided (Note 2),,,,,,,
Society: Talent Training and Development,CATL,2023,Average training hours: Front-line management,72.63,Hour,Calculation method provided (Note 2),,,,,,,
Society: Talent Training and Development,CATL,2024,Average training hours: Front-line management,76.4,Hour,Calculation method provided (Note 2),,,,,,,
Society: Talent Training and Development,CATL,2022,Average training hours: Middle management,35.8,Hour,Calculation method provided (Note 2),,,,,,,
Society: Talent Training and Development,CATL,2023,Average training hours: Middle management,55.15,Hour,Calculation method provided (Note 2),,,,,,,
Society: Talent Training and Development,CATL,2024,Average training hours: Middle management,44.08,Hour,Calculation method provided (Note 2),,,,,,,
Society: Talent Training and Development,CATL,2022,Average training hours: Senior management,8.1,Hour,Calculation method provided (Note 2),,,,,,,
Society: Talent Training and Development,CATL,2023,Average training hours: Senior management,23.06,Hour,Calculation method provided (Note 2),,,,,,,
Society: Talent Training and Development,CATL,2024,Average training hours: Senior management,8.97,Hour,Calculation method provided (Note 2),,,,,,,
Society: Talent Training and Development,CATL,2022,Percentage of employees receiving regular performance and career development review,100,%,,,,,,,,
Society: Talent Training and Development,CATL,2023,Percentage of employees receiving regular performance and career development review,100,%,,,,,,,,
Society: Talent Training and Development,CATL,2024,Percentage of employees receiving regular performance and career development review,100,%,,,,,,,,
Society: Talent Training and Development,CATL,2022,Percentage of female employees receiving regular performance and career development review,100,%,Calculation method provided (Note 3),,,,,,,
Society: Talent Training and Development,CATL,2023,Percentage of female employees receiving regular performance and career development review,100,%,Calculation method provided (Note 3),,,,,,,
Society: Talent Training and Development,CATL,2024,Percentage of female employees receiving regular performance and career development review,100,%,Calculation method provided (Note 3),,,,,,,
Society: Talent Training and Development,CATL,2022,Percentage of male employees receiving regular performance and career development review,100,%,Calculation method provided (Note 3),,,,,,,
Society: Talent Training and Development,CATL,2023,Percentage of male employees receiving regular performance and career development review,100,%,Calculation method provided (Note 3),,,,,,,
Society: Talent Training and Development,CATL,2024,Percentage of male employees receiving regular performance and career development review,100,%,Calculation method provided (Note 3),,,,,,,
Society: Talent Training and Development,CATL,2022,Percentage of front-line employees receiving regular performance and career development review,100,%,Calculation method provided (Note 3),,,,,,,
Society: Talent Training and Development,CATL,2023,Percentage of front-line employees receiving regular performance and career development review,100,%,Calculation method provided (Note 3),,,,,,,
Society: Talent Training and Development,CATL,2024,Percentage of front-line employees receiving regular performance and career development review,100,%,Calculation method provided (Note 3),,,,,,,
Society: Talent Training and Development,CATL,2022,Percentage of front-line management receiving regular performance and career development review,100,%,Calculation method provided (Note 3),,,,,,,
Society: Talent Training and Development,CATL,2023,Percentage of front-line management receiving regular performance and career development review,100,%,Calculation method provided (Note 3),,,,,,,
Society: Talent Training and Development,CATL,2024,Percentage of front-line management receiving regular performance and career development review,100,%,Calculation method provided (Note 3),,,,,,,
Society: Talent Training and Development,CATL,2022,Percentage of middle management receiving regular performance and career development review,100,%,Calculation method provided (Note 3),,,,,,,
Society: Talent Training and Development,CATL,2023,Percentage of middle management receiving regular performance and career development review,100,%,Calculation method provided (Note 3),,,,,,,
Society: Talent Training and Development,CATL,2024,Percentage of middle management receiving regular performance and career development review,100,%,Calculation method provided (Note 3),,,,,,,
Society: Talent Training and Development,CATL,2022,Percentage of senior management receiving regular performance and career development review,100,%,Calculation method provided (Note 3),,,,,,,
Society: Talent Training and Development,CATL,2023,Percentage of senior management receiving regular performance and career development review,100,%,Calculation method provided (Note 3),,,,,,,
Society: Talent Training and Development,CATL,2024,Percentage of senior management receiving regular performance and career development review,100,%,Calculation method provided (Note 3),,,,,,,
Society: Occupational Health and Safety,CATL,2022,Number of major safety accidents and environmental pollution events,0,No.,,,,,,,,
Society: Occupational Health and Safety,CATL,2023,Number of major safety accidents and environmental pollution events,0,No.,,,,,,,,
Society: Occupational Health and Safety,CATL,2024,Number of major safety accidents and environmental pollution events,0,No.,,,,,,,,
Society: Occupational Health and Safety,CATL,2022,Number of safety drill activities,4652,Time,,,,,,,,
Society: Occupational Health and Safety,CATL,2023,Number of safety drill activities,8293,Time,,,,,,,,
Society: Occupational Health and Safety,CATL,2024,Number of safety drill activities,15462,Time,,,,,,,,
Society: Occupational Health and Safety,CATL,2022,Coverage of employee health and safety training,100,%,,,,,,,,
Society: Occupational Health and Safety,CATL,2023,Coverage of employee health and safety training,100,%,,,,,,,,
Society: Occupational Health and Safety,CATL,2024,Coverage of employee health and safety training,100,%,,,,,,,,
Society: Occupational Health and Safety,CATL,2022,Employee lost-time incident rate (LTIR),0.04,Case(s)/million hours,,,,,,,,
Society: Occupational Health and Safety,CATL,2023,Employee lost-time incident rate (LTIR),0.072,Case(s)/million hours,,,,,,,,
Society: Occupational Health and Safety,CATL,2024,Employee lost-time incident rate (LTIR),0.124,Case(s)/million hours,Increase due to expanded scope of data collection to include new sectors (Note 1),,,,,,,
Society: Public Welfare and Rural Revitalization,CATL,2022,Total investment in social public welfare,17648.53,RMB 10 thousand,,,,,,,,
Society: Public Welfare and Rural Revitalization,CATL,2023,Total investment in social public welfare,16940.24,RMB 10 thousand,,,,,,,,
Society: Public Welfare and Rural Revitalization,CATL,2024,Total investment in social public welfare,23758.45,RMB 10 thousand,,,,,,,,
Society: Public Welfare and Rural Revitalization,CATL,2022,Charitable donation amount,17446.36,RMB 10 thousand,Covers charitable donation with donation note produced by the finance department (Note 1),,,,,,,
Society: Public Welfare and Rural Revitalization,CATL,2023,Charitable donation amount,15081.5,RMB 10 thousand,Covers charitable donation with donation note produced by the finance department (Note 1),,,,,,,
Society: Public Welfare and Rural Revitalization,CATL,2024,Charitable donation amount,22624.58,RMB 10 thousand,Covers charitable donation with donation note produced by the finance department (Note 1),,,,,,,
Society: Public Welfare and Rural Revitalization,CATL,2022,Rural revitalization investment,159.2,RMB 10 thousand,,,,,,,,
Society: Public Welfare and Rural Revitalization,CATL,2023,Rural revitalization investment,3730.77,RMB 10 thousand,,,,,,,,
Society: Public Welfare and Rural Revitalization,CATL,2024,Rural revitalization investment,2205,RMB 10 thousand,,,,,,,,
Society: Public Welfare and Rural Revitalization,CATL,2022,Investment in social public welfare: Education assistance,11533.39,RMB 10 thousand,,,,,,,,
Society: Public Welfare and Rural Revitalization,CATL,2023,Investment in social public welfare: Education assistance,2167.16,RMB 10 thousand,,,,,,,,
Society: Public Welfare and Rural Revitalization,CATL,2024,Investment in social public welfare: Education assistance,21217.54,RMB 10 thousand,Significant contributions for educational assistance, including donations to Ningde Charity Federation (Note 2),,,,,,
Society: Public Welfare and Rural Revitalization,CATL,2022,Investment in social public welfare: Emergency rescue & disaster relief,5581.04,RMB 10 thousand,,,,,,,,
Society: Public Welfare and Rural Revitalization,CATL,2023,Investment in social public welfare: Emergency rescue & disaster relief,550,RMB 10 thousand,,,,,,,,
Society: Public Welfare and Rural Revitalization,CATL,2024,Investment in social public welfare: Emergency rescue & disaster relief,152.28,RMB 10 thousand,,,,,,,,
Society: Public Welfare and Rural Revitalization,CATL,2022,Investment in social public welfare: Community development,294.1,RMB 10 thousand,,,,,,,,
Society: Public Welfare and Rural Revitalization,CATL,2023,Investment in social public welfare: Community development,3936.58,RMB 10 thousand,,,,,,,,
Society: Public Welfare and Rural Revitalization,CATL,2024,Investment in social public welfare: Community development,2233.22,RMB 10 thousand,,,,,,,,
Society: Public Welfare and Rural Revitalization,CATL,2022,Investment in social public welfare: Environmental protection,140,RMB 10 thousand,,,,,,,,
Society: Public Welfare and Rural Revitalization,CATL,2023,Investment in social public welfare: Environmental protection,286,RMB 10 thousand,,,,,,,,
Society: Public Welfare and Rural Revitalization,CATL,2024,Investment in social public welfare: Environmental protection,49.55,RMB 10 thousand,,,,,,,,
Society: Public Welfare and Rural Revitalization,CATL,2022,Investment in social public welfare: Cultural and sports undertakings,100,RMB 10 thousand,,,,,,,,
Society: Public Welfare and Rural Revitalization,CATL,2023,Investment in social public welfare: Cultural and sports undertakings,0.5,RMB 10 thousand,,,,,,,,
Society: Public Welfare and Rural Revitalization,CATL,2024,Investment in social public welfare: Cultural and sports undertakings,48.12,RMB 10 thousand,,,,,,,,
Society: Public Welfare and Rural Revitalization,CATL,2022,Investment in social public welfare: Healthcare,——,RMB 10 thousand,,,,,,,,
Society: Public Welfare and Rural Revitalization,CATL,2023,Investment in social public welfare: Healthcare,——,RMB 10 thousand,,,,,,,,
Society: Public Welfare and Rural Revitalization,CATL,2024,Investment in social public welfare: Healthcare,7.74,RMB 10 thousand,,,,,,,,
Society: Public Welfare and Rural Revitalization,CATL,2022,Investment in social public welfare: Special-purpose funds,——,RMB 10 thousand,,,,,,,,
Society: Public Welfare and Rural Revitalization,CATL,2023,Investment in social public welfare: Special-purpose funds,10000,RMB 10 thousand,,,,,,,,
Society: Public Welfare and Rural Revitalization,CATL,2024,Investment in social public welfare: Special-purpose funds,50,RMB 10 thousand,,,,,,,,
Climate / Net equity total,ConocoPhillips,2020,Net Equity Greenhouse Gas Emissions,16700,thousand tonnes CO2e,"Footnote 2, 3",,,,,,
Climate / Net equity total,ConocoPhillips,2021,Net Equity Greenhouse Gas Emissions,18300,thousand tonnes CO2e,"Footnote 2, 3",,,,,,
Climate / Net equity total,ConocoPhillips,2022,Net Equity Greenhouse Gas Emissions,18358,thousand tonnes CO2e,"Footnote 2, 3",,,,,,
Climate / Net equity total,ConocoPhillips,2023,Net Equity Greenhouse Gas Emissions,20070,thousand tonnes CO2e,"Footnote 2, 3",,,,,,
Climate / Net equity total,ConocoPhillips,2024,Net Equity Greenhouse Gas Emissions,21110,thousand tonnes CO2e,"Footnote 2, 3",,,,,,
Climate / Net equity total,ConocoPhillips,2020,Net Equity GHG intensity,40.8,kg CO2e/BOE,Footnote 4,,,,,,,
Climate / Net equity total,ConocoPhillips,2021,Net Equity GHG intensity,32.9,kg CO2e/BOE,Footnote 4,,,,,,,
Climate / Net equity total,ConocoPhillips,2022,Net Equity GHG intensity,28.9,kg CO2e/BOE,Footnote 4,,,,,,,
Climate / Net equity total,ConocoPhillips,2023,Net Equity GHG intensity,30.1,kg CO2e/BOE,Footnote 4,,,,,,,
Climate / Net equity total,ConocoPhillips,2024,Net Equity GHG intensity,29.5,kg CO2e/BOE,Footnote 4,,,,,,,
Climate / Net equity total,ConocoPhillips,2020,Target Related Net Equity Intensity,40.2,kg CO2e/BOE,Footnote 5,,,,,,,
Climate / Net equity total,ConocoPhillips,2021,Target Related Net Equity Intensity,32.4,kg CO2e/BOE,Footnote 5,,,,,,,
Climate / Net equity total,ConocoPhillips,2022,Target Related Net Equity Intensity,28.5,kg CO2e/BOE,Footnote 5,,,,,,,
Climate / Net equity total,ConocoPhillips,2023,Target Related Net Equity Intensity,29.7,kg CO2e/BOE,Footnote 5,,,,,,,
Climate / Net equity total,ConocoPhillips,2024,Target Related Net Equity Intensity,29,kg CO2e/BOE,Footnote 5,,,,,,,
Climate / Operated total,ConocoPhillips,2020,Total GHG Intensity,34.3,kg CO2e/BOE,Footnote 6,,,,,,,
Climate / Operated total,ConocoPhillips,2021,Total GHG Intensity,26.9,kg CO2e/BOE,Footnote 6,,,,,,,
Climate / Operated total,ConocoPhillips,2022,Total GHG Intensity,23.3,kg CO2e/BOE,Footnote 6,,,,,,,
Climate / Operated total,ConocoPhillips,2023,Total GHG Intensity,25.3,kg CO2e/BOE,Footnote 6,,,,,,,
Climate / Operated total,ConocoPhillips,2024,Total GHG Intensity,22.4,kg CO2e/BOE,Footnote 6,,,,,,,
Climate / Operated total,ConocoPhillips,2020,Target Related GHG Intensity,33.8,kg CO2e/BOE,Footnote 6,,,,,,,
Climate / Operated total,ConocoPhillips,2021,Target Related GHG Intensity,26.6,kg CO2e/BOE,Footnote 6,,,,,,,
Climate / Operated total,ConocoPhillips,2022,Target Related GHG Intensity,22.9,kg CO2e/BOE,Footnote 6,,,,,,,
Climate / Operated total,ConocoPhillips,2023,Target Related GHG Intensity,24.9,kg CO2e/BOE,Footnote 6,,,,,,,
Climate / Operated total,ConocoPhillips,2024,Target Related GHG Intensity,22,kg CO2e/BOE,Footnote 6,,,,,,,
Climate / Operated total,ConocoPhillips,2020,CO2 from Operations,13800,thousand tonnes,Footnote 6,,,,,,
Climate / Operated total,ConocoPhillips,2021,CO2 from Operations,15900,thousand tonnes,Footnote 6,,,,,,
Climate / Operated total,ConocoPhillips,2022,CO2 from Operations,13229,thousand tonnes,Footnote 6,,,,,,
Climate / Operated total,ConocoPhillips,2023,CO2 from Operations,13113,thousand tonnes,Footnote 6,,,,,,
Climate / Operated total,ConocoPhillips,2024,CO2 from Operations,13146,thousand tonnes,Footnote 6,,,,,,
Climate / Operated total,ConocoPhillips,2020,CO2e from Imported Electricity (Scope 2),700,thousand tonnes,Footnote 6,,,,,,,
Climate / Operated total,ConocoPhillips,2021,CO2e from Imported Electricity (Scope 2),1000,thousand tonnes,Footnote 6,,,,,,
Climate / Operated total,ConocoPhillips,2022,CO2e from Imported Electricity (Scope 2),1060,thousand tonnes,Footnote 6,,,,,,
Climate / Operated total,ConocoPhillips,2023,CO2e from Imported Electricity (Scope 2),1001,thousand tonnes,Footnote 6,,,,,,
Climate / Operated total,ConocoPhillips,2024,CO2e from Imported Electricity (Scope 2),932,thousand tonnes,Footnote 6,,,,,,,
Climate / Operated total,ConocoPhillips,2020,Methane (CO2e),1600,thousand tonnes,Footnote 6,,,,,,
Climate / Operated total,ConocoPhillips,2021,Methane (CO2e),1800,thousand tonnes,Footnote 6,,,,,,
Climate / Operated total,ConocoPhillips,2022,Methane (CO2e),1758,thousand tonnes,Footnote 6,,,,,,
Climate / Operated total,ConocoPhillips,2023,Methane (CO2e),3298,thousand tonnes,Footnote 6,,,,,,
Climate / Operated total,ConocoPhillips,2024,Methane (CO2e),2341,thousand tonnes,Footnote 6,,,,,,
Climate / Operated total,ConocoPhillips,2020,Nitrous Oxide (CO2e),100,thousand tonnes,Footnote 6,,,,,,,
Climate / Operated total,ConocoPhillips,2021,Nitrous Oxide (CO2e),20,thousand tonnes,Footnote 6,,,,,,,
Climate / Operated total,ConocoPhillips,2022,Nitrous Oxide (CO2e),21,thousand tonnes,Footnote 6,,,,,,,
Climate / Operated total,ConocoPhillips,2023,Nitrous Oxide (CO2e),21,thousand tonnes,Footnote 6,,,,,,,
Climate / Operated total,ConocoPhillips,2024,Nitrous Oxide (CO2e),21,thousand tonnes,Footnote 6,,,,,,,
Climate / Operated total,ConocoPhillips,2020,Total GHGs,16200,thousand tonnes CO2e,Footnote 6,,,,,,
Climate / Operated total,ConocoPhillips,2021,Total GHGs,18720,thousand tonnes CO2e,Footnote 6,,,,,,
Climate / Operated total,ConocoPhillips,2022,Total GHGs,16068,thousand tonnes CO2e,Footnote 6,,,,,,
Climate / Operated total,ConocoPhillips,2023,Total GHGs,17433,thousand tonnes CO2e,Footnote 6,,,,,,
Climate / Operated total,ConocoPhillips,2024,Total GHGs,16438,thousand tonnes CO2e,Footnote 6,,,,,,
Climate / Operated total,ConocoPhillips,2020,CO2e Per Dollars Of Revenue,0.86,tonnes/$thousand,Footnote 7,,,,,,,
Climate / Operated total,ConocoPhillips,2021,CO2e Per Dollars Of Revenue,0.41,tonnes/$thousand,Footnote 7,,,,,,,
Climate / Operated total,ConocoPhillips,2022,CO2e Per Dollars Of Revenue,0.2,tonnes/$thousand,Footnote 7,,,,,,,
Climate / Operated total,ConocoPhillips,2023,CO2e Per Dollars Of Revenue,0.31,tonnes/$thousand,Footnote 7,,,,,,,
Climate / Operated total,ConocoPhillips,2024,CO2e Per Dollars Of Revenue,0.3,tonnes/$thousand,Footnote 7,,,,,,,
Climate / Operated total,ConocoPhillips,2020,Potential CO2e from Proved Reserves,1875,million tonnes,Footnote 6,,,,,,
Climate / Operated total,ConocoPhillips,2021,Potential CO2e from Proved Reserves,2525,million tonnes,Footnote 6,,,,,,
Climate / Operated total,ConocoPhillips,2022,Potential CO2e from Proved Reserves,2699,million tonnes,Footnote 6,,,,,,
Climate / Operated total,ConocoPhillips,2023,Potential CO2e from Proved Reserves,2821,million tonnes,Footnote 6,,,,,,
Climate / Operated total,ConocoPhillips,2024,Potential CO2e from Proved Reserves,3260,million tonnes,Footnote 6,,,,,,
Climate / Scope 1 emissions,ConocoPhillips,2020,Flaring,1300,thousand tonnes CO2e,Footnote 8,,,,,,
Climate / Scope 1 emissions,ConocoPhillips,2021,Flaring,1900,thousand tonnes CO2e,Footnote 8,,,,,,
Climate / Scope 1 emissions,ConocoPhillips,2022,Flaring,1560,thousand tonnes CO2e,Footnote 8,,,,,,
Climate / Scope 1 emissions,ConocoPhillips,2023,Flaring,2283,thousand tonnes CO2e,Footnote 8,,,,,,
Climate / Scope 1 emissions,ConocoPhillips,2024,Flaring,2184,thousand tonnes CO2e,Footnote 8,,,,,,
Climate / Scope 1 emissions,ConocoPhillips,2020,Combustion,12300,thousand tonnes CO2e,Footnote 8,,,,,,
Climate / Scope 1 emissions,ConocoPhillips,2021,Combustion,13800,thousand tonnes CO2e,Footnote 8,,,,,,
Climate / Scope 1 emissions,ConocoPhillips,2022,Combustion,11536,thousand tonnes CO2e,Footnote 8,,,,,,
Climate / Scope 1 emissions,ConocoPhillips,2023,Combustion,11402,thousand tonnes CO2e,Footnote 8,,,,,,
Climate / Scope 1 emissions,ConocoPhillips,2024,Combustion,11683,thousand tonnes CO2e,Footnote 8,,,,,,
Climate / Scope 1 emissions,ConocoPhillips,2020,Process Venting,1500,thousand tonnes CO2e,Footnote 8,,,,,,
Climate / Scope 1 emissions,ConocoPhillips,2021,Process Venting,1500,thousand tonnes CO2e,Footnote 8,,,,,,
Climate / Scope 1 emissions,ConocoPhillips,2022,Process Venting,1461,thousand tonnes CO2e,Footnote 8,,,,,,
Climate / Scope 1 emissions,ConocoPhillips,2023,Process Venting,2599,thousand tonnes CO2e,Footnote 8,,,,,,
Climate / Scope 1 emissions,ConocoPhillips,2024,Process Venting,1319,thousand tonnes CO2e,Footnote 8,,,,,,
Climate / Scope 1 emissions,ConocoPhillips,2020,Fugitive Venting,200,thousand tonnes CO2e,Footnote 8,,,,,,,
Climate / Scope 1 emissions,ConocoPhillips,2021,Fugitive Venting,220,thousand tonnes CO2e,Footnote 8,,,,,,,
Climate / Scope 1 emissions,ConocoPhillips,2022,Fugitive Venting,168,thousand tonnes CO2e,Footnote 8,,,,,,,
Climate / Scope 1 emissions,ConocoPhillips,2023,Fugitive Venting,147,thousand tonnes CO2e,Footnote 8,,,,,,,
Climate / Scope 1 emissions,ConocoPhillips,2024,Fugitive Venting,319,thousand tonnes CO2e,Footnote 8,,,,,,,
Climate / Scope 1 emissions,ConocoPhillips,2020,Other,200,thousand tonnes CO2e,"Footnote 8, 9",,,,,,,
Climate / Scope 1 emissions,ConocoPhillips,2021,Other,300,thousand tonnes CO2e,"Footnote 8, 9",,,,,,,
Climate / Scope 1 emissions,ConocoPhillips,2022,Other,282,thousand tonnes CO2e,"Footnote 8, 9",,,,,,,
Climate / Scope 1 emissions,ConocoPhillips,2023,Other,<1,thousand tonnes CO2e,"Footnote 8, 9",,,,,,,
Climate / Scope 1 emissions,ConocoPhillips,2024,Other,2,thousand tonnes CO2e,"Footnote 8, 9",,,,,,,
Climate / Scope 1 emissions,ConocoPhillips,2020,Total Scope 1 Emissions,15500,thousand tonnes CO2e,Footnote 8,,,,,,
Climate / Scope 1 emissions,ConocoPhillips,2021,Total Scope 1 Emissions,17720,thousand tonnes CO2e,Footnote 8,,,,,,
Climate / Scope 1 emissions,ConocoPhillips,2022,Total Scope 1 Emissions,15008,thousand tonnes CO2e,Footnote 8,,,,,,
Climate / Scope 1 emissions,ConocoPhillips,2023,Total Scope 1 Emissions,16432,thousand tonnes CO2e,Footnote 8,,,,,,
Climate / Scope 1 emissions,ConocoPhillips,2024,Total Scope 1 Emissions,15507,thousand tonnes CO2e,Footnote 8,,,,,,
Climate / Scope 1 emissions,ConocoPhillips,2020,Percent of Scope 1 Emissions Covered by Regulation,40,%,Footnote 8,,,,,,,
Climate / Scope 1 emissions,ConocoPhillips,2021,Percent of Scope 1 Emissions Covered by Regulation,38,%,Footnote 8,,,,,,,
Climate / Scope 1 emissions,ConocoPhillips,2022,Percent of Scope 1 Emissions Covered by Regulation,43,%,Footnote 8,,,,,,,
Climate / Scope 1 emissions,ConocoPhillips,2023,Percent of Scope 1 Emissions Covered by Regulation,39,%,Footnote 8,,,,,,,
Climate / Scope 1 emissions,ConocoPhillips,2024,Percent of Scope 1 Emissions Covered by Regulation,42,%,Footnote 8,,,,,,,
Climate / Methane,ConocoPhillips,2020,Methane Intensity,3.4,kg CO2e/BOE,,,,,,,,
Climate / Methane,ConocoPhillips,2021,Methane Intensity,2.6,kg CO2e/BOE,,,,,,,,
Climate / Methane,ConocoPhillips,2022,Methane Intensity,2.6,kg CO2e/BOE,,,,,,,,
Climate / Methane,ConocoPhillips,2023,Methane Intensity,4.8,kg CO2e/BOE,,,,,,,,
Climate / Methane,ConocoPhillips,2024,Methane Intensity,3.2,kg CO2e/BOE,,,,,,,,
Climate / Methane,ConocoPhillips,2020,Methane Emitted as Percent of Natural Gas Production,0.28,%,,,,,,,,
Climate / Methane,ConocoPhillips,2021,Methane Emitted as Percent of Natural Gas Production,0.23,%,,,,,,,,
Climate / Methane,ConocoPhillips,2022,Methane Emitted as Percent of Natural Gas Production,0.3,%,,,,,,,,
Climate / Methane,ConocoPhillips,2023,Methane Emitted as Percent of Natural Gas Production,0.61,%,,,,,,,,
Climate / Methane,ConocoPhillips,2024,Methane Emitted as Percent of Natural Gas Production,0.34,%,,,,,,,,
Climate / Methane,ConocoPhillips,2020,Methane Emitted as Percent of Total Hydrocarbon Production,0.1,%,,,,,,,,
Climate / Methane,ConocoPhillips,2021,Methane Emitted as Percent of Total Hydrocarbon Production,0.07,%,,,,,,,,
Climate / Methane,ConocoPhillips,2022,Methane Emitted as Percent of Total Hydrocarbon Production,0.07,%,,,,,,,,
Climate / Methane,ConocoPhillips,2023,Methane Emitted as Percent of Total Hydrocarbon Production,0.14,%,,,,,,,,
Climate / Methane,ConocoPhillips,2024,Methane Emitted as Percent of Total Hydrocarbon Production,0.08,%,,,,,,,,
Climate / Methane,ConocoPhillips,2020,Methane Emitted as Percent of Scope 1 Emissions,10,%,,,,,,,,
Climate / Methane,ConocoPhillips,2021,Methane Emitted as Percent of Scope 1 Emissions,10,%,,,,,,,,
Climate / Methane,ConocoPhillips,2022,Methane Emitted as Percent of Scope 1 Emissions,12,%,,,,,,,,
Climate / Methane,ConocoPhillips,2023,Methane Emitted as Percent of Scope 1 Emissions,20,%,,,,,,,,
Climate / Methane,ConocoPhillips,2024,Methane Emitted as Percent of Scope 1 Emissions,15,%,,,,,,,,
Climate / Flaring,ConocoPhillips,2020,Routine Flaring Volume,n/a,million cubic feet,Footnote 10,,,,,,,
Climate / Flaring,ConocoPhillips,2021,Routine Flaring Volume,1030,million cubic feet,Footnote 10,,,,,,
Climate / Flaring,ConocoPhillips,2022,Routine Flaring Volume,111,million cubic feet,Footnote 10,,,,,,,
Climate / Flaring,ConocoPhillips,2023,Routine Flaring Volume,13,million cubic feet,Footnote 10,,,,,,,
Climate / Flaring,ConocoPhillips,2024,Routine Flaring Volume,4,million cubic feet,Footnote 10,,,,,,,
Climate / Flaring,ConocoPhillips,2020,Total Flaring Volume,14500,million cubic feet,Footnote 11,,,,,,
Climate / Flaring,ConocoPhillips,2021,Total Flaring Volume,20500,million cubic feet,Footnote 11,,,,,,
Climate / Flaring,ConocoPhillips,2022,Total Flaring Volume,17858,million cubic feet,Footnote 11,,,,,,
Climate / Flaring,ConocoPhillips,2023,Total Flaring Volume,21867,million cubic feet,Footnote 11,,,,,,
Climate / Flaring,ConocoPhillips,2024,Total Flaring Volume,20171,million cubic feet,Footnote 11,,,,,,
Climate / Flaring,ConocoPhillips,2020,Flaring Intensity (Total Flaring Volume as Percent of Gas Produced),1.97,%,,,,,,,,
Climate / Flaring,ConocoPhillips,2021,Flaring Intensity (Total Flaring Volume as Percent of Gas Produced),1.81,%,,,,,,,,
Climate / Flaring,ConocoPhillips,2022,Flaring Intensity (Total Flaring Volume as Percent of Gas Produced),2.39,%,,,,,,,,
Climate / Flaring,ConocoPhillips,2023,Flaring Intensity (Total Flaring Volume as Percent of Gas Produced),3.36,%,,,,,,,,
Climate / Flaring,ConocoPhillips,2024,Flaring Intensity (Total Flaring Volume as Percent of Gas Produced),2.65,%,,,,,,,,
Climate / Flaring,ConocoPhillips,2020,Flaring Intensity (Total Flaring Volume MMSCF/Total Production MMBOE),30.8,MMSCF/MMBOE,,,,,,,,
Climate / Flaring,ConocoPhillips,2021,Flaring Intensity (Total Flaring Volume MMSCF/Total Production MMBOE),29.5,MMSCF/MMBOE,,,,,,,,
Climate / Flaring,ConocoPhillips,2022,Flaring Intensity (Total Flaring Volume MMSCF/Total Production MMBOE),25.9,MMSCF/MMBOE,,,,,,,,
Climate / Flaring,ConocoPhillips,2023,Flaring Intensity (Total Flaring Volume MMSCF/Total Production MMBOE),31.8,MMSCF/MMBOE,,,,,,,,
Climate / Flaring,ConocoPhillips,2024,Flaring Intensity (Total Flaring Volume MMSCF/Total Production MMBOE),27.5,MMSCF/MMBOE,,,,,,,,
Climate / Other air emissions,ConocoPhillips,2020,Volatile Organic Compounds (VOCs),60800,tonnes,,,,,,,
Climate / Other air emissions,ConocoPhillips,2021,Volatile Organic Compounds (VOCs),96400,tonnes,,,,,,,
Climate / Other air emissions,ConocoPhillips,2022,Volatile Organic Compounds (VOCs),98508,tonnes,,,,,,,
Climate / Other air emissions,ConocoPhillips,2023,Volatile Organic Compounds (VOCs),115587,tonnes,,,,,,,
Climate / Other air emissions,ConocoPhillips,2024,Volatile Organic Compounds (VOCs),76841,tonnes,,,,,,,
Climate / Other air emissions,ConocoPhillips,2020,Nitrogen Oxides (NOx),28200,tonnes,,,,,,,
Climate / Other air emissions,ConocoPhillips,2021,Nitrogen Oxides (NOx),42000,tonnes,,,,,,,
Climate / Other air emissions,ConocoPhillips,2022,Nitrogen Oxides (NOx),48528,tonnes,,,,,,,
Climate / Other air emissions,ConocoPhillips,2023,Nitrogen Oxides (NOx),47682,tonnes,,,,,,,
Climate / Other air emissions,ConocoPhillips,2024,Nitrogen Oxides (NOx),46200,tonnes,,,,,,,
Climate / Other air emissions,ConocoPhillips,2020,Sulfur Oxides (SOx),2700,tonnes,,,,,,,
Climate / Other air emissions,ConocoPhillips,2021,Sulfur Oxides (SOx),2900,tonnes,,,,,,,
Climate / Other air emissions,ConocoPhillips,2022,Sulfur Oxides (SOx),2701,tonnes,,,,,,,
Climate / Other air emissions,ConocoPhillips,2023,Sulfur Oxides (SOx),2607,tonnes,,,,,,,
Climate / Other air emissions,ConocoPhillips,2024,Sulfur Oxides (SOx),2947,tonnes,,,,,,,
Climate / Other air emissions,ConocoPhillips,2020,Particulate Matter (PM),1100,tonnes,,,,,,,
Climate / Other air emissions,ConocoPhillips,2021,Particulate Matter (PM),1700,tonnes,,,,,,,
Climate / Other air emissions,ConocoPhillips,2022,Particulate Matter (PM),1978,tonnes,,,,,,,
Climate / Other air emissions,ConocoPhillips,2023,Particulate Matter (PM),1818,tonnes,,,,,,,
Climate / Other air emissions,ConocoPhillips,2024,Particulate Matter (PM),1798,tonnes,,,,,,,
Climate / Energy use,ConocoPhillips,2020,Combustion Energy,179,trillion BTUs,,,,,,,,
Climate / Energy use,ConocoPhillips,2021,Combustion Energy,211,trillion BTUs,,,,,,,,
Climate / Energy use,ConocoPhillips,2022,Combustion Energy,199,trillion BTUs,,,,,,,,
Climate / Energy use,ConocoPhillips,2023,Combustion Energy,197,trillion BTUs,,,,,,,,
Climate / Energy use,ConocoPhillips,2024,Combustion Energy,200,trillion BTUs,,,,,,,,
Climate / Energy use,ConocoPhillips,2020,Imported Electricity,4,trillion BTUs,,,,,,,,
Climate / Energy use,ConocoPhillips,2021,Imported Electricity,6,trillion BTUs,,,,,,,,
Climate / Energy use,ConocoPhillips,2022,Imported Electricity,8,trillion BTUs,,,,,,,,
Climate / Energy use,ConocoPhillips,2023,Imported Electricity,8,trillion BTUs,,,,,,,,
Climate / Energy use,ConocoPhillips,2024,Imported Electricity,8,trillion BTUs,,,,,,,,
Climate / Energy use,ConocoPhillips,2020,Total Energy,183,trillion BTUs,,,,,,,,
Climate / Energy use,ConocoPhillips,2021,Total Energy,217,trillion BTUs,,,,,,,,
Climate / Energy use,ConocoPhillips,2022,Total Energy,206,trillion BTUs,,,,,,,,
Climate / Energy use,ConocoPhillips,2023,Total Energy,205,trillion BTUs,,,,,,,,
Climate / Energy use,ConocoPhillips,2024,Total Energy,208,trillion BTUs,,,,,,,,
Climate / Energy use,ConocoPhillips,2020,Energy Intensity,0.39,trillion BTUs/MMBOE,,,,,,,,
Climate / Energy use,ConocoPhillips,2021,Energy Intensity,0.31,trillion BTUs/MMBOE,,,,,,,,
Climate / Energy use,ConocoPhillips,2022,Energy Intensity,0.3,trillion BTUs/MMBOE,,,,,,,,
Climate / Energy use,ConocoPhillips,2023,Energy Intensity,0.3,trillion BTUs/MMBOE,,,,,,,,
Climate / Energy use,ConocoPhillips,2024,Energy Intensity,0.28,trillion BTUs/MMBOE,,,,,,,,
Environment / Water,ConocoPhillips,2020,Fresh Water Withdrawn,10.6,million cubic meters,,,,,,,,
Environment / Water,ConocoPhillips,2021,Fresh Water Withdrawn,9.7,million cubic meters,,,,,,,,
Environment / Water,ConocoPhillips,2022,Fresh Water Withdrawn,9.2,million cubic meters,,,,,,,,
Environment / Water,ConocoPhillips,2023,Fresh Water Withdrawn,10.5,million cubic meters,,,,,,,,
Environment / Water,ConocoPhillips,2024,Fresh Water Withdrawn,8.9,million cubic meters,,,,,,,,
Environment / Water,ConocoPhillips,2020,Fresh Water Consumed,8.5,million cubic meters,,,,,,,,
Environment / Water,ConocoPhillips,2021,Fresh Water Consumed,7.5,million cubic meters,,,,,,,,
Environment / Water,ConocoPhillips,2022,Fresh Water Consumed,7.3,million cubic meters,,,,,,,,
Environment / Water,ConocoPhillips,2023,Fresh Water Consumed,8.5,million cubic meters,,,,,,,,
Environment / Water,ConocoPhillips,2024,Fresh Water Consumed,7,million cubic meters,,,,,,,,
Environment / Water,ConocoPhillips,2020,Fresh Water Withdrawn in Regions with High Baseline Water Stress,5,%,,,,,,,,
Environment / Water,ConocoPhillips,2021,Fresh Water Withdrawn in Regions with High Baseline Water Stress,17,%,,,,,,,,
Environment / Water,ConocoPhillips,2022,Fresh Water Withdrawn in Regions with High Baseline Water Stress,6.3,%,,,,,,,,
Environment / Water,ConocoPhillips,2023,Fresh Water Withdrawn in Regions with High Baseline Water Stress,14.7,%,,,,,,,,
Environment / Water,ConocoPhillips,2024,Fresh Water Withdrawn in Regions with High Baseline Water Stress,8.2,%,,,,,,,,
Environment / Water,ConocoPhillips,2020,Fresh Water Consumed in Regions with High Baseline Water Stress,2,%,,,,,,,,
Environment / Water,ConocoPhillips,2021,Fresh Water Consumed in Regions with High Baseline Water Stress,20,%,,,,,,,,
Environment / Water,ConocoPhillips,2022,Fresh Water Consumed in Regions with High Baseline Water Stress,2.4,%,,,,,,,,
Environment / Water,ConocoPhillips,2023,Fresh Water Consumed in Regions with High Baseline Water Stress,18.3,%,,,,,,,,
Environment / Water,ConocoPhillips,2024,Fresh Water Consumed in Regions with High Baseline Water Stress,10.4,%,,,,,,,,
Environment / Water,ConocoPhillips,2020,Non-Fresh Water Withdrawn,48.7,million cubic meters,,,,,,,,
Environment / Water,ConocoPhillips,2021,Non-Fresh Water Withdrawn,55.3,million cubic meters,,,,,,,,
Environment / Water,ConocoPhillips,2022,Non-Fresh Water Withdrawn,52.6,million cubic meters,,,,,,,,
Environment / Water,ConocoPhillips,2023,Non-Fresh Water Withdrawn,53.6,million cubic meters,,,,,,,,
Environment / Water,ConocoPhillips,2024,Non-Fresh Water Withdrawn,47.3,million cubic meters,,,,,,,,
Environment / Water,ConocoPhillips,2020,Total Produced Water Recycled or Reused,63.8,million cubic meters,Footnote 12,,,,,,,
Environment / Water,ConocoPhillips,2021,Total Produced Water Recycled or Reused,80,million cubic meters,Footnote 12,,,,,,,
Environment / Water,ConocoPhillips,2022,Total Produced Water Recycled or Reused,74,million cubic meters,Footnote 12,,,,,,,
Environment / Water,ConocoPhillips,2023,Total Produced Water Recycled or Reused,73.6,million cubic meters,Footnote 12,,,,,,,
Environment / Water,ConocoPhillips,2024,Total Produced Water Recycled or Reused,76.7,million cubic meters,Footnote 12,,,,,,,
Environment / Water,ConocoPhillips,2020,Municipal Wastewater Reused,n/a,Million Cubic Meters,,,,,,,,
Environment / Water,ConocoPhillips,2021,Municipal Wastewater Reused,1.3,Million Cubic Meters,,,,,,,,
Environment / Water,ConocoPhillips,2022,Municipal Wastewater Reused,1.8,Million Cubic Meters,,,,,,,,
Environment / Water,ConocoPhillips,2023,Municipal Wastewater Reused,0.5,Million Cubic Meters,,,,,,,,
Environment / Water,ConocoPhillips,2024,Municipal Wastewater Reused,2.5,Million Cubic Meters,,,,,,,,
Environment / Water,ConocoPhillips,2020,Produced Water Recycled Or Reused,67,%,,,,,,,,
Environment / Water,ConocoPhillips,2021,Produced Water Recycled Or Reused,48,%,,,,,,,,
Environment / Water,ConocoPhillips,2022,Produced Water Recycled Or Reused,49,%,,,,,,,,
Environment / Water,ConocoPhillips,2023,Produced Water Recycled Or Reused,46,%,,,,,,,,
Environment / Water,ConocoPhillips,2024,Produced Water Recycled Or Reused,46,%,,,,,,,,
Environment / Water,ConocoPhillips,2020,Produced Water Injected Or Disposed,16,%,,,,,,,,
Environment / Water,ConocoPhillips,2021,Produced Water Injected Or Disposed,42,%,,,,,,,,
Environment / Water,ConocoPhillips,2022,Produced Water Injected Or Disposed,41,%,,,,,,,,
Environment / Water,ConocoPhillips,2023,Produced Water Injected Or Disposed,44,%,,,,,,,,
Environment / Water,ConocoPhillips,2024,Produced Water Injected Or Disposed,44,%,,,,,,,,
Environment / Water,ConocoPhillips,2020,Produced Water Discharged Offshore,17,%,,,,,,,,
Environment / Water,ConocoPhillips,2021,Produced Water Discharged Offshore,10,%,,,,,,,,
Environment / Water,ConocoPhillips,2022,Produced Water Discharged Offshore,10,%,,,,,,,,
Environment / Water,ConocoPhillips,2023,Produced Water Discharged Offshore,11,%,,,,,,,,
Environment / Water,ConocoPhillips,2024,Produced Water Discharged Offshore,10,%,,,,,,,,
Environment / Water,ConocoPhillips,2020,Hydrocarbons in Overboard Discharges,124,tonnes,,,,,,,,
Environment / Water,ConocoPhillips,2021,Hydrocarbons in Overboard Discharges,147,tonnes,,,,,,,,
Environment / Water,ConocoPhillips,2022,Hydrocarbons in Overboard Discharges,129,tonnes,,,,,,,,
Environment / Water,ConocoPhillips,2023,Hydrocarbons in Overboard Discharges,129,tonnes,,,,,,,,
Environment / Water,ConocoPhillips,2024,Hydrocarbons in Overboard Discharges,117,tonnes,,,,,,,,
Environment / Water intensity,ConocoPhillips,2020,Unconventional Fresh Water Consumption,0.23,barrels/BOE EUR,,,,,,,,
Environment / Water intensity,ConocoPhillips,2021,Unconventional Fresh Water Consumption,0.08,barrels/BOE EUR,,,,,,,,
Environment / Water intensity,ConocoPhillips,2022,Unconventional Fresh Water Consumption,0.06,barrels/BOE EUR,,,,,,,,
Environment / Water intensity,ConocoPhillips,2023,Unconventional Fresh Water Consumption,0.06,barrels/BOE EUR,,,,,,,,
Environment / Water intensity,ConocoPhillips,2024,Unconventional Fresh Water Consumption,0.07,barrels/BOE EUR,,,,,,,,
Environment / Water intensity,ConocoPhillips,2020,Conventional Fresh Water Consumption,0.05,barrels/BOE,,,,,,,,
Environment / Water intensity,ConocoPhillips,2021,Conventional Fresh Water Consumption,0.03,barrels/BOE,,,,,,,,
Environment / Water intensity,ConocoPhillips,2022,Conventional Fresh Water Consumption,0.03,barrels/BOE,,,,,,,,
Environment / Water intensity,ConocoPhillips,2023,Conventional Fresh Water Consumption,0.03,barrels/BOE,,,,,,,,
Environment / Water intensity,ConocoPhillips,2024,Conventional Fresh Water Consumption,0.03,barrels/BOE,,,,,,,,
Environment / Biodiversity,ConocoPhillips,2020,Operated Area Overlapping With IUCN Protected Areas,0.24,%,,,,,,,,
Environment / Biodiversity,ConocoPhillips,2021,Operated Area Overlapping With IUCN Protected Areas,0.03,%,,,,,,,,
Environment / Biodiversity,ConocoPhillips,2022,Operated Area Overlapping With IUCN Protected Areas,0.04,%,,,,,,,,
Environment / Biodiversity,ConocoPhillips,2023,Operated Area Overlapping With IUCN Protected Areas,0.03,%,,,,,,,,
Environment / Biodiversity,ConocoPhillips,2024,Operated Area Overlapping With IUCN Protected Areas,0.03,%,,,,,,,,
Environment / Biodiversity,ConocoPhillips,2020,Number of IUCN Protected Areas Near Operated Assets,7,Number,,,,,,,,
Environment / Biodiversity,ConocoPhillips,2021,Number of IUCN Protected Areas Near Operated Assets,8,Number,,,,,,,,
Environment / Biodiversity,ConocoPhillips,2022,Number of IUCN Protected Areas Near Operated Assets,10,Number,,,,,,,,
Environment / Biodiversity,ConocoPhillips,2023,Number of IUCN Protected Areas Near Operated Assets,12,Number,,,,,,,,
Environment / Biodiversity,ConocoPhillips,2024,Number of IUCN Protected Areas Near Operated Assets,12,Number,,,,,,,,
Environment / Biodiversity,ConocoPhillips,2020,Contributions to Conservation,n/a,thousand acres,,,,,,,,
Environment / Biodiversity,ConocoPhillips,2021,Contributions to Conservation,n/a,thousand acres,,,,,,,,
Environment / Biodiversity,ConocoPhillips,2022,Contributions to Conservation,n/a,thousand acres,,,,,,,,
Environment / Biodiversity,ConocoPhillips,2023,Contributions to Conservation,n/a,thousand acres,,,,,,,,
Environment / Biodiversity,ConocoPhillips,2024,Contributions to Conservation,66,thousand acres,,,,,,,,
Environment / Biodiversity,ConocoPhillips,2020,Voluntary Conservation Agreements,230,thousand acres,,,,,,,,
Environment / Biodiversity,ConocoPhillips,2021,Voluntary Conservation Agreements,360,thousand acres,,,,,,,,
Environment / Biodiversity,ConocoPhillips,2022,Voluntary Conservation Agreements,470,thousand acres,,,,,,,,
Environment / Biodiversity,ConocoPhillips,2023,Voluntary Conservation Agreements,470,thousand acres,,,,,,,,
Environment / Biodiversity,ConocoPhillips,2024,Voluntary Conservation Agreements,470,thousand acres,,,,,,,,
Environment / Biodiversity,ConocoPhillips,2020,Number of Operated Assets with IUCN Red List Species,13,Number,,,,,,,,
Environment / Biodiversity,ConocoPhillips,2021,Number of Operated Assets with IUCN Red List Species,12,Number,,,,,,,,
Environment / Biodiversity,ConocoPhillips,2022,Number of Operated Assets with IUCN Red List Species,12,Number,,,,,,,,
Environment / Biodiversity,ConocoPhillips,2023,Number of Operated Assets with IUCN Red List Species,9,Number,,,,,,,,
Environment / Biodiversity,ConocoPhillips,2024,Number of Operated Assets with IUCN Red List Species,9,Number,,,,,,,,
Environment / Spills,ConocoPhillips,2020,Number of Spills > 100 Barrels,1,Number,Footnote 13,,,,,,,
Environment / Spills,ConocoPhillips,2021,Number of Spills > 100 Barrels,4,Number,Footnote 13,,,,,,,
Environment / Spills,ConocoPhillips,2022,Number of Spills > 100 Barrels,2,Number,Footnote 13,,,,,,,
Environment / Spills,ConocoPhillips,2023,Number of Spills > 100 Barrels,0,Number,Footnote 13,,,,,,,
Environment / Spills,ConocoPhillips,2024,Number of Spills > 100 Barrels,2,Number,Footnote 13,,,,,,,
Environment / Spills,ConocoPhillips,2020,Volume of Spills > 100 Barrels,100,barrels,Footnote 13,,,,,,,
Environment / Spills,ConocoPhillips,2021,Volume of Spills > 100 Barrels,734,barrels,Footnote 13,,,,,,,
Environment / Spills,ConocoPhillips,2022,Volume of Spills > 100 Barrels,299,barrels,Footnote 13,,,,,,,
Environment / Spills,ConocoPhillips,2023,Volume of Spills > 100 Barrels,0,barrels,Footnote 13,,,,,,,
Environment / Spills,ConocoPhillips,2024,Volume of Spills > 100 Barrels,777,barrels,Footnote 13,,,,,,,
Environment / Spills,ConocoPhillips,2020,Number of Spills > 1 Barrel,83,Number,Footnote 13,,,,,,,
Environment / Spills,ConocoPhillips,2021,Number of Spills > 1 Barrel,178,Number,Footnote 13,,,,,,,
Environment / Spills,ConocoPhillips,2022,Number of Spills > 1 Barrel,99,Number,Footnote 13,,,,,,,
Environment / Spills,ConocoPhillips,2023,Number of Spills > 1 Barrel,38,Number,Footnote 13,,,,,,,
Environment / Spills,ConocoPhillips,2024,Number of Spills > 1 Barrel,34,Number,Footnote 13,,,,,,,
Environment / Spills,ConocoPhillips,2020,Volume of Spills > 1 Barrel,600,barrels,Footnote 13,,,,,,,
Environment / Spills,ConocoPhillips,2021,Volume of Spills > 1 Barrel,2194,barrels,Footnote 13,,,,,,
Environment / Spills,ConocoPhillips,2022,Volume of Spills > 1 Barrel,861,barrels,Footnote 13,,,,,,,
Environment / Spills,ConocoPhillips,2023,Volume of Spills > 1 Barrel,303,barrels,Footnote 13,,,,,,,
Environment / Spills,ConocoPhillips,2024,Volume of Spills > 1 Barrel,1087,barrels,Footnote 13,,,,,,
Environment / Spills,ConocoPhillips,2020,Volume Recovered from Spills > 1 Barrel,400,barrels,Footnote 13,,,,,,,
Environment / Spills,ConocoPhillips,2021,Volume Recovered from Spills > 1 Barrel,1410,barrels,Footnote 13,,,,,,
Environment / Spills,ConocoPhillips,2022,Volume Recovered from Spills > 1 Barrel,496,barrels,Footnote 13,,,,,,,
Environment / Spills,ConocoPhillips,2023,Volume Recovered from Spills > 1 Barrel,155,barrels,Footnote 13,,,,,,,
Environment / Spills,ConocoPhillips,2024,Volume Recovered from Spills > 1 Barrel,528,barrels,Footnote 13,,,,,,,
Environment / Arctic Spills,ConocoPhillips,2020,Number of Arctic Spills > 1 Barrel,1,Number,Footnote 14,,,,,,,
Environment / Arctic Spills,ConocoPhillips,2021,Number of Arctic Spills > 1 Barrel,3,Number,Footnote 14,,,,,,,
Environment / Arctic Spills,ConocoPhillips,2022,Number of Arctic Spills > 1 Barrel,1,Number,Footnote 14,,,,,,,
Environment / Arctic Spills,ConocoPhillips,2023,Number of Arctic Spills > 1 Barrel,2,Number,Footnote 14,,,,,,,
Environment / Arctic Spills,ConocoPhillips,2024,Number of Arctic Spills > 1 Barrel,0,Number,Footnote 14,,,,,,,
Environment / Arctic Spills,ConocoPhillips,2020,Volume of Arctic Spills > 1 Barrel,2,barrels,Footnote 14,,,,,,,
Environment / Arctic Spills,ConocoPhillips,2021,Volume of Arctic Spills > 1 Barrel,5,barrels,Footnote 14,,,,,,,
Environment / Arctic Spills,ConocoPhillips,2022,Volume of Arctic Spills > 1 Barrel,5,barrels,Footnote 14,,,,,,,
Environment / Arctic Spills,ConocoPhillips,2023,Volume of Arctic Spills > 1 Barrel,7,barrels,Footnote 14,,,,,,,
Environment / Arctic Spills,ConocoPhillips,2024,Volume of Arctic Spills > 1 Barrel,0,barrels,Footnote 14,,,,,,,
Environment / Arctic Spills,ConocoPhillips,2020,Volume Recovered from Arctic Spills > 1 Barrel,2,barrels,Footnote 14,,,,,,,
Environment / Arctic Spills,ConocoPhillips,2021,Volume Recovered from Arctic Spills > 1 Barrel,5,barrels,Footnote 14,,,,,,,
Environment / Arctic Spills,ConocoPhillips,2022,Volume Recovered from Arctic Spills > 1 Barrel,5,barrels,Footnote 14,,,,,,,
Environment / Arctic Spills,ConocoPhillips,2023,Volume Recovered from Arctic Spills > 1 Barrel,7,barrels,Footnote 14,,,,,,,
Environment / Arctic Spills,ConocoPhillips,2024,Volume Recovered from Arctic Spills > 1 Barrel,0,barrels,Footnote 14,,,,,,,
Environment / Wastes,ConocoPhillips,2020,Hazardous Wastes,28200,tonnes,"Footnote 15, 16",,,,,,
Environment / Wastes,ConocoPhillips,2021,Hazardous Wastes,23000,tonnes,"Footnote 15, 16",,,,,,
Environment / Wastes,ConocoPhillips,2022,Hazardous Wastes,78600,tonnes,"Footnote 15, 16",,,,,,
Environment / Wastes,ConocoPhillips,2023,Hazardous Wastes,107611,tonnes,"Footnote 15, 16",,,,,,
Environment / Wastes,ConocoPhillips,2024,Hazardous Wastes,227523,tonnes,"Footnote 15, 16",,,,,,
Environment / Wastes,ConocoPhillips,2020,Nonhazardous Wastes,159400,tonnes,"Footnote 15, 16",,,,,,
Environment / Wastes,ConocoPhillips,2021,Nonhazardous Wastes,213200,tonnes,"Footnote 15, 16",,,,,,
Environment / Wastes,ConocoPhillips,2022,Nonhazardous Wastes,322489,tonnes,"Footnote 15, 16",,,,,,
Environment / Wastes,ConocoPhillips,2023,Nonhazardous Wastes,1352155,tonnes,"Footnote 15, 16",,,,,
Environment / Wastes,ConocoPhillips,2024,Nonhazardous Wastes,762507,tonnes,"Footnote 15, 16",,,,,,
Environment / Wastes,ConocoPhillips,2020,Recycled Wastes,107500,tonnes,"Footnote 15, 16",,,,,,
Environment / Wastes,ConocoPhillips,2021,Recycled Wastes,191700,tonnes,"Footnote 15, 16",,,,,,
Environment / Wastes,ConocoPhillips,2022,Recycled Wastes,265508,tonnes,"Footnote 15, 16",,,,,,
Environment / Wastes,ConocoPhillips,2023,Recycled Wastes,38075,tonnes,"Footnote 15, 16",,,,,,
Environment / Wastes,ConocoPhillips,2024,Recycled Wastes,45467,tonnes,"Footnote 15, 16",,,,,,
Environment / Wastes,ConocoPhillips,2020,Total Waste Generated,295100,tonnes,"Footnote 15, 16",,,,,,
Environment / Wastes,ConocoPhillips,2021,Total Waste Generated,427900,tonnes,"Footnote 15, 16",,,,,,
Environment / Wastes,ConocoPhillips,2022,Total Waste Generated,666596,tonnes,"Footnote 15, 16",,,,,,
Environment / Wastes,ConocoPhillips,2023,Total Waste Generated,1497841,tonnes,"Footnote 15, 16",,,,,
Environment / Wastes,ConocoPhillips,2024,Total Waste Generated,1035497,tonnes,"Footnote 15, 16",,,,,
Environment / Wastes,ConocoPhillips,2020,Waste Disposed,187600,tonnes,"Footnote 15, 16",,,,,,
Environment / Wastes,ConocoPhillips,2021,Waste Disposed,236200,tonnes,"Footnote 15, 16",,,,,,
Environment / Wastes,ConocoPhillips,2022,Waste Disposed,40188,tonnes,"Footnote 15, 16",,,,,,
Environment / Wastes,ConocoPhillips,2023,Waste Disposed,1459766,tonnes,"Footnote 15, 16",,,,,
Environment / Wastes,ConocoPhillips,2024,Waste Disposed,990030,tonnes,"Footnote 15, 16",,,,,,
Safety,ConocoPhillips,2020,Workforce Fatalities,0,Number,Footnote 17,,,,,,,
Safety,ConocoPhillips,2021,Workforce Fatalities,0,Number,Footnote 17,,,,,,,
Safety,ConocoPhillips,2022,Workforce Fatalities,0,Number,Footnote 17,,,,,,,
Safety,ConocoPhillips,2023,Workforce Fatalities,1,Number,Footnote 17,,,,,,,
Safety,ConocoPhillips,2024,Workforce Fatalities,1,Number,Footnote 17,,,,,,,
Safety,ConocoPhillips,2020,Workforce Total Recordable Rate,0.12,rate per 200000 hours worked,Footnote 17,,,,,,
Safety,ConocoPhillips,2021,Workforce Total Recordable Rate,0.15,rate per 200000 hours worked,Footnote 17,,,,,,
Safety,ConocoPhillips,2022,Workforce Total Recordable Rate,0.14,rate per 200000 hours worked,Footnote 17,,,,,,
Safety,ConocoPhillips,2023,Workforce Total Recordable Rate,0.17,rate per 200000 hours worked,Footnote 17,,,,,,
Safety,ConocoPhillips,2024,Workforce Total Recordable Rate,0.15,rate per 200000 hours worked,Footnote 17,,,,,,
Safety,ConocoPhillips,2020,Workforce Lost Workday Rate,0.04,rate per 200000 hours worked,Footnote 17,,,,,,
Safety,ConocoPhillips,2021,Workforce Lost Workday Rate,0.04,rate per 200000 hours worked,Footnote 17,,,,,,
Safety,ConocoPhillips,2022,Workforce Lost Workday Rate,0.04,rate per 200000 hours worked,Footnote 17,,,,,,
Safety,ConocoPhillips,2023,Workforce Lost Workday Rate,0.04,rate per 200000 hours worked,Footnote 17,,,,,,
Safety,ConocoPhillips,2024,Workforce Lost Workday Rate,0.05,rate per 200000 hours worked,Footnote 17,,,,,,
Safety,ConocoPhillips,2020,Employee Total Recordable Rate,0.09,rate per 200000 hours worked,Footnote 17,,,,,,
Safety,ConocoPhillips,2021,Employee Total Recordable Rate,0.14,rate per 200000 hours worked,Footnote 17,,,,,,
Safety,ConocoPhillips,2022,Employee Total Recordable Rate,0.12,rate per 200000 hours worked,Footnote 17,,,,,,
Safety,ConocoPhillips,2023,Employee Total Recordable Rate,0.19,rate per 200000 hours worked,Footnote 17,,,,,,
Safety,ConocoPhillips,2024,Employee Total Recordable Rate,0.11,rate per 200000 hours worked,Footnote 17,,,,,,
Safety,ConocoPhillips,2020,Employee Lost Workday Rate,0.02,rate per 200000 hours worked,Footnote 17,,,,,,
Safety,ConocoPhillips,2021,Employee Lost Workday Rate,0.05,rate per 200000 hours worked,Footnote 17,,,,,,
Safety,ConocoPhillips,2022,Employee Lost Workday Rate,0.06,rate per 200000 hours worked,Footnote 17,,,,,,
Safety,ConocoPhillips,2023,Employee Lost Workday Rate,0.05,rate per 200000 hours worked,Footnote 17,,,,,,
Safety,ConocoPhillips,2024,Employee Lost Workday Rate,0.04,rate per 200000 hours worked,Footnote 17,,,,,,
Safety,ConocoPhillips,2020,Contractor Total Recordable Rate,0.13,rate per 200000 hours worked,Footnote 17,,,,,,
Safety,ConocoPhillips,2021,Contractor Total Recordable Rate,0.16,rate per 200000 hours worked,Footnote 17,,,,,,
Safety,ConocoPhillips,2022,Contractor Total Recordable Rate,0.14,rate per 200000 hours worked,Footnote 17,,,,,,
Safety,ConocoPhillips,2023,Contractor Total Recordable Rate,0.16,rate per 200000 hours worked,Footnote 17,,,,,,
Safety,ConocoPhillips,2024,Contractor Total Recordable Rate,0.16,rate per 200000 hours worked,Footnote 17,,,,,,
Safety,ConocoPhillips,2020,Contractor Lost Workday Rate,0.04,rate per 200000 hours worked,Footnote 17,,,,,,
Safety,ConocoPhillips,2021,Contractor Lost Workday Rate,0.04,rate per 200000 hours worked,Footnote 17,,,,,,
Safety,ConocoPhillips,2022,Contractor Lost Workday Rate,0.04,rate per 200000 hours worked,Footnote 17,,,,,,
Safety,ConocoPhillips,2023,Contractor Lost Workday Rate,0.04,rate per 200000 hours worked,Footnote 17,,,,,,
Safety,ConocoPhillips,2024,Contractor Lost Workday Rate,0.05,rate per 200000 hours worked,Footnote 17,,,,,,
Safety / Process safety,ConocoPhillips,2020,Tier 1 Process Safety Event Rate,0.03,rate per 200000 hours worked by operations,Footnote 18,,,,,,
Safety / Process safety,ConocoPhillips,2021,Tier 1 Process Safety Event Rate,0.09,rate per 200000 hours worked by operations,Footnote 18,,,,,,
Safety / Process safety,ConocoPhillips,2022,Tier 1 Process Safety Event Rate,0.05,rate per 200000 hours worked by operations,Footnote 18,,,,,,
Safety / Process safety,ConocoPhillips,2023,Tier 1 Process Safety Event Rate,0.04,rate per 200000 hours worked by operations,Footnote 18,,,,,,
Safety / Process safety,ConocoPhillips,2024,Tier 1 Process Safety Event Rate,0.05,rate per 200000 hours worked by operations,Footnote 18,,,,,,
Social / Economic contribution,ConocoPhillips,2020,Payments to Vendors and Suppliers,7.3,$ billion,Footnote 20,,,,,,,
Social / Economic contribution,ConocoPhillips,2021,Payments to Vendors and Suppliers,7.9,$ billion,Footnote 20,,,,,,,
Social / Economic contribution,ConocoPhillips,2022,Payments to Vendors and Suppliers,10.9,$ billion,Footnote 20,,,,,,,
Social / Economic contribution,ConocoPhillips,2023,Payments to Vendors and Suppliers,12.5,$ billion,Footnote 20,,,,,,,
Social / Economic contribution,ConocoPhillips,2024,Payments to Vendors and Suppliers,13.7,$ billion,Footnote 20,,,,,,,
Social / Economic contribution,ConocoPhillips,2020,Shareholder Dividends,1.8,$ billion,,,,,,,,
Social / Economic contribution,ConocoPhillips,2021,Shareholder Dividends,2.4,$ billion,,,,,,,,
Social / Economic contribution,ConocoPhillips,2022,Shareholder Dividends,5.7,$ billion,,,,,,,,
Social / Economic contribution,ConocoPhillips,2023,Shareholder Dividends,5.6,$ billion,,,,,,,,
Social / Economic contribution,ConocoPhillips,2024,Shareholder Dividends,3.6,$ billion,,,,,,,,
Social / Economic contribution,ConocoPhillips,2020,Capital Investments,4.7,$ billion,,,,,,,,
Social / Economic contribution,ConocoPhillips,2021,Capital Investments,5.3,$ billion,,,,,,,,
Social / Economic contribution,ConocoPhillips,2022,Capital Investments,10.2,$ billion,,,,,,,,
Social / Economic contribution,ConocoPhillips,2023,Capital Investments,11.2,$ billion,,,,,,,,
Social / Economic contribution,ConocoPhillips,2024,Capital Investments,12.1,$ billion,,,,,,,,
Social / Economic contribution,ConocoPhillips,2020,Cash Contributions,31.3,$ million,,,,,,,,
Social / Economic contribution,ConocoPhillips,2021,Cash Contributions,33.6,$ million,,,,,,,,
Social / Economic contribution,ConocoPhillips,2022,Cash Contributions,33.9,$ million,,,,,,,,
Social / Economic contribution,ConocoPhillips,2023,Cash Contributions,33.8,$ million,,,,,,,,
Social / Economic contribution,ConocoPhillips,2024,Cash Contributions,42.7,$ million,,,,,,,,
Social / Global workforce,ConocoPhillips,2020,Employees at Year-End,9700,Number,Footnote 21,,,,,,
Social / Global workforce,ConocoPhillips,2021,Employees at Year-End,9900,Number,Footnote 21,,,,,,
Social / Global workforce,ConocoPhillips,2022,Employees at Year-End,9500,Number,Footnote 21,,,,,,
Social / Global workforce,ConocoPhillips,2023,Employees at Year-End,9900,Number,Footnote 21,,,,,,
Social / Global workforce,ConocoPhillips,2024,Employees at Year-End,11800,Number,Footnote 21,,,,,,
Social / Global workforce,ConocoPhillips,2020,Part-Time Employees,1,%,,,,,,,,
Social / Global workforce,ConocoPhillips,2021,Part-Time Employees,0.9,%,,,,,,,,
Social / Global workforce,ConocoPhillips,2022,Part-Time Employees,0.7,%,,,,,,,,
Social / Global workforce,ConocoPhillips,2023,Part-Time Employees,0.6,%,,,,,,,,
Social / Global workforce,ConocoPhillips,2024,Part-Time Employees,0.6,%,,,,,,,,
Social / Global workforce,ConocoPhillips,2020,Employees — Women,27,%,,,,,,,,
Social / Global workforce,ConocoPhillips,2021,Employees — Women,26,%,,,,,,,,
Social / Global workforce,ConocoPhillips,2022,Employees — Women,27,%,,,,,,,,
Social / Global workforce,ConocoPhillips,2023,Employees — Women,27,%,,,,,,,,
Social / Global workforce,ConocoPhillips,2024,Employees — Women,27,%,,,,,,,,
Social / Global workforce,ConocoPhillips,2020,Employees — Men,73,%,,,,,,,,
Social / Global workforce,ConocoPhillips,2021,Employees — Men,74,%,,,,,,,,
Social / Global workforce,ConocoPhillips,2022,Employees — Men,73,%,,,,,,,,
Social / Global workforce,ConocoPhillips,2023,Employees — Men,73,%,,,,,,,,
Social / Global workforce,ConocoPhillips,2024,Employees — Men,73,%,,,,,,,,
Social / Global workforce,ConocoPhillips,2020,All Leadership —Women,23,%,,,,,,,,
Social / Global workforce,ConocoPhillips,2021,All Leadership —Women,25,%,,,,,,,,
Social / Global workforce,ConocoPhillips,2022,All Leadership —Women,26,%,,,,,,,,
Social / Global workforce,ConocoPhillips,2023,All Leadership —Women,26,%,,,,,,,,
Social / Global workforce,ConocoPhillips,2024,All Leadership —Women,26,%,,,,,,,,
Social / Global workforce,ConocoPhillips,2020,All Leadership — Men,77,%,,,,,,,,
Social / Global workforce,ConocoPhillips,2021,All Leadership — Men,75,%,,,,,,,,
Social / Global workforce,ConocoPhillips,2022,All Leadership — Men,74,%,,,,,,,,
Social / Global workforce,ConocoPhillips,2023,All Leadership — Men,74,%,,,,,,,,
Social / Global workforce,ConocoPhillips,2024,All Leadership — Men,74,%,,,,,,,,
Social / Global workforce,ConocoPhillips,2020,Top Leadership — Women,19,%,,,,,,,,
Social / Global workforce,ConocoPhillips,2021,Top Leadership — Women,22,%,,,,,,,,
Social / Global workforce,ConocoPhillips,2022,Top Leadership — Women,25,%,,,,,,,,
Social / Global workforce,ConocoPhillips,2023,Top Leadership — Women,26,%,,,,,,,,
Social / Global workforce,ConocoPhillips,2024,Top Leadership — Women,26,%,,,,,,,,
Social / Global workforce,ConocoPhillips,2020,Top Leadership — Men,81,%,,,,,,,,
Social / Global workforce,ConocoPhillips,2021,Top Leadership — Men,78,%,,,,,,,,
Social / Global workforce,ConocoPhillips,2022,Top Leadership — Men,75,%,,,,,,,,
Social / Global workforce,ConocoPhillips,2023,Top Leadership — Men,74,%,,,,,,,,
Social / Global workforce,ConocoPhillips,2024,Top Leadership — Men,74,%,,,,,,,,
Social / Global workforce,ConocoPhillips,2020,Junior Leadership — Women,24,%,,,,,,,,
Social / Global workforce,ConocoPhillips,2021,Junior Leadership — Women,25,%,,,,,,,,
Social / Global workforce,ConocoPhillips,2022,Junior Leadership — Women,26,%,,,,,,,,
Social / Global workforce,ConocoPhillips,2023,Junior Leadership — Women,26,%,,,,,,,,
Social / Global workforce,ConocoPhillips,2024,Junior Leadership — Women,26,%,,,,,,,,
Social / Global workforce,ConocoPhillips,2020,Junior Leadership — Men,76,%,,,,,,,,
Social / Global workforce,ConocoPhillips,2021,Junior Leadership — Men,75,%,,,,,,,,
Social / Global workforce,ConocoPhillips,2022,Junior Leadership — Men,74,%,,,,,,,,
Social / Global workforce,ConocoPhillips,2023,Junior Leadership — Men,74,%,,,,,,,,
Social / Global workforce,ConocoPhillips,2024,Junior Leadership — Men,74,%,,,,,,,,
Social / Global workforce,ConocoPhillips,2020,Professional — Women,29,%,,,,,,,,
Social / Global workforce,ConocoPhillips,2021,Professional — Women,29,%,,,,,,,,
Social / Global workforce,ConocoPhillips,2022,Professional — Women,30,%,,,,,,,,
Social / Global workforce,ConocoPhillips,2023,Professional — Women,30,%,,,,,,,,
Social / Global workforce,ConocoPhillips,2024,Professional — Women,31,%,,,,,,,,
Social / Global workforce,ConocoPhillips,2020,Professional — Men,71,%,,,,,,,,
Social / Global workforce,ConocoPhillips,2021,Professional — Men,71,%,,,,,,,,
Social / Global workforce,ConocoPhillips,2022,Professional — Men,70,%,,,,,,,,
Social / Global workforce,ConocoPhillips,2023,Professional — Men,70,%,,,,,,,,
Social / Global workforce,ConocoPhillips,2024,Professional — Men,69,%,,,,,,,,
Social / Global workforce,ConocoPhillips,2020,Petrotechnical — Women,20,%,,,,,,,,
Social / Global workforce,ConocoPhillips,2021,Petrotechnical — Women,20,%,,,,,,,,
Social / Global workforce,ConocoPhillips,2022,Petrotechnical — Women,21,%,,,,,,,,
Social / Global workforce,ConocoPhillips,2023,Petrotechnical — Women,21,%,,,,,,,,
Social / Global workforce,ConocoPhillips,2024,Petrotechnical — Women,22,%,,,,,,,,
Social / Global workforce,ConocoPhillips,2020,Petrotechnical — Men,80,%,,,,,,,,
Social / Global workforce,ConocoPhillips,2021,Petrotechnical — Men,80,%,,,,,,,,
Social / Global workforce,ConocoPhillips,2022,Petrotechnical — Men,79,%,,,,,,,,
Social / Global workforce,ConocoPhillips,2023,Petrotechnical — Men,79,%,,,,,,,,
Social / Global workforce,ConocoPhillips,2024,Petrotechnical — Men,78,%,,,,,,,,
Social / Global workforce,ConocoPhillips,2020,Non-U.S. Employees,41,%,,,,,,,,
Social / Global workforce,ConocoPhillips,2021,Non-U.S. Employees,39,%,,,,,,,,
Social / Global workforce,ConocoPhillips,2022,Non-U.S. Employees,34,%,,,,,,,,
Social / Global workforce,ConocoPhillips,2024,Non-U.S. Employees,33,%,,,,,,,,
Social / Global workforce,ConocoPhillips,2020,All Non-U.S. Leadership,44,%,,,,,,,,
Social / Global workforce,ConocoPhillips,2021,All Non-U.S. Leadership,41,%,,,,,,,,
Social / Global workforce,ConocoPhillips,2022,All Non-U.S. Leadership,35,%,,,,,,,,
Social / Global workforce,ConocoPhillips,2023,All Non-U.S. Leadership,33,%,,,,,,,,
Social / Global workforce,ConocoPhillips,2024,All Non-U.S. Leadership,31,%,,,,,,,,
Social / Global workforce,ConocoPhillips,2020,Non-U.S. Top Leadership,25,%,,,,,,,,
Social / Global workforce,ConocoPhillips,2021,Non-U.S. Top Leadership,24,%,,,,,,,,
Social / Global workforce,ConocoPhillips,2022,Non-U.S. Top Leadership,23,%,,,,,,,,
Social / Global workforce,ConocoPhillips,2023,Non-U.S. Top Leadership,23,%,,,,,,,,
Social / Global workforce,ConocoPhillips,2024,Non-U.S. Top Leadership,22,%,,,,,,,,
Social / Global workforce,ConocoPhillips,2020,Non-U.S. Junior Leadership,49,%,,,,,,,,
Social / Global workforce,ConocoPhillips,2021,Non-U.S. Junior Leadership,44,%,,,,,,,,
Social / Global workforce,ConocoPhillips,2022,Non-U.S. Junior Leadership,37,%,,,,,,,,
Social / Global workforce,ConocoPhillips,2023,Non-U.S. Junior Leadership,35,%,,,,,,,,
Social / Global workforce,ConocoPhillips,2024,Non-U.S. Junior Leadership,32,%,,,,,,,,
Social / Global workforce,ConocoPhillips,2020,Avg. Years of Service,11.9,Years,,,,,,,,
Social / Global workforce,ConocoPhillips,2021,Avg. Years of Service,11.3,Years,,,,,,,,
Social / Global workforce,ConocoPhillips,2022,Avg. Years of Service,10.9,Years,,,,,,,,
Social / Global workforce,ConocoPhillips,2023,Avg. Years of Service,10.9,Years,,,,,,,,
Social / Global workforce,ConocoPhillips,2024,Avg. Years of Service,10.6,Years,,,,,,,,
Social / Global workforce,ConocoPhillips,2020,Avg. Years of Experience,17.9,Years,,,,,,,,
Social / Global workforce,ConocoPhillips,2021,Avg. Years of Experience,17.5,Years,,,,,,,,
Social / Global workforce,ConocoPhillips,2022,Avg. Years of Experience,17.5,Years,,,,,,,,
Social / Global workforce,ConocoPhillips,2023,Avg. Years of Experience,17.9,Years,,,,,,,,
Social / Global workforce,ConocoPhillips,2024,Avg. Years of Experience,18,Years,,,,,,,,
Social / Employees by Age Group,ConocoPhillips,2020,Under 30,8,%,,,,,,,,
Social / Employees by Age Group,ConocoPhillips,2021,Under 30,8,%,,,,,,,,
Social / Employees by Age Group,ConocoPhillips,2022,Under 30,8,%,,,,,,,,
Social / Employees by Age Group,ConocoPhillips,2023,Under 30,7,%,,,,,,,,
Social / Employees by Age Group,ConocoPhillips,2024,Under 30,8,%,,,,,,,,
Social / Employees by Age Group,ConocoPhillips,2020,30–50,60,%,,,,,,,,
Social / Employees by Age Group,ConocoPhillips,2021,30–50,62,%,,,,,,,,
Social / Employees by Age Group,ConocoPhillips,2022,30–50,62,%,,,,,,,,
Social / Employees by Age Group,ConocoPhillips,2023,30–50,61,%,,,,,,,,
Social / Employees by Age Group,ConocoPhillips,2024,30–50,62,%,,,,,,,,
Social / Employees by Age Group,ConocoPhillips,2020,51+,33,%,,,,,,,,
Social / Employees by Age Group,ConocoPhillips,2021,51+,30,%,,,,,,,,
Social / Employees by Age Group,ConocoPhillips,2022,51+,31,%,,,,,,,,
Social / Employees by Age Group,ConocoPhillips,2023,51+,31,%,,,,,,,,
Social / Employees by Age Group,ConocoPhillips,2024,51+,31,%,,,,,,,,
Social / U.S. workforce demographics,ConocoPhillips,2020,Employees — POC,25,%,Footnote 23,,,,,,,
Social / U.S. workforce demographics,ConocoPhillips,2021,Employees — POC,28,%,Footnote 23,,,,,,,
Social / U.S. workforce demographics,ConocoPhillips,2022,Employees — POC,30,%,Footnote 23,,,,,,,
Social / U.S. workforce demographics,ConocoPhillips,2023,Employees — POC,32,%,Footnote 23,,,,,,,
Social / U.S. workforce demographics,ConocoPhillips,2024,Employees — POC,33,%,Footnote 23,,,,,,,
Social / U.S. workforce demographics,ConocoPhillips,2020,Employees — White,75,%,,,,,,,,
Social / U.S. workforce demographics,ConocoPhillips,2021,Employees — White,72,%,,,,,,,,
Social / U.S. workforce demographics,ConocoPhillips,2022,Employees — White,70,%,,,,,,,,
Social / U.S. workforce demographics,ConocoPhillips,2023,Employees — White,68,%,,,,,,,,
Social / U.S. workforce demographics,ConocoPhillips,2024,Employees — White,67,%,,,,,,,,
Social / U.S. workforce demographics,ConocoPhillips,2020,All Leadership — POC,19,%,,,,,,,,
Social / U.S. workforce demographics,ConocoPhillips,2021,All Leadership — POC,21,%,,,,,,,,
Social / U.S. workforce demographics,ConocoPhillips,2022,All Leadership — POC,23,%,,,,,,,,
Social / U.S. workforce demographics,ConocoPhillips,2023,All Leadership — POC,24,%,,,,,,,,
Social / U.S. workforce demographics,ConocoPhillips,2024,All Leadership — POC,25,%,,,,,,,,
Social / U.S. workforce demographics,ConocoPhillips,2020,All Leadership — White,81,%,,,,,,,,
Social / U.S. workforce demographics,ConocoPhillips,2021,All Leadership — White,79,%,,,,,,,,
Social / U.S. workforce demographics,ConocoPhillips,2022,All Leadership — White,77,%,,,,,,,,
Social / U.S. workforce demographics,ConocoPhillips,2023,All Leadership — White,76,%,,,,,,,,
Social / U.S. workforce demographics,ConocoPhillips,2024,All Leadership — White,75,%,,,,,,,,
Social / U.S. workforce demographics,ConocoPhillips,2020,Top Leadership — POC,13,%,,,,,,,,
Social / U.S. workforce demographics,ConocoPhillips,2021,Top Leadership — POC,15,%,,,,,,,,
Social / U.S. workforce demographics,ConocoPhillips,2022,Top Leadership — POC,18,%,,,,,,,,
Social / U.S. workforce demographics,ConocoPhillips,2023,Top Leadership — POC,18,%,,,,,,,,
Social / U.S. workforce demographics,ConocoPhillips,2024,Top Leadership — POC,19,%,,,,,,,,
Social / U.S. workforce demographics,ConocoPhillips,2020,Top Leadership — White,87,%,,,,,,,,
Social / U.S. workforce demographics,ConocoPhillips,2021,Top Leadership — White,85,%,,,,,,,,
Social / U.S. workforce demographics,ConocoPhillips,2022,Top Leadership — White,82,%,,,,,,,,
Social / U.S. workforce demographics,ConocoPhillips,2023,Top Leadership — White,82,%,,,,,,,,
Social / U.S. workforce demographics,ConocoPhillips,2024,Top Leadership — White,81,%,,,,,,,,
Social / U.S. workforce demographics,ConocoPhillips,2020,Junior Leadership — POC,22,%,,,,,,,,
Social / U.S. workforce demographics,ConocoPhillips,2021,Junior Leadership — POC,23,%,,,,,,,,
Social / U.S. workforce demographics,ConocoPhillips,2022,Junior Leadership — POC,25,%,,,,,,,,
Social / U.S. workforce demographics,ConocoPhillips,2023,Junior Leadership — POC,26,%,,,,,,,,
Social / U.S. workforce demographics,ConocoPhillips,2024,Junior Leadership — POC,26,%,,,,,,,,
Social / U.S. workforce demographics,ConocoPhillips,2020,Junior Leadership — White,78,%,,,,,,,,
Social / U.S. workforce demographics,ConocoPhillips,2021,Junior Leadership — White,77,%,,,,,,,,
Social / U.S. workforce demographics,ConocoPhillips,2022,Junior Leadership — White,75,%,,,,,,,,
Social / U.S. workforce demographics,ConocoPhillips,2023,Junior Leadership — White,74,%,,,,,,,,
Social / U.S. workforce demographics,ConocoPhillips,2024,Junior Leadership — White,74,%,,,,,,,,
Social / U.S. workforce demographics,ConocoPhillips,2020,Professional — POC,24,%,,,,,,,,
Social / U.S. workforce demographics,ConocoPhillips,2021,Professional — POC,26,%,,,,,,,,
Social / U.S. workforce demographics,ConocoPhillips,2022,Professional — POC,28,%,,,,,,,,
Social / U.S. workforce demographics,ConocoPhillips,2023,Professional — POC,30,%,,,,,,,,
Social / U.S. workforce demographics,ConocoPhillips,2024,Professional — POC,31,%,,,,,,,,
Social / U.S. workforce demographics,ConocoPhillips,2020,Professional — White,76,%,,,,,,,,
Social / U.S. workforce demographics,ConocoPhillips,2021,Professional — White,74,%,,,,,,,,
Social / U.S. workforce demographics,ConocoPhillips,2022,Professional — White,72,%,,,,,,,,
Social / U.S. workforce demographics,ConocoPhillips,2023,Professional — White,70,%,,,,,,,,
Social / U.S. workforce demographics,ConocoPhillips,2024,Professional — White,69,%,,,,,,,,
Social / U.S. workforce demographics,ConocoPhillips,2020,Employees covered by a collective bargaining agreement,4,%,,,,,,,,
Social / U.S. workforce demographics,ConocoPhillips,2021,Employees covered by a collective bargaining agreement,4,%,,,,,,,,
Social / U.S. workforce demographics,ConocoPhillips,2022,Employees covered by a collective bargaining agreement,4,%,,,,,,,,
Social / U.S. workforce demographics,ConocoPhillips,2023,Employees covered by a collective bargaining agreement,4,%,,,,,,,,
Social / U.S. workforce demographics,ConocoPhillips,2024,Employees covered by a collective bargaining agreement,3,%,,,,,,,,
Social / U.S. workforce demographics,ConocoPhillips,2020,Veterans,6,%,,,,,,,,
Social / U.S. workforce demographics,ConocoPhillips,2021,Veterans,6,%,,,,,,,,
Social / U.S. workforce demographics,ConocoPhillips,2022,Veterans,6,%,,,,,,,,
Social / U.S. workforce demographics,ConocoPhillips,2023,Veterans,6,%,,,,,,,,
Social / U.S. workforce demographics,ConocoPhillips,2024,Veterans,6,%,,,,,,,,
Social / U.S. workforce demographics,ConocoPhillips,2020,Employees with disabilities,5,%,,,,,,,,
Social / U.S. workforce demographics,ConocoPhillips,2021,Employees with disabilities,5,%,,,,,,,,
Social / U.S. workforce demographics,ConocoPhillips,2022,Employees with disabilities,5,%,,,,,,,,
Social / U.S. workforce demographics,ConocoPhillips,2023,Employees with disabilities,5,%,,,,,,,,
Social / U.S. workforce demographics,ConocoPhillips,2024,Employees with disabilities,5,%,,,,,,,,
Social / U.S. Employees by race/ethnicity and gender,ConocoPhillips,2020,White Women,21.2,%,,,,,,,,
Social / U.S. Employees by race/ethnicity and gender,ConocoPhillips,2021,White Women,20,%,,,,,,,,
Social / U.S. Employees by race/ethnicity and gender,ConocoPhillips,2022,White Women,19.9,%,,,,,,,,
Social / U.S. Employees by race/ethnicity and gender,ConocoPhillips,2023,White Women,19,%,,,,,,,,
Social / U.S. Employees by race/ethnicity and gender,ConocoPhillips,2024,White Women,18.3,%,,,,,,,,
Social / U.S. Employees by race/ethnicity and gender,ConocoPhillips,2020,White Men,54,%,,,,,,,,
Social / U.S. Employees by race/ethnicity and gender,ConocoPhillips,2021,White Men,51.8,%,,,,,,,,
Social / U.S. Employees by race/ethnicity and gender,ConocoPhillips,2022,White Men,49.9,%,,,,,,,,
Social / U.S. Employees by race/ethnicity and gender,ConocoPhillips,2023,White Men,49.2,%,,,,,,,,
Social / U.S. Employees by race/ethnicity and gender,ConocoPhillips,2024,White Men,48.8,%,,,,,,,,
Social / U.S. Employees by race/ethnicity and gender,ConocoPhillips,2020,Hispanic or Latino Women,2.6,%,,,,,,,,
Social / U.S. Employees by race/ethnicity and gender,ConocoPhillips,2021,Hispanic or Latino Women,3,%,,,,,,,,
Social / U.S. Employees by race/ethnicity and gender,ConocoPhillips,2022,Hispanic or Latino Women,3.6,%,,,,,,,,
Social / U.S. Employees by race/ethnicity and gender,ConocoPhillips,2023,Hispanic or Latino Women,3.9,%,,,,,,,,
Social / U.S. Employees by race/ethnicity and gender,ConocoPhillips,2024,Hispanic or Latino Women,4.3,%,,,,,,,,
Social / U.S. Employees by race/ethnicity and gender,ConocoPhillips,2020,Hispanic or Latino Men,7.8,%,,,,,,,,
Social / U.S. Employees by race/ethnicity and gender,ConocoPhillips,2021,Hispanic or Latino Men,11.7,%,,,,,,,,
Social / U.S. Employees by race/ethnicity and gender,ConocoPhillips,2022,Hispanic or Latino Men,12,%,,,,,,,,
Social / U.S. Employees by race/ethnicity and gender,ConocoPhillips,2023,Hispanic or Latino Men,12.4,%,,,,,,,,
Social / U.S. Employees by race/ethnicity and gender,ConocoPhillips,2024,Hispanic or Latino Men,12.9,%,,,,,,,,
Social / U.S. Employees by race/ethnicity and gender,ConocoPhillips,2020,Asian Women,2,%,,,,,,,,
Social / U.S. Employees by race/ethnicity and gender,ConocoPhillips,2021,Asian Women,1.9,%,,,,,,,,
Social / U.S. Employees by race/ethnicity and gender,ConocoPhillips,2022,Asian Women,2.1,%,,,,,,,,
Social / U.S. Employees by race/ethnicity and gender,ConocoPhillips,2023,Asian Women,2.1,%,,,,,,,,
Social / U.S. Employees by race/ethnicity and gender,ConocoPhillips,2024,Asian Women,2.4,%,,,,,,,,
Social / U.S. Employees by race/ethnicity and gender,ConocoPhillips,2020,Asian Men,4.7,%,,,,,,,,
Social / U.S. Employees by race/ethnicity and gender,ConocoPhillips,2021,Asian Men,4.2,%,,,,,,,,
Social / U.S. Employees by race/ethnicity and gender,ConocoPhillips,2022,Asian Men,4.3,%,,,,,,,,
Social / U.S. Employees by race/ethnicity and gender,ConocoPhillips,2023,Asian Men,4.5,%,,,,,,,,
Social / U.S. Employees by race/ethnicity and gender,ConocoPhillips,2024,Asian Men,4.6,%,,,,,,,,
Social / U.S. Employees by race/ethnicity and gender,ConocoPhillips,2020,Black or African American Women,1.8,%,,,,,,,,
Social / U.S. Employees by race/ethnicity and gender,ConocoPhillips,2021,Black or African American Women,1.6,%,,,,,,,,
Social / U.S. Employees by race/ethnicity and gender,ConocoPhillips,2022,Black or African American Women,1.7,%,,,,,,,,
Social / U.S. Employees by race/ethnicity and gender,ConocoPhillips,2023,Black or African American Women,1.8,%,,,,,,,,
Social / U.S. Employees by race/ethnicity and gender,ConocoPhillips,2024,Black or African American Women,2,%,,,,,,,,
Social / U.S. Employees by race/ethnicity and gender,ConocoPhillips,2020,Black or African American Men,2.3,%,,,,,,,,
Social / U.S. Employees by race/ethnicity and gender,ConocoPhillips,2021,Black or African American Men,2.2,%,,,,,,,,
Social / U.S. Employees by race/ethnicity and gender,ConocoPhillips,2022,Black or African American Men,2.5,%,,,,,,,,
Social / U.S. Employees by race/ethnicity and gender,ConocoPhillips,2023,Black or African American Men,2.6,%,,,,,,,,
Social / U.S. Employees by race/ethnicity and gender,ConocoPhillips,2024,Black or African American Men,2.6,%,,,,,,,,
Social / U.S. Employees by race/ethnicity and gender,ConocoPhillips,2020,American Indian or Alaska Native Women,0.9,%,,,,,,,,
Social / U.S. Employees by race/ethnicity and gender,ConocoPhillips,2021,American Indian or Alaska Native Women,0.9,%,,,,,,,,
Social / U.S. Employees by race/ethnicity and gender,ConocoPhillips,2022,American Indian or Alaska Native Women,1,%,,,,,,,,
Social / U.S. Employees by race/ethnicity and gender,ConocoPhillips,2023,American Indian or Alaska Native Women,1.1,%,,,,,,,,
Social / U.S. Employees by race/ethnicity and gender,ConocoPhillips,2024,American Indian or Alaska Native Women,0.9,%,,,,,,,,
Social / U.S. Employees by race/ethnicity and gender,ConocoPhillips,2020,American Indian or Alaska Native Men,1.6,%,,,,,,,,
Social / U.S. Employees by race/ethnicity and gender,ConocoPhillips,2021,American Indian or Alaska Native Men,1.3,%,,,,,,,,
Social / U.S. Employees by race/ethnicity and gender,ConocoPhillips,2022,American Indian or Alaska Native Men,1.4,%,,,,,,,,
Social / U.S. Employees by race/ethnicity and gender,ConocoPhillips,2023,American Indian or Alaska Native Men,1.5,%,,,,,,,,
Social / U.S. Employees by race/ethnicity and gender,ConocoPhillips,2024,American Indian or Alaska Native Men,1.4,%,,,,,,,,
Social / U.S. Employees by race/ethnicity and gender,ConocoPhillips,2020,Native Hawaiian or Pacific Islander Women,0.1,%,,,,,,,,
Social / U.S. Employees by race/ethnicity and gender,ConocoPhillips,2021,Native Hawaiian or Pacific Islander Women,0.1,%,,,,,,,,
Social / U.S. Employees by race/ethnicity and gender,ConocoPhillips,2022,Native Hawaiian or Pacific Islander Women,0.1,%,,,,,,,,
Social / U.S. Employees by race/ethnicity and gender,ConocoPhillips,2023,Native Hawaiian or Pacific Islander Women,0.1,%,,,,,,,,
Social / U.S. Employees by race/ethnicity and gender,ConocoPhillips,2024,Native Hawaiian or Pacific Islander Women,0.1,%,,,,,,,,
Social / U.S. Employees by race/ethnicity and gender,ConocoPhillips,2020,Native Hawaiian or Pacific Islander Men,0.2,%,,,,,,,,
Social / U.S. Employees by race/ethnicity and gender,ConocoPhillips,2021,Native Hawaiian or Pacific Islander Men,0.1,%,,,,,,,,
Social / U.S. Employees by race/ethnicity and gender,ConocoPhillips,2022,Native Hawaiian or Pacific Islander Men,0.1,%,,,,,,,,
Social / U.S. Employees by race/ethnicity and gender,ConocoPhillips,2023,Native Hawaiian or Pacific Islander Men,0.1,%,,,,,,,,
Social / U.S. Employees by race/ethnicity and gender,ConocoPhillips,2024,Native Hawaiian or Pacific Islander Men,0.1,%,,,,,,,,
Social / U.S. Employees by race/ethnicity and gender,ConocoPhillips,2020,Two+ races Women,0.3,%,,,,,,,,
Social / U.S. Employees by race/ethnicity and gender,ConocoPhillips,2021,Two+ races Women,0.4,%,,,,,,,,
Social / U.S. Employees by race/ethnicity and gender,ConocoPhillips,2022,Two+ races Women,0.5,%,,,,,,,,
Social / U.S. Employees by race/ethnicity and gender,ConocoPhillips,2023,Two+ races Women,0.6,%,,,,,,,,
Social / U.S. Employees by race/ethnicity and gender,ConocoPhillips,2024,Two+ races Women,0.6,%,,,,,,,,
Social / U.S. Employees by race/ethnicity and gender,ConocoPhillips,2020,Two+ races Men,0.5,%,,,,,,,,
Social / U.S. Employees by race/ethnicity and gender,ConocoPhillips,2021,Two+ races Men,0.5,%,,,,,,,,
Social / U.S. Employees by race/ethnicity and gender,ConocoPhillips,2022,Two+ races Men,0.9,%,,,,,,,,
Social / U.S. Employees by race/ethnicity and gender,ConocoPhillips,2023,Two+ races Men,1.1,%,,,,,,,,
Social / U.S. Employees by race/ethnicity and gender,ConocoPhillips,2024,Two+ races Men,1,%,,,,,,,,
Social / Hiring (global),ConocoPhillips,2020,University hires,25,%,,,,,,,,
Social / Hiring (global),ConocoPhillips,2021,University hires,10,%,,,,,,,,
Social / Hiring (global),ConocoPhillips,2022,University hires,8,%,,,,,,,,
Social / Hiring (global),ConocoPhillips,2023,University hires,8,%,,,,,,,,
Social / Hiring (global),ConocoPhillips,2024,University hires,12,%,,,,,,,,
Social / Hiring (global),ConocoPhillips,2020,Hiring — Women,29,%,,,,,,,,
Social / Hiring (global),ConocoPhillips,2021,Hiring — Women,23,%,,,,,,,,
Social / Hiring (global),ConocoPhillips,2022,Hiring — Women,29,%,,,,,,,,
Social / Hiring (global),ConocoPhillips,2023,Hiring — Women,27,%,,,,,,,,
Social / Hiring (global),ConocoPhillips,2024,Hiring — Women,25,%,,,,,,,,
Social / Hiring (global),ConocoPhillips,2020,Hiring — Men,71,%,,,,,,,,
Social / Hiring (global),ConocoPhillips,2021,Hiring — Men,77,%,,,,,,,,
Social / Hiring (global),ConocoPhillips,2022,Hiring — Men,71,%,,,,,,,,
Social / Hiring (global),ConocoPhillips,2023,Hiring — Men,73,%,,,,,,,,
Social / Hiring (global),ConocoPhillips,2024,Hiring — Men,75,%,,,,,,,,
Social / U.S. Hiring,ConocoPhillips,2020,Hiring — POC,28,%,,,,,,,,
Social / U.S. Hiring,ConocoPhillips,2021,Hiring — POC,35,%,,,,,,,,
Social / U.S. Hiring,ConocoPhillips,2022,Hiring — POC,41,%,,,,,,,,
Social / U.S. Hiring,ConocoPhillips,2023,Hiring — POC,41,%,,,,,,,,
Social / U.S. Hiring,ConocoPhillips,2024,Hiring — POC,41,%,,,,,,,,
Social / U.S. Hiring,ConocoPhillips,2020,Hiring — White,72,%,,,,,,,,
Social / U.S. Hiring,ConocoPhillips,2021,Hiring — White,65,%,,,,,,,,
Social / U.S. Hiring,ConocoPhillips,2022,Hiring — White,59,%,,,,,,,,
Social / U.S. Hiring,ConocoPhillips,2023,Hiring — White,59,%,,,,,,,,
Social / U.S. Hiring,ConocoPhillips,2024,Hiring — White,59,%,,,,,,,,
Social / U.S. Hiring by race/ethnicity,ConocoPhillips,2020,White,71.7,%,,,,,,,,
Social / U.S. Hiring by race/ethnicity,ConocoPhillips,2021,White,63.1,%,,,,,,,,
Social / U.S. Hiring by race/ethnicity,ConocoPhillips,2022,White,59.2,%,,,,,,,,
Social / U.S. Hiring by race/ethnicity,ConocoPhillips,2023,White,59.1,%,,,,,,,,
Social / U.S. Hiring by race/ethnicity,ConocoPhillips,2024,White,58.9,%,,,,,,,,
Social / U.S. Hiring by race/ethnicity,ConocoPhillips,2020,Hispanic or Latino,10.4,%,,,,,,,,
Social / U.S. Hiring by race/ethnicity,ConocoPhillips,2021,Hispanic or Latino,21.9,%,,,,,,,,
Social / U.S. Hiring by race/ethnicity,ConocoPhillips,2022,Hispanic or Latino,21.2,%,,,,,,,,
Social / U.S. Hiring by race/ethnicity,ConocoPhillips,2023,Hispanic or Latino,21.8,%,,,,,,,,
Social / U.S. Hiring by race/ethnicity,ConocoPhillips,2024,Hispanic or Latino,25.9,%,,,,,,,,
Social / U.S. Hiring by race/ethnicity,ConocoPhillips,2020,Asian,8,%,,,,,,,,
Social / U.S. Hiring by race/ethnicity,ConocoPhillips,2021,Asian,5.3,%,,,,,,,,
Social / U.S. Hiring by race/ethnicity,ConocoPhillips,2022,Asian,6.8,%,,,,,,,,
Social / U.S. Hiring by race/ethnicity,ConocoPhillips,2023,Asian,7.5,%,,,,,,,,
Social / U.S. Hiring by race/ethnicity,ConocoPhillips,2024,Asian,5.8,%,,,,,,,,
Social / U.S. Hiring by race/ethnicity,ConocoPhillips,2020,Black or African American,6,%,,,,,,,,
Social / U.S. Hiring by race/ethnicity,ConocoPhillips,2021,Black or African American,5,%,,,,,,,,
Social / U.S. Hiring by race/ethnicity,ConocoPhillips,2022,Black or African American,7.4,%,,,,,,,,
Social / U.S. Hiring by race/ethnicity,ConocoPhillips,2023,Black or African American,6.5,%,,,,,,,,
Social / U.S. Hiring by race/ethnicity,ConocoPhillips,2024,Black or African American,5.3,%,,,,,,,,
Social / U.S. Hiring by race/ethnicity,ConocoPhillips,2020,American Indian or Alaska Native,2,%,,,,,,,,
Social / U.S. Hiring by race/ethnicity,ConocoPhillips,2021,American Indian or Alaska Native,0.8,%,,,,,,,,
Social / U.S. Hiring by race/ethnicity,ConocoPhillips,2022,American Indian or Alaska Native,2.2,%,,,,,,,,
Social / U.S. Hiring by race/ethnicity,ConocoPhillips,2023,American Indian or Alaska Native,2.5,%,,,,,,,,
Social / U.S. Hiring by race/ethnicity,ConocoPhillips,2024,American Indian or Alaska Native,2.1,%,,,,,,,,
Social / U.S. Hiring by race/ethnicity,ConocoPhillips,2020,Native Hawaiian or Pacific Islander,0.4,%,,,,,,,,
Social / U.S. Hiring by race/ethnicity,ConocoPhillips,2021,Native Hawaiian or Pacific Islander,0.3,%,,,,,,,,
Social / U.S. Hiring by race/ethnicity,ConocoPhillips,2022,Native Hawaiian or Pacific Islander,0.5,%,,,,,,,,
Social / U.S. Hiring by race/ethnicity,ConocoPhillips,2023,Native Hawaiian or Pacific Islander,0.2,%,,,,,,,,
Social / U.S. Hiring by race/ethnicity,ConocoPhillips,2024,Native Hawaiian or Pacific Islander,0.3,%,,,,,,,,
Social / U.S. Hiring by race/ethnicity,ConocoPhillips,2020,Two+ races,1.6,%,,,,,,,,
Social / U.S. Hiring by race/ethnicity,ConocoPhillips,2021,Two+ races,2.1,%,,,,,,,,
Social / U.S. Hiring by race/ethnicity,ConocoPhillips,2022,Two+ races,2.4,%,,,,,,,,
Social / U.S. Hiring by race/ethnicity,ConocoPhillips,2023,Two+ races,2.5,%,,,,,,,,
Social / U.S. Hiring by race/ethnicity,ConocoPhillips,2024,Two+ races,1.7,%,,,,,,,,
Social / U.S. Hiring by race/ethnicity,ConocoPhillips,2020,Undisclosed,0,%,,,,,,,,
Social / U.S. Hiring by race/ethnicity,ConocoPhillips,2021,Undisclosed,1.6,%,,,,,,,,
Social / U.S. Hiring by race/ethnicity,ConocoPhillips,2022,Undisclosed,0.5,%,,,,,,,,
Social / U.S. Hiring by race/ethnicity,ConocoPhillips,2023,Undisclosed,0,%,,,,,,,,
Social / U.S. Hiring by race/ethnicity,ConocoPhillips,2024,Undisclosed,0,%,,,,,,,,
Social / External hire acceptance rate,ConocoPhillips,2020,University hire acceptance (U.S.),85,%,,,,,,,,
Social / External hire acceptance rate,ConocoPhillips,2021,University hire acceptance (U.S.),81,%,,,,,,,,
Social / External hire acceptance rate,ConocoPhillips,2022,University hire acceptance (U.S.),70,%,,,,,,,,
Social / External hire acceptance rate,ConocoPhillips,2023,University hire acceptance (U.S.),73,%,,,,,,,,
Social / External hire acceptance rate,ConocoPhillips,2024,University hire acceptance (U.S.),75,%,,,,,,,,
Social / External hire acceptance rate,ConocoPhillips,2020,Interns acceptance (U.S.),74,%,,,,,,,,
Social / External hire acceptance rate,ConocoPhillips,2021,Interns acceptance (U.S.),76,%,,,,,,,,
Social / External hire acceptance rate,ConocoPhillips,2022,Interns acceptance (U.S.),68,%,,,,,,,,
Social / External hire acceptance rate,ConocoPhillips,2023,Interns acceptance (U.S.),71,%,,,,,,,,
Social / External hire acceptance rate,ConocoPhillips,2024,Interns acceptance (U.S.),74,%,,,,,,,,
Social / External hire acceptance rate,ConocoPhillips,2020,Conversions from interns to hires,91,%,,,,,,,,
Social / External hire acceptance rate,ConocoPhillips,2021,Conversions from interns to hires,82,%,,,,,,,,
Social / External hire acceptance rate,ConocoPhillips,2022,Conversions from interns to hires,77,%,,,,,,,,
Social / External hire acceptance rate,ConocoPhillips,2023,Conversions from interns to hires,82,%,,,,,,,,
Social / External hire acceptance rate,ConocoPhillips,2024,Conversions from interns to hires,82,%,,,,,,,,
Social / External hire acceptance rate,ConocoPhillips,2020,Interns — POC,36,%,,,,,,,,
Social / External hire acceptance rate,ConocoPhillips,2021,Interns — POC,38,%,,,,,,,,
Social / External hire acceptance rate,ConocoPhillips,2022,Interns — POC,40,%,,,,,,,,
Social / External hire acceptance rate,ConocoPhillips,2023,Interns — POC,46,%,,,,,,,,
Social / External hire acceptance rate,ConocoPhillips,2024,Interns — POC,44,%,,,,,,,,
Social / External hire acceptance rate,ConocoPhillips,2020,Interns — White,64,%,,,,,,,,
Social / External hire acceptance rate,ConocoPhillips,2021,Interns — White,62,%,,,,,,,,
Social / External hire acceptance rate,ConocoPhillips,2022,Interns — White,60,%,,,,,,,,
Social / External hire acceptance rate,ConocoPhillips,2023,Interns — White,54,%,,,,,,,,
Social / External hire acceptance rate,ConocoPhillips,2024,Interns — White,56,%,,,,,,,,
Social / Attrition Rate,ConocoPhillips,2020,Total Attrition Rate,5.3,%,,,,,,,,
Social / Attrition Rate,ConocoPhillips,2021,Total Attrition Rate,14.5,%,,,,,,,,
Social / Attrition Rate,ConocoPhillips,2022,Total Attrition Rate,13.1,%,,,,,,,,
Social / Attrition Rate,ConocoPhillips,2023,Total Attrition Rate,4.9,%,,,,,,,,
Social / Attrition Rate,ConocoPhillips,2024,Total Attrition Rate,4.3,%,,,,,,,,
Social / Attrition Rate,ConocoPhillips,2020,Voluntary Attrition,3,%,,,,,,,,
Social / Attrition Rate,ConocoPhillips,2021,Voluntary Attrition,5,%,,,,,,,,
Social / Attrition Rate,ConocoPhillips,2022,Voluntary Attrition,5.6,%,,,,,,,,
Social / Attrition Rate,ConocoPhillips,2023,Voluntary Attrition,3.9,%,,,,,,,,
Social / Attrition Rate,ConocoPhillips,2024,Voluntary Attrition,3.6,%,,,,,,,,
Social / Attrition Rate,ConocoPhillips,2020,Voluntary Attrition — Women,2.8,%,,,,,,,,
Social / Attrition Rate,ConocoPhillips,2021,Voluntary Attrition — Women,5.3,%,,,,,,,,
Social / Attrition Rate,ConocoPhillips,2022,Voluntary Attrition — Women,5,%,,,,,,,,
Social / Attrition Rate,ConocoPhillips,2023,Voluntary Attrition — Women,4.2,%,,,,,,,,
Social / Attrition Rate,ConocoPhillips,2024,Voluntary Attrition — Women,3.7,%,,,,,,,,
Social / Attrition Rate,ConocoPhillips,2020,Voluntary Attrition — Men,3.1,%,,,,,,,,
Social / Attrition Rate,ConocoPhillips,2021,Voluntary Attrition — Men,4.9,%,,,,,,,,
Social / Attrition Rate,ConocoPhillips,2022,Voluntary Attrition — Men,5.9,%,,,,,,,,
Social / Attrition Rate,ConocoPhillips,2023,Voluntary Attrition — Men,3.9,%,,,,,,,,
Social / Attrition Rate,ConocoPhillips,2024,Voluntary Attrition — Men,3.5,%,,,,,,,,
Social / Attrition Rate,ConocoPhillips,2020,Voluntary Attrition — U.S. POC,2.9,%,,,,,,,,
Social / Attrition Rate,ConocoPhillips,2021,Voluntary Attrition — U.S. POC,4.8,%,,,,,,,,
Social / Attrition Rate,ConocoPhillips,2022,Voluntary Attrition — U.S. POC,5.7,%,,,,,,,,
Social / Attrition Rate,ConocoPhillips,2023,Voluntary Attrition — U.S. POC,3.1,%,,,,,,,,
Social / Attrition Rate,ConocoPhillips,2024,Voluntary Attrition — U.S. POC,2.5,%,,,,,,,,
Social / U.S. Voluntary Attrition by race/ethnicity,ConocoPhillips,2020,White,3.7,%,,,,,,,,
Social / U.S. Voluntary Attrition by race/ethnicity,ConocoPhillips,2021,White,6.8,%,,,,,,,,
Social / U.S. Voluntary Attrition by race/ethnicity,ConocoPhillips,2022,White,6.7,%,,,,,,,,
Social / U.S. Voluntary Attrition by race/ethnicity,ConocoPhillips,2023,White,4.6,%,,,,,,,,
Social / U.S. Voluntary Attrition by race/ethnicity,ConocoPhillips,2024,White,4.1,%,,,,,,,,
Social / U.S. Voluntary Attrition by race/ethnicity,ConocoPhillips,2020,Hispanic or Latino,2.2,%,,,,,,,,
Social / U.S. Voluntary Attrition by race/ethnicity,ConocoPhillips,2021,Hispanic or Latino,5.2,%,,,,,,,,
Social / U.S. Voluntary Attrition by race/ethnicity,ConocoPhillips,2022,Hispanic or Latino,4.7,%,,,,,,,,
Social / U.S. Voluntary Attrition by race/ethnicity,ConocoPhillips,2023,Hispanic or Latino,3.5,%,,,,,,,,
Social / U.S. Voluntary Attrition by race/ethnicity,ConocoPhillips,2024,Hispanic or Latino,2.7,%,,,,,,,,
Social / U.S. Voluntary Attrition by race/ethnicity,ConocoPhillips,2020,Asian,4.1,%,,,,,,,,
Social / U.S. Voluntary Attrition by race/ethnicity,ConocoPhillips,2021,Asian,2.9,%,,,,,,,,
Social / U.S. Voluntary Attrition by race/ethnicity,ConocoPhillips,2022,Asian,6.7,%,,,,,,,,
Social / U.S. Voluntary Attrition by race/ethnicity,ConocoPhillips,2023,Asian,3.1,%,,,,,,,,
Social / U.S. Voluntary Attrition by race/ethnicity,ConocoPhillips,2024,Asian,3,%,,,,,,,,
Social / U.S. Voluntary Attrition by race/ethnicity,ConocoPhillips,2020,Black or African American,4.2,%,,,,,,,,
Social / U.S. Voluntary Attrition by race/ethnicity,ConocoPhillips,2021,Black or African American,4,%,,,,,,,,
Social / U.S. Voluntary Attrition by race/ethnicity,ConocoPhillips,2022,Black or African American,6.9,%,,,,,,,,
Social / U.S. Voluntary Attrition by race/ethnicity,ConocoPhillips,2023,Black or African American,3.6,%,,,,,,,,
Social / U.S. Voluntary Attrition by race/ethnicity,ConocoPhillips,2024,Black or African American,1.3,%,,,,,,,,
Social / U.S. Voluntary Attrition by race/ethnicity,ConocoPhillips,2020,American Indian or Alaska Native,1.4,%,,,,,,,,
Social / U.S. Voluntary Attrition by race/ethnicity,ConocoPhillips,2021,American Indian or Alaska Native,7.8,%,,,,,,,,
Social / U.S. Voluntary Attrition by race/ethnicity,ConocoPhillips,2022,American Indian or Alaska Native,6.5,%,,,,,,,,
Social / U.S. Voluntary Attrition by race/ethnicity,ConocoPhillips,2023,American Indian or Alaska Native,1.2,%,,,,,,,,
Social / U.S. Voluntary Attrition by race/ethnicity,ConocoPhillips,2024,American Indian or Alaska Native,2.9,%,,,,,,,,
Social / U.S. Voluntary Attrition by race/ethnicity,ConocoPhillips,2020,Native Hawaiian or Pacific Islander,0,%,,,,,,,,
Social / U.S. Voluntary Attrition by race/ethnicity,ConocoPhillips,2021,Native Hawaiian or Pacific Islander,6.7,%,,,,,,,,
Social / U.S. Voluntary Attrition by race/ethnicity,ConocoPhillips,2022,Native Hawaiian or Pacific Islander,0,%,,,,,,,,
Social / U.S. Voluntary Attrition by race/ethnicity,ConocoPhillips,2023,Native Hawaiian or Pacific Islander,6.6,%,,,,,,,,
Social / U.S. Voluntary Attrition by race/ethnicity,ConocoPhillips,2024,Native Hawaiian or Pacific Islander,0,%,,,,,,,,
Social / U.S. Voluntary Attrition by race/ethnicity,ConocoPhillips,2020,Two+ races,0,%,,,,,,,,
Social / U.S. Voluntary Attrition by race/ethnicity,ConocoPhillips,2021,Two+ races,7.3,%,,,,,,,,
Social / U.S. Voluntary Attrition by race/ethnicity,ConocoPhillips,2022,Two+ races,7.3,%,,,,,,,,
Social / U.S. Voluntary Attrition by race/ethnicity,ConocoPhillips,2023,Two+ races,1.9,%,,,,,,,,
Social / U.S. Voluntary Attrition by race/ethnicity,ConocoPhillips,2024,Two+ races,1.7,%,,,,,,,,
Social / Attrition Rate,ConocoPhillips,2020,Voluntary Attrition less than 5 years of tenure,2.5,%,,,,,,,,
Social / Attrition Rate,ConocoPhillips,2021,Voluntary Attrition less than 5 years of tenure,8.4,%,,,,,,,,
Social / Attrition Rate,ConocoPhillips,2022,Voluntary Attrition less than 5 years of tenure,7.6,%,,,,,,,,
Social / Attrition Rate,ConocoPhillips,2023,Voluntary Attrition less than 5 years of tenure,4.7,%,,,,,,,,
Social / Attrition Rate,ConocoPhillips,2024,Voluntary Attrition less than 5 years of tenure,3.8,%,,,,,,,,
Social / Training and development,ConocoPhillips,2020,Training of petrotechnical employees,27.1,Hours of training/employee,,,,,,,,
Social / Training and development,ConocoPhillips,2021,Training of petrotechnical employees,21.5,Hours of training/employee,,,,,,,,
Social / Training and development,ConocoPhillips,2022,Training of petrotechnical employees,23.1,Hours of training/employee,,,,,,,,
Social / Training and development,ConocoPhillips,2023,Training of petrotechnical employees,28.5,Hours of training/employee,,,,,,,,
Social / Training and development,ConocoPhillips,2024,Training of petrotechnical employees,20.2,Hours of training/employee,,,,,,,,
Social / Training and development,ConocoPhillips,2020,Average spent on training per employee,948,dollars,,,,,,,,
Social / Training and development,ConocoPhillips,2021,Average spent on training per employee,889,dollars,,,,,,,,
Social / Training and development,ConocoPhillips,2022,Average spent on training per employee,1071,dollars,,,,,,,
Social / Training and development,ConocoPhillips,2023,Average spent on training per employee,1043,dollars,,,,,,,
Social / Training and development,ConocoPhillips,2024,Average spent on training per employee,1050,dollars,,,,,,,
Governance / Board,ConocoPhillips,2020,Independent Members,92,%,Footnote 24,,,,,,,
Governance / Board,ConocoPhillips,2021,Independent Members,80,%,Footnote 24,,,,,,,
Governance / Board,ConocoPhillips,2022,Independent Members,86,%,Footnote 24,,,,,,,
Governance / Board,ConocoPhillips,2023,Independent Members,83,%,Footnote 24,,,,,,,
Governance / Board,ConocoPhillips,2024,Independent Members,83,%,Footnote 24,,,,,,,
Governance / Board,ConocoPhillips,2020,Women,31,%,Footnote 24,,,,,,,
Governance / Board,ConocoPhillips,2021,Women,27,%,Footnote 24,,,,,,,
Governance / Board,ConocoPhillips,2022,Women,29,%,Footnote 24,,,,,,,
Governance / Board,ConocoPhillips,2023,Women,17,%,Footnote 24,,,,,,,
Governance / Board,ConocoPhillips,2024,Women,25,%,Footnote 24,,,,,,,
Governance / Board,ConocoPhillips,2020,Men,69,%,Footnote 24,,,,,,,
Governance / Board,ConocoPhillips,2021,Men,73,%,Footnote 24,,,,,,,
Governance / Board,ConocoPhillips,2022,Men,71,%,Footnote 24,,,,,,,
Governance / Board,ConocoPhillips,2023,Men,83,%,Footnote 24,,,,,,,
Governance / Board,ConocoPhillips,2024,Men,75,%,Footnote 24,,,,,,,
Exploration and production,ConocoPhillips,2020,Crude oil,568,MBD,Footnote 25,,,,,,,
Exploration and production,ConocoPhillips,2021,Crude oil,829,MBD,Footnote 25,,,,,,,
Exploration and production,ConocoPhillips,2022,Crude oil,898,MBD,Footnote 25,,,,,,,
Exploration and production,ConocoPhillips,2023,Crude oil,936,MBD,Footnote 25,,,,,,,
Exploration and production,ConocoPhillips,2024,Crude oil,982,MBD,Footnote 25,,,,,,,
Exploration and production,ConocoPhillips,2020,NGL,105,MBD,Footnote 25,,,,,,,
Exploration and production,ConocoPhillips,2021,NGL,142,MBD,Footnote 25,,,,,,,
Exploration and production,ConocoPhillips,2022,NGL,252,MBD,Footnote 25,,,,,,,
Exploration and production,ConocoPhillips,2023,NGL,287,MBD,Footnote 25,,,,,,,
Exploration and production,ConocoPhillips,2024,NGL,312,MBD,Footnote 25,,,,,,,
Exploration and production,ConocoPhillips,2020,Bitumen,55,MBD,Footnote 25,,,,,,,
Exploration and production,ConocoPhillips,2021,Bitumen,69,MBD,Footnote 25,,,,,,,
Exploration and production,ConocoPhillips,2022,Bitumen,66,MBD,Footnote 25,,,,,,,
Exploration and production,ConocoPhillips,2023,Bitumen,81,MBD,Footnote 25,,,,,,,
Exploration and production,ConocoPhillips,2024,Bitumen,122,MBD,Footnote 25,,,,,,,
Exploration and production,ConocoPhillips,2020,Natural gas,2394,MMCFD,Footnote 25,,,,,,
Exploration and production,ConocoPhillips,2021,Natural gas,3162,MMCFD,Footnote 25,,,,,,
Exploration and production,ConocoPhillips,2022,Natural gas,3130,MMCFD,Footnote 25,,,,,,
Exploration and production,ConocoPhillips,2023,Natural gas,3135,MMCFD,Footnote 25,,,,,,
Exploration and production,ConocoPhillips,2024,Natural gas,3433,MMCFD,Footnote 25,,,,,,
Exploration and production,ConocoPhillips,2020,Total,1127,MBOED,Footnote 25,,,,,,
Exploration and production,ConocoPhillips,2021,Total,1567,MBOED,Footnote 25,,,,,,
Exploration and production,ConocoPhillips,2022,Total,1738,MBOED,Footnote 25,,,,,,
Exploration and production,ConocoPhillips,2023,Total,1826,MBOED,Footnote 25,,,,,,
Exploration and production,ConocoPhillips,2024,Total,1987,MBOED,Footnote 25,,,,,,
Exploration and production,ConocoPhillips,2020,Total Operated Production,471,MMBOE,Footnote 26,,,,,,,
Exploration and production,ConocoPhillips,2021,Total Operated Production,694,MMBOE,Footnote 26,,,,,,,
Exploration and production,ConocoPhillips,2022,Total Operated Production,688,MMBOE,Footnote 26,,,,,,,
Exploration and production,ConocoPhillips,2023,Total Operated Production,688,MMBOE,Footnote 26,,,,,,,
Exploration and production,ConocoPhillips,2024,Total Operated Production,733,MMBOE,Footnote 26,,,,,,,
Exploration and production,ConocoPhillips,2020,Total Proved Reserves at Year-End,4459,million BOE,,,,,,,
Exploration and production,ConocoPhillips,2021,Total Proved Reserves at Year-End,6101,million BOE,,,,,,,
Exploration and production,ConocoPhillips,2022,Total Proved Reserves at Year-End,6599,million BOE,,,,,,,
Exploration and production,ConocoPhillips,2023,Total Proved Reserves at Year-End,6758,million BOE,,,,,,,
Exploration and production,ConocoPhillips,2024,Total Proved Reserves at Year-End,7812,million BOE,,,,,,,
Exploration and production,ConocoPhillips,2020,Proved Reserves in Low-Transparency Countries,5.1,%,Footnote 27,,,,,,,
Exploration and production,ConocoPhillips,2021,Proved Reserves in Low-Transparency Countries,3.6,%,Footnote 27,,,,,,,
Exploration and production,ConocoPhillips,2022,Proved Reserves in Low-Transparency Countries,3.8,%,Footnote 27,,,,,,,
Exploration and production,ConocoPhillips,2023,Proved Reserves in Low-Transparency Countries,3.4,%,Footnote 27,,,,,,,
Exploration and production,ConocoPhillips,2024,Proved Reserves in Low-Transparency Countries,4.5,%,Footnote 27,,,,,,,
Environmental - GHG Emissions,DOW,2024,Scope 1 GHG Emissions,26.63,Millions Metric Tons CO2e,"1. For comparability, historical values for 2023 updated to reflect identified data error corrections that are immaterial to the INtersections Report as a whole.",,,,,,,
Environmental - GHG Emissions,DOW,2023,Scope 1 GHG Emissions,26.77,Millions Metric Tons CO2e,"1. For comparability, historical values for 2023 updated to reflect identified data error corrections that are immaterial to the INtersections Report as a whole.",,,,,,,
Environmental - GHG Emissions,DOW,2022,Scope 1 GHG Emissions,27.29,Millions Metric Tons CO2e,"1. For comparability, historical values for 2023 updated to reflect identified data error corrections that are immaterial to the INtersections Report as a whole.",,,,,,,
Environmental - GHG Emissions,DOW,2024,Scope 1 GHG Emissions – Excluding Emissions Associated With the Production of Power and Steam Not Consumed by the Company,21.93,Millions Metric Tons CO2e,,,,,,,,
Environmental - GHG Emissions,DOW,2023,Scope 1 GHG Emissions – Excluding Emissions Associated With the Production of Power and Steam Not Consumed by the Company,21.73,Millions Metric Tons CO2e,,,,,,,,
Environmental - GHG Emissions,DOW,2022,Scope 1 GHG Emissions – Excluding Emissions Associated With the Production of Power and Steam Not Consumed by the Company,21.84,Millions Metric Tons CO2e,,,,,,,,
Environmental - GHG Emissions,DOW,2024,Scope 2 GHG Emissions – Market Based,3.11,Millions Metric Tons CO2e,,,,,,,,
Environmental - GHG Emissions,DOW,2023,Scope 2 GHG Emissions – Market Based,3.2,Millions Metric Tons CO2e,,,,,,,,
Environmental - GHG Emissions,DOW,2022,Scope 2 GHG Emissions – Market Based,4.19,Millions Metric Tons CO2e,,,,,,,,
Environmental - GHG Emissions,DOW,2024,Scope 2 GHG Emissions – Location Based,3.44,Millions Metric Tons CO2e,"1. For comparability, historical values for 2023 updated to reflect identified data error corrections that are immaterial to the INtersections Report as a whole.",,,,,,,
Environmental - GHG Emissions,DOW,2023,Scope 2 GHG Emissions – Location Based,3.36,Millions Metric Tons CO2e,"1. For comparability, historical values for 2023 updated to reflect identified data error corrections that are immaterial to the INtersections Report as a whole.",,,,,,,
Environmental - GHG Emissions,DOW,2022,Scope 2 GHG Emissions – Location Based,3.45,Millions Metric Tons CO2e,"1. For comparability, historical values for 2023 updated to reflect identified data error corrections that are immaterial to the INtersections Report as a whole.",,,,,,,
Environmental - GHG Emissions,DOW,2024,Scope 1 + Scope 2 GHG Emissions,29.74,Millions Metric Tons CO2e,,,,,,,,
Environmental - GHG Emissions,DOW,2023,Scope 1 + Scope 2 GHG Emissions,29.97,Millions Metric Tons CO2e,,,,,,,,
Environmental - GHG Emissions,DOW,2022,Scope 1 + Scope 2 GHG Emissions,31.48,Millions Metric Tons CO2e,,,,,,,,
Environmental - GHG Emissions,DOW,2024,Scope 1 + Scope 2 GHG Emissions – Excluding Emissions Associated With the Production of Power and Steam Not Consumed by the Company,25.04,Millions Metric Tons CO2e,,,,,,,,
Environmental - GHG Emissions,DOW,2023,Scope 1 + Scope 2 GHG Emissions – Excluding Emissions Associated With the Production of Power and Steam Not Consumed by the Company,24.93,Millions Metric Tons CO2e,,,,,,,,
Environmental - GHG Emissions,DOW,2022,Scope 1 + Scope 2 GHG Emissions – Excluding Emissions Associated With the Production of Power and Steam Not Consumed by the Company,26.03,Millions Metric Tons CO2e,,,,,,,,
Environmental - GHG Emissions,DOW,2024,Scope 1 + Scope 2 GHG Intensity (Emissions/Revenue),0.00069,Metric Tons CO2e per USD,,,,,,,,
Environmental - GHG Emissions,DOW,2023,Scope 1 + Scope 2 GHG Intensity (Emissions/Revenue),0.00067,Metric Tons CO2e per USD,,,,,,,,
Environmental - GHG Emissions,DOW,2022,Scope 1 + Scope 2 GHG Intensity (Emissions/Revenue),0.00055,Metric Tons CO2e per USD,,,,,,,,
Environmental - GHG Emissions,DOW,2024,Scope 1 + Scope 2 GHG Intensity (Emissions/Production) – Excluding Emissions Associated With the Production of Power and Steam Not Consumed by the Company,0.51,Metric Tons CO2e/Metric Tons of Production,,,,,,,,
Environmental - GHG Emissions,DOW,2023,Scope 1 + Scope 2 GHG Intensity (Emissions/Production) – Excluding Emissions Associated With the Production of Power and Steam Not Consumed by the Company,0.52,Metric Tons CO2e/Metric Tons of Production,,,,,,,,
Environmental - GHG Emissions,DOW,2022,Scope 1 + Scope 2 GHG Intensity (Emissions/Production) – Excluding Emissions Associated With the Production of Power and Steam Not Consumed by the Company,0.53,Metric Tons CO2e/Metric Tons of Production,,,,,,,,
Environmental - GHG Emissions,DOW,2024,Scope 3 GHG Emissions Total,77.23,Millions Metric Tons CO2e,2. Historical numbers restated based on significant advancements in Dow’s Scope 3 calculation methodology and data management. See the GHG Protocol section of this report for more detailed information.,,,,,,,
Environmental - GHG Emissions,DOW,2023,Scope 3 GHG Emissions Total,73.6,Millions Metric Tons CO2e,2. Historical numbers restated based on significant advancements in Dow’s Scope 3 calculation methodology and data management. See the GHG Protocol section of this report for more detailed information.,,,,,,,
Environmental - GHG Emissions,DOW,2022,Scope 3 GHG Emissions Total,77.03,Millions Metric Tons CO2e,2. Historical numbers restated based on significant advancements in Dow’s Scope 3 calculation methodology and data management. See the GHG Protocol section of this report for more detailed information.,,,,,,,
Environmental - GHG Emissions,DOW,2024,Category 1: Purchased Goods & Services,40.04,Millions Metric Tons CO2e,,,,,,,,
Environmental - GHG Emissions,DOW,2023,Category 1: Purchased Goods & Services,35.65,Millions Metric Tons CO2e,,,,,,,,
Environmental - GHG Emissions,DOW,2022,Category 1: Purchased Goods & Services,37.42,Millions Metric Tons CO2e,,,,,,,,
Environmental - GHG Emissions,DOW,2024,Category 2: Capital Goods,0.2,Millions Metric Tons CO2e,,,,,,,,
Environmental - GHG Emissions,DOW,2023,Category 2: Capital Goods,0.14,Millions Metric Tons CO2e,,,,,,,,
Environmental - GHG Emissions,DOW,2022,Category 2: Capital Goods,0.12,Millions Metric Tons CO2e,,,,,,,,
Environmental - GHG Emissions,DOW,2024,Category 3: Fuel and Energy Related Activities,4.22,Millions Metric Tons CO2e,,,,,,,,
Environmental - GHG Emissions,DOW,2023,Category 3: Fuel and Energy Related Activities,4.49,Millions Metric Tons CO2e,,,,,,,,
Environmental - GHG Emissions,DOW,2022,Category 3: Fuel and Energy Related Activities,4.42,Millions Metric Tons CO2e,,,,,,,,
Environmental - GHG Emissions,DOW,2024,Category 4: Upstream Transportation and Distribution,2.64,Millions Metric Tons CO2e,,,,,,,,
Environmental - GHG Emissions,DOW,2023,Category 4: Upstream Transportation and Distribution,2.8,Millions Metric Tons CO2e,,,,,,,,
Environmental - GHG Emissions,DOW,2022,Category 4: Upstream Transportation and Distribution,3.37,Millions Metric Tons CO2e,,,,,,,,
Environmental - GHG Emissions,DOW,2024,Category 5: Waste Generated in Operations,0.26,Millions Metric Tons CO2e,,,,,,,,
Environmental - GHG Emissions,DOW,2023,Category 5: Waste Generated in Operations,0.23,Millions Metric Tons CO2e,,,,,,,,
Environmental - GHG Emissions,DOW,2022,Category 5: Waste Generated in Operations,0.28,Millions Metric Tons CO2e,,,,,,,,
Environmental - GHG Emissions,DOW,2024,Category 6: Business Travel,0.04,Millions Metric Tons CO2e,,,,,,,,
Environmental - GHG Emissions,DOW,2023,Category 6: Business Travel,0.03,Millions Metric Tons CO2e,,,,,,,,
Environmental - GHG Emissions,DOW,2022,Category 6: Business Travel,0.02,Millions Metric Tons CO2e,,,,,,,,
Environmental - GHG Emissions,DOW,2024,Category 7: Employee Commuting,0.06,Millions Metric Tons CO2e,,,,,,,,
Environmental - GHG Emissions,DOW,2023,Category 7: Employee Commuting,0.06,Millions Metric Tons CO2e,,,,,,,,
Environmental - GHG Emissions,DOW,2022,Category 7: Employee Commuting,0.06,Millions Metric Tons CO2e,,,,,,,,
Environmental - GHG Emissions,DOW,2024,Category 8: Upstream Leased Assets,0,Millions Metric Tons CO2e,,,,,,,,
Environmental - GHG Emissions,DOW,2023,Category 8: Upstream Leased Assets,0,Millions Metric Tons CO2e,,,,,,,,
Environmental - GHG Emissions,DOW,2022,Category 8: Upstream Leased Assets,0,Millions Metric Tons CO2e,,,,,,,,
Environmental - GHG Emissions,DOW,2024,Category 9: Downstream Transportation & Distribution,,Millions Metric Tons CO2e,,,,,,,,
Environmental - GHG Emissions,DOW,2023,Category 9: Downstream Transportation & Distribution,,Millions Metric Tons CO2e,,,,,,,,
Environmental - GHG Emissions,DOW,2022,Category 9: Downstream Transportation & Distribution,,Millions Metric Tons CO2e,,,,,,,,
Environmental - GHG Emissions,DOW,2024,Category 10: Processing of Sold Products,,Millions Metric Tons CO2e,,,,,,,,
Environmental - GHG Emissions,DOW,2023,Category 10: Processing of Sold Products,,Millions Metric Tons CO2e,,,,,,,,
Environmental - GHG Emissions,DOW,2022,Category 10: Processing of Sold Products,,Millions Metric Tons CO2e,,,,,,,,
Environmental - GHG Emissions,DOW,2024,Category 11: Use of Sold Products,4.72,Millions Metric Tons CO2e,,,,,,,,
Environmental - GHG Emissions,DOW,2023,Category 11: Use of Sold Products,5.18,Millions Metric Tons CO2e,,,,,,,,
Environmental - GHG Emissions,DOW,2022,Category 11: Use of Sold Products,5.54,Millions Metric Tons CO2e,,,,,,,,
Environmental - GHG Emissions,DOW,2024,Category 12: End-of-Life Treatment of Sold Products,20.83,Millions Metric Tons CO2e,,,,,,,,
Environmental - GHG Emissions,DOW,2023,Category 12: End-of-Life Treatment of Sold Products,21.02,Millions Metric Tons CO2e,,,,,,,,
Environmental - GHG Emissions,DOW,2022,Category 12: End-of-Life Treatment of Sold Products,21.63,Millions Metric Tons CO2e,,,,,,,,
Environmental - GHG Emissions,DOW,2024,Category 13: Downstream Leased Assets,0,Millions Metric Tons CO2e,,,,,,,,
Environmental - GHG Emissions,DOW,2023,Category 13: Downstream Leased Assets,0,Millions Metric Tons CO2e,,,,,,,,
Environmental - GHG Emissions,DOW,2022,Category 13: Downstream Leased Assets,0,Millions Metric Tons CO2e,,,,,,,,
Environmental - GHG Emissions,DOW,2024,Category 14: Franchises,0,Millions Metric Tons CO2e,,,,,,,,
Environmental - GHG Emissions,DOW,2023,Category 14: Franchises,0,Millions Metric Tons CO2e,,,,,,,,
Environmental - GHG Emissions,DOW,2022,Category 14: Franchises,0,Millions Metric Tons CO2e,,,,,,,,
Environmental - GHG Emissions,DOW,2024,Category 15: Investments,4.22,Millions Metric Tons CO2e,,,,,,,,
Environmental - GHG Emissions,DOW,2023,Category 15: Investments,4,Millions Metric Tons CO2e,,,,,,,,
Environmental - GHG Emissions,DOW,2022,Category 15: Investments,4.17,Millions Metric Tons CO2e,,,,,,,,
Environmental - Other Emissions,DOW,2024,Ozone-Depleting Substances,0.56,Metric Tons as CFC-11e,,,,,,,,
Environmental - Other Emissions,DOW,2023,Ozone-Depleting Substances,0.69,Metric Tons as CFC-11e,,,,,,,,
Environmental - Other Emissions,DOW,2022,Ozone-Depleting Substances,0.86,Metric Tons as CFC-11e,,,,,,,,
Environmental - Other Emissions,DOW,2024,NOx,17,648,Metric Tons,,,,,,,
Environmental - Other Emissions,DOW,2023,NOx,18,284,Metric Tons,,,,,,,
Environmental - Other Emissions,DOW,2022,NOx,18,719,Metric Tons,,,,,,,
Environmental - Other Emissions,DOW,2024,SOx,1,863,Metric Tons,,,,,,,
Environmental - Other Emissions,DOW,2023,SOx,1,729,Metric Tons,,,,,,,
Environmental - Other Emissions,DOW,2022,SOx,1,975,Metric Tons,,,,,,,
Environmental - Other Emissions,DOW,2024,Volatile Organic Compounds (VOCs),7281,Metric Tons,"1. For comparability, historical values for 2023 and 2022 were updated to reflect identified data error corrections that are immaterial to the INtersections Report as a whole.",,,,,,
Environmental - Other Emissions,DOW,2023,Volatile Organic Compounds (VOCs),7136,Metric Tons,"1. For comparability, historical values for 2023 and 2022 were updated to reflect identified data error corrections that are immaterial to the INtersections Report as a whole.",,,,,,
Environmental - Other Emissions,DOW,2022,Volatile Organic Compounds (VOCs),7047,Metric Tons,"1. For comparability, historical values for 2023 and 2022 were updated to reflect identified data error corrections that are immaterial to the INtersections Report as a whole.",,,,,,
Environmental - Other Emissions,DOW,2024,Hazardous Air Pollutants (HAPs),845,Metric Tons,"1. For comparability, historical values for 2023 and 2022 were updated to reflect identified data error corrections that are immaterial to the INtersections Report as a whole.",,,,,,,
Environmental - Other Emissions,DOW,2023,Hazardous Air Pollutants (HAPs),804,Metric Tons,"1. For comparability, historical values for 2023 and 2022 were updated to reflect identified data error corrections that are immaterial to the INtersections Report as a whole.",,,,,,,
Environmental - Other Emissions,DOW,2022,Hazardous Air Pollutants (HAPs),761,Metric Tons,"1. For comparability, historical values for 2023 and 2022 were updated to reflect identified data error corrections that are immaterial to the INtersections Report as a whole.",,,,,,,
Environmental - Other Emissions,DOW,2024,Carbon Monoxide (CO),8708,Metric Tons,"1. For comparability, historical values for 2023 and 2022 were updated to reflect identified data error corrections that are immaterial to the INtersections Report as a whole.",,,,,,
Environmental - Other Emissions,DOW,2023,Carbon Monoxide (CO),7829,Metric Tons,"1. For comparability, historical values for 2023 and 2022 were updated to reflect identified data error corrections that are immaterial to the INtersections Report as a whole.",,,,,,
Environmental - Other Emissions,DOW,2022,Carbon Monoxide (CO),9158,Metric Tons,"1. For comparability, historical values for 2023 and 2022 were updated to reflect identified data error corrections that are immaterial to the INtersections Report as a whole.",,,,,,
Environmental - Other Emissions,DOW,2024,Priority Compounds to Air and Water,275,Metric Tons,"1. For comparability, historical values for 2023 and 2022 were updated to reflect identified data error corrections that are immaterial to the INtersections Report as a whole.",,,,,,,
Environmental - Other Emissions,DOW,2023,Priority Compounds to Air and Water,307,Metric Tons,"1. For comparability, historical values for 2023 and 2022 were updated to reflect identified data error corrections that are immaterial to the INtersections Report as a whole.",,,,,,,
Environmental - Other Emissions,DOW,2022,Priority Compounds to Air and Water,216,Metric Tons,"1. For comparability, historical values for 2023 and 2022 were updated to reflect identified data error corrections that are immaterial to the INtersections Report as a whole.",,,,,,,
Environmental - Energy,DOW,2024,Energy Intensity (Scope 1+2),10.98,Gigajoules (GJ)/Metric Ton of Production,,,,,,,,
Environmental - Energy,DOW,2023,Energy Intensity (Scope 1+2),11.65,Gigajoules (GJ)/Metric Ton of Production,,,,,,,,
Environmental - Energy,DOW,2022,Energy Intensity (Scope 1+2),11.43,Gigajoules (GJ)/Metric Ton of Production,,,,,,,,
Environmental - Energy,DOW,2024,Total Energy Consumption,544.01,Million GJ,,,,,,,,
Environmental - Energy,DOW,2023,Total Energy Consumption,558.98,Million GJ,,,,,,,,
Environmental - Energy,DOW,2022,Total Energy Consumption,564.49,Million GJ,,,,,,,,
Environmental - Energy,DOW,2024,Purchased Fuels,293.75,Million GJ,2. Purchased fuels data excludes purchased fuels resold or used internally as feedstock.,,,,,,,
Environmental - Energy,DOW,2023,Purchased Fuels,309.85,Million GJ,2. Purchased fuels data excludes purchased fuels resold or used internally as feedstock.,,,,,,,
Environmental - Energy,DOW,2022,Purchased Fuels,312.59,Million GJ,2. Purchased fuels data excludes purchased fuels resold or used internally as feedstock.,,,,,,,
Environmental - Energy,DOW,2024,Off-Gas From Feedstock,252.43,Million GJ,3. Off-gas from feedstock data includes non-cracker sources.,,,,,,,
Environmental - Energy,DOW,2023,Off-Gas From Feedstock,255.78,Million GJ,3. Off-gas from feedstock data includes non-cracker sources.,,,,,,,
Environmental - Energy,DOW,2022,Off-Gas From Feedstock,257.32,Million GJ,3. Off-gas from feedstock data includes non-cracker sources.,,,,,,,
Environmental - Energy,DOW,2024,Purchased Electricity – Renewable,20.26,Million GJ,,,,,,,,
Environmental - Energy,DOW,2023,Purchased Electricity – Renewable,16.8,Million GJ,,,,,,,,
Environmental - Energy,DOW,2022,Purchased Electricity – Renewable,14.95,Million GJ,,,,,,,,
Environmental - Energy,DOW,2024,Purchased Electricity – Non-Renewable,13.3,Million GJ,,,,,,,,
Environmental - Energy,DOW,2023,Purchased Electricity – Non-Renewable,15.15,Million GJ,,,,,,,,
Environmental - Energy,DOW,2022,Purchased Electricity – Non-Renewable,21.79,Million GJ,,,,,,,,
Environmental - Energy,DOW,2024,Purchased Steam,4.01,Million GJ,,,,,,,,
Environmental - Energy,DOW,2023,Purchased Steam,3.85,Million GJ,,,,,,,,
Environmental - Energy,DOW,2022,Purchased Steam,4.52,Million GJ,,,,,,,,
Environmental - Energy,DOW,2024,Power and Steam Sold,-39.74,Million GJ,,,,,,,,
Environmental - Energy,DOW,2023,Power and Steam Sold,-42.45,Million GJ,,,,,,,,
Environmental - Energy,DOW,2022,Power and Steam Sold,-46.68,Million GJ,,,,,,,,
Environmental - Energy,DOW,2024,Purchased Electricity From Renewable Sources Total,1341,Megawatts (MW),,,,,,,
Environmental - Energy,DOW,2023,Purchased Electricity From Renewable Sources Total,1203,Megawatts (MW),,,,,,,
Environmental - Energy,DOW,2022,Purchased Electricity From Renewable Sources Total,1036,Megawatts (MW),,,,,,,
Environmental - Energy,DOW,2024,Wind (MW),811,MW,,,,,,,,
Environmental - Energy,DOW,2023,Wind (MW),696,MW,,,,,,,,
Environmental - Energy,DOW,2022,Wind (MW),603,MW,,,,,,,,
Environmental - Energy,DOW,2024,Hydro (MW),129,MW,,,,,,,,
Environmental - Energy,DOW,2023,Hydro (MW),146,MW,,,,,,,,
Environmental - Energy,DOW,2022,Hydro (MW),144,MW,,,,,,,,
Environmental - Energy,DOW,2024,Biomass (MW),58,MW,,,,,,,,
Environmental - Energy,DOW,2023,Biomass (MW),65,MW,,,,,,,,
Environmental - Energy,DOW,2022,Biomass (MW),42,MW,,,,,,,,
Environmental - Energy,DOW,2024,Landfill Gas (MW),1,MW,,,,,,,,
Environmental - Energy,DOW,2023,Landfill Gas (MW),3,MW,,,,,,,,
Environmental - Energy,DOW,2022,Landfill Gas (MW),3,MW,,,,,,,,
Environmental - Energy,DOW,2024,Solar (MW),342,MW,,,,,,,,
Environmental - Energy,DOW,2023,Solar (MW),293,MW,,,,,,,,
Environmental - Energy,DOW,2022,Solar (MW),244,MW,,,,,,,,
Environmental - Energy,DOW,2024,Purchased Renewable Power – Consumption – Total,20.26,Million Gigajoules (GJ),,,,,,,,
Environmental - Energy,DOW,2023,Purchased Renewable Power – Consumption – Total,16.8,Million Gigajoules (GJ),,,,,,,,
Environmental - Energy,DOW,2022,Purchased Renewable Power – Consumption – Total,14.95,Million Gigajoules (GJ),,,,,,,,
Environmental - Energy,DOW,2024,Wind (Million GJ),11.05,Million GJ,,,,,,,,
Environmental - Energy,DOW,2023,Wind (Million GJ),6.95,Million GJ,,,,,,,,
Environmental - Energy,DOW,2022,Wind (Million GJ),6.03,Million GJ,,,,,,,,
Environmental - Energy,DOW,2024,Hydro (Million GJ),3.44,Million GJ,,,,,,,,
Environmental - Energy,DOW,2023,Hydro (Million GJ),5.87,Million GJ,,,,,,,,
Environmental - Energy,DOW,2022,Hydro (Million GJ),6.06,Million GJ,,,,,,,,
Environmental - Energy,DOW,2024,Biomass (Million GJ),1.53,Million GJ,,,,,,,,
Environmental - Energy,DOW,2023,Biomass (Million GJ),1.51,Million GJ,,,,,,,,
Environmental - Energy,DOW,2022,Biomass (Million GJ),0.71,Million GJ,,,,,,,,
Environmental - Energy,DOW,2024,Landfill Gas (Million GJ),0.04,Million GJ,,,,,,,,
Environmental - Energy,DOW,2023,Landfill Gas (Million GJ),0.04,Million GJ,,,,,,,,
Environmental - Energy,DOW,2022,Landfill Gas (Million GJ),0.04,Million GJ,,,,,,,,
Environmental - Energy,DOW,2024,Solar (Million GJ),4.2,Million GJ,,,,,,,,
Environmental - Energy,DOW,2023,Solar (Million GJ),2.43,Million GJ,,,,,,,,
Environmental - Energy,DOW,2022,Solar (Million GJ),2.11,Million GJ,,,,,,,,
Environmental - Energy,DOW,2024,Purchased Steam Includes Renewable Sources – Consumption – Biomass Total,0.45,Million Gigajoules (GJ),,,,,,,,
Environmental - Energy,DOW,2023,Purchased Steam Includes Renewable Sources – Consumption – Biomass Total,0.39,Million Gigajoules (GJ),,,,,,,,
Environmental - Energy,DOW,2022,Purchased Steam Includes Renewable Sources – Consumption – Biomass Total,0.47,Million Gigajoules (GJ),,,,,,,,
Environmental - Waste,DOW,2024,Total Waste,995287,Metric Tons,"1. For comparability, historical values for 2023 and 2022 were updated to reflect identified data error corrections that are immaterial to the INtersections Report as a whole.",,,,,,
Environmental - Waste,DOW,2023,Total Waste,977182,Metric Tons,"1. For comparability, historical values for 2023 and 2022 were updated to reflect identified data error corrections that are immaterial to the INtersections Report as a whole.",,,,,,
Environmental - Waste,DOW,2022,Total Waste,1010844,Metric Tons,"1. For comparability, historical values for 2023 and 2022 were updated to reflect identified data error corrections that are immaterial to the INtersections Report as a whole.",,,,,
Environmental - Waste,DOW,2024,Hazardous Waste,426679,Metric Tons,"1. For comparability, historical values for 2023 and 2022 were updated to reflect identified data error corrections that are immaterial to the INtersections Report as a whole.",,,,,,
Environmental - Waste,DOW,2023,Hazardous Waste,400764,Metric Tons,"1. For comparability, historical values for 2023 and 2022 were updated to reflect identified data error corrections that are immaterial to the INtersections Report as a whole.",,,,,,
Environmental - Waste,DOW,2022,Hazardous Waste,464423,Metric Tons,"1. For comparability, historical values for 2023 and 2022 were updated to reflect identified data error corrections that are immaterial to the INtersections Report as a whole.",,,,,,
Environmental - Waste,DOW,2024,Waste Intensity,0.02,Metric Tons of Waste/metric Tons of Production,,,,,,,,
Environmental - Waste,DOW,2023,Waste Intensity,0.02,Metric Tons of Waste/metric Tons of Production,,,,,,,,
Environmental - Waste,DOW,2022,Waste Intensity,0.02,Metric Tons of Waste/metric Tons of Production,,,,,,,,
Environmental - Water,DOW,2024,Total Water Withdrawal – All Sites,2832187,Megaliters,,,,,,
Environmental - Water,DOW,2023,Total Water Withdrawal – All Sites,2896753,Megaliters,,,,,,
Environmental - Water,DOW,2022,Total Water Withdrawal – All Sites,2876422,Megaliters,,,,,,
Environmental - Water,DOW,2024,Surface Water (Withdrawal),1574092,Megaliters,,,,,,
Environmental - Water,DOW,2023,Surface Water (Withdrawal),1513195,Megaliters,,,,,,
Environmental - Water,DOW,2022,Surface Water (Withdrawal),1630494,Megaliters,,,,,,
Environmental - Water,DOW,2024,Groundwater (Withdrawal),31682,Megaliters,,,,,,,
Environmental - Water,DOW,2023,Groundwater (Withdrawal),34447,Megaliters,,,,,,,
Environmental - Water,DOW,2022,Groundwater (Withdrawal),33759,Megaliters,,,,,,,
Environmental - Water,DOW,2024,Seawater (Withdrawal),1096567,Megaliters,,,,,,
Environmental - Water,DOW,2023,Seawater (Withdrawal),1194121,Megaliters,,,,,,
Environmental - Water,DOW,2022,Seawater (Withdrawal),141610,Megaliters,,,,,,
Environmental - Water,DOW,2024,Produced Water (Withdrawal),195,Megaliters,,,,,,,,
Environmental - Water,DOW,2023,Produced Water (Withdrawal),163,Megaliters,,,,,,,,
Environmental - Water,DOW,2022,Produced Water (Withdrawal),143,Megaliters,,,,,,,,
Environmental - Water,DOW,2024,Third-Party Water (Withdrawal),129651,Megaliters,,,,,,,
Environmental - Water,DOW,2023,Third-Party Water (Withdrawal),154827,Megaliters,,,,,,,
Environmental - Water,DOW,2022,Third-Party Water (Withdrawal),170416,Megaliters,,,,,,,
Environmental - Water,DOW,2024,Freshwater Withdrawals – All Sites Total,1697432,Megaliters,,,,,,
Environmental - Water,DOW,2023,Freshwater Withdrawals – All Sites Total,1663121,Megaliters,,,,,,
Environmental - Water,DOW,2022,Freshwater Withdrawals – All Sites Total,1801282,Megaliters,,,,,,
Environmental - Water,DOW,2024,Other Water Withdrawals – All Sites Total,1134755,Megaliters,,,,,,
Environmental - Water,DOW,2023,Other Water Withdrawals – All Sites Total,1233632,Megaliters,,,,,,
Environmental - Water,DOW,2022,Other Water Withdrawals – All Sites Total,1075140,Megaliters,,,,,,
Environmental - Water,DOW,2024,Freshwater Withdrawals – Key Water-Stressed Sites – Total,183078,Megaliters,,,,,,,
Environmental - Water,DOW,2023,Freshwater Withdrawals – Key Water-Stressed Sites – Total,197939,Megaliters,,,,,,,
Environmental - Water,DOW,2022,Freshwater Withdrawals – Key Water-Stressed Sites – Total,201627,Megaliters,,,,,,,
Environmental - Water,DOW,2024,Other Water Withdrawals – Key Water-Stressed Sites – Total,1128327,Megaliters,,,,,,
Environmental - Water,DOW,2023,Other Water Withdrawals – Key Water-Stressed Sites – Total,1227595,Megaliters,,,,,,
Environmental - Water,DOW,2022,Other Water Withdrawals – Key Water-Stressed Sites – Total,1069211,Megaliters,,,,,,
Environmental - Water,DOW,2024,Total Water Withdrawal – Key Water-Stressed Sites,1311405,Megaliters,,,,,,
Environmental - Water,DOW,2023,Total Water Withdrawal – Key Water-Stressed Sites,1425534,Megaliters,,,,,,
Environmental - Water,DOW,2022,Total Water Withdrawal – Key Water-Stressed Sites,1270838,Megaliters,,,,,,
Environmental - Water,DOW,2024,Surface Water (Withdrawal - Key Water-Stressed Sites),156007,Megaliters,,,,,,,
Environmental - Water,DOW,2023,Surface Water (Withdrawal - Key Water-Stressed Sites),149168,Megaliters,,,,,,,
Environmental - Water,DOW,2022,Surface Water (Withdrawal - Key Water-Stressed Sites),135402,Megaliters,,,,,,,
Environmental - Water,DOW,2024,Groundwater (Withdrawal - Key Water-Stressed Sites),460,Megaliters,,,,,,,,
Environmental - Water,DOW,2023,Groundwater (Withdrawal - Key Water-Stressed Sites),533,Megaliters,,,,,,,,
Environmental - Water,DOW,2022,Groundwater (Withdrawal - Key Water-Stressed Sites),336,Megaliters,,,,,,,,
Environmental - Water,DOW,2024,Seawater (Withdrawal - Key Water-Stressed Sites),1090334,Megaliters,,,,,,
Environmental - Water,DOW,2023,Seawater (Withdrawal - Key Water-Stressed Sites),1188247,Megaliters,,,,,,
Environmental - Water,DOW,2022,Seawater (Withdrawal - Key Water-Stressed Sites),1035824,Megaliters,,,,,,
Environmental - Water,DOW,2024,Produced Water (Withdrawal - Key Water-Stressed Sites),0,Megaliters,,,,,,,,
Environmental - Water,DOW,2023,Produced Water (Withdrawal - Key Water-Stressed Sites),0,Megaliters,,,,,,,,
Environmental - Water,DOW,2022,Produced Water (Withdrawal - Key Water-Stressed Sites),0,Megaliters,,,,,,,,
Environmental - Water,DOW,2024,Total Third-Party Water – Key Water-Stressed Sites,64604,Megaliters,,,,,,,
Environmental - Water,DOW,2023,Total Third-Party Water – Key Water-Stressed Sites,87586,Megaliters,,,,,,,
Environmental - Water,DOW,2022,Total Third-Party Water – Key Water-Stressed Sites,99276,Megaliters,,,,,,,
Environmental - Water,DOW,2024,Third-Party – Groundwater,0,Megaliters,,,,,,,,
Environmental - Water,DOW,2023,Third-Party – Groundwater,0,Megaliters,,,,,,,,
Environmental - Water,DOW,2022,Third-Party – Groundwater,0,Megaliters,,,,,,,,
Environmental - Water,DOW,2024,Third-Party – Surface Water,26611,Megaliters,,,,,,,
Environmental - Water,DOW,2023,Third-Party – Surface Water,48238,Megaliters,,,,,,,
Environmental - Water,DOW,2022,Third-Party – Surface Water,65889,Megaliters,,,,,,,
Environmental - Water,DOW,2024,Third-Party – Produced Water,0,Megaliters,,,,,,,,
Environmental - Water,DOW,2023,Third-Party – Produced Water,0,Megaliters,,,,,,,,
Environmental - Water,DOW,2022,Third-Party – Produced Water,0,Megaliters,,,,,,,,
Environmental - Water,DOW,2024,Third-Party – Seawater Fresh Water,0,Megaliters,,,,,,,,
Environmental - Water,DOW,2023,Third-Party – Seawater Fresh Water,0,Megaliters,,,,,,,,
Environmental - Water,DOW,2022,Third-Party – Seawater Fresh Water,0,Megaliters,,,,,,,,
Environmental - Water,DOW,2024,Third-Party – Seawater Non-Fresh Water,29086,Megaliters,,,,,,,
Environmental - Water,DOW,2023,Third-Party – Seawater Non-Fresh Water,30317,Megaliters,,,,,,,
Environmental - Water,DOW,2022,Third-Party – Seawater Non-Fresh Water,25070,Megaliters,,,,,,,
Environmental - Water,DOW,2024,Third-Party – Recycled Water,8907,Megaliters,,,,,,,
Environmental - Water,DOW,2023,Third-Party – Recycled Water,9031,Megaliters,,,,,,,
Environmental - Water,DOW,2022,Third-Party – Recycled Water,8317,Megaliters,,,,,,,
Environmental - Water,DOW,2024,Freshwater Intake Intensity – Key Water-Stressed Sites,6,Pound of Water Per Pound of Production,,,,,,,,
Environmental - Water,DOW,2023,Freshwater Intake Intensity – Key Water-Stressed Sites,6.6,Pound of Water Per Pound of Production,,,,,,,,
Environmental - Water,DOW,2022,Freshwater Intake Intensity – Key Water-Stressed Sites,6.1,Pound of Water Per Pound of Production,,,,,,,,
Environmental - Water,DOW,2024,Water Consumption – All Areas,113287,Megaliters,,,,,,,
Environmental - Water,DOW,2023,Water Consumption – All Areas,115870,Megaliters,,,,,,,
Environmental - Water,DOW,2022,Water Consumption – All Areas,116978,Megaliters,,,,,,,
Environmental - Water,DOW,2024,Water Consumption – Key Water-Stressed Sites,52456,Megaliters,,,,,,,
Environmental - Water,DOW,2023,Water Consumption – Key Water-Stressed Sites,42766,Megaliters,,,,,,,
Environmental - Water,DOW,2022,Water Consumption – Key Water-Stressed Sites,50834,Megaliters,,,,,,,
Environmental - Water,DOW,2024,Total Water Discharge – All Sites,2892380,Megaliters,,,,,,
Environmental - Water,DOW,2023,Total Water Discharge – All Sites,2917801,Megaliters,,,,,,
Environmental - Water,DOW,2022,Total Water Discharge – All Sites,2993220,Megaliters,,,,,,
Environmental - Water,DOW,2024,Surface (Discharge),1306262,Megaliters,,,,,,
Environmental - Water,DOW,2023,Surface (Discharge),1234258,Megaliters,,,,,,
Environmental - Water,DOW,2022,Surface (Discharge),1405690,Megaliters,,,,,,
Environmental - Water,DOW,2024,Groundwater (Discharge),0,Megaliters,,,,,,,,
Environmental - Water,DOW,2023,Groundwater (Discharge),0,Megaliters,,,,,,,,
Environmental - Water,DOW,2022,Groundwater (Discharge),0,Megaliters,,,,,,,,
Environmental - Water,DOW,2024,Seawater (Discharge),1332563,Megaliters,,,,,,
Environmental - Water,DOW,2023,Seawater (Discharge),1448255,Megaliters,,,,,,
Environmental - Water,DOW,2022,Seawater (Discharge),1444600,Megaliters,,,,,,
Environmental - Water,DOW,2024,Third-Party Water (Discharge),253555,Megaliters,,,,,,,
Environmental - Water,DOW,2023,Third-Party Water (Discharge),235288,Megaliters,,,,,,,
Environmental - Water,DOW,2022,Third-Party Water (Discharge),142930,Megaliters,,,,,,,
Environmental - Water,DOW,2024,Total Water Discharge – Key Water-Stressed Sites,1351166,Megaliters,,,,,,
Environmental - Water,DOW,2023,Total Water Discharge – Key Water-Stressed Sites,147710,Megaliters,,,,,,
Environmental - Water,DOW,2022,Total Water Discharge – Key Water-Stressed Sites,1322250,Megaliters,,,,,,
Environmental - Water,DOW,2024,Surface (Discharge - Key Water-Stressed Sites),15282,Megaliters,,,,,,,
Environmental - Water,DOW,2023,Surface (Discharge - Key Water-Stressed Sites),14408,Megaliters,,,,,,,
Environmental - Water,DOW,2022,Surface (Discharge - Key Water-Stressed Sites),3900,Megaliters,,,,,,,
Environmental - Water,DOW,2024,Groundwater (Discharge - Key Water-Stressed Sites),0,Megaliters,,,,,,,,
Environmental - Water,DOW,2023,Groundwater (Discharge - Key Water-Stressed Sites),0,Megaliters,,,,,,,,
Environmental - Water,DOW,2022,Groundwater (Discharge - Key Water-Stressed Sites),0,Megaliters,,,,,,,,
Environmental - Water,DOW,2024,Seawater (Discharge - Key Water-Stressed Sites),1288720,Megaliters,,,,,,
Environmental - Water,DOW,2023,Seawater (Discharge - Key Water-Stressed Sites),1412524,Megaliters,,,,,,
Environmental - Water,DOW,2022,Seawater (Discharge - Key Water-Stressed Sites),1257457,Megaliters,,,,,,
Environmental - Water,DOW,2024,Third-Party Water (Discharge - Key Water-Stressed Sites),47164,Megaliters,,,,,,,
Environmental - Water,DOW,2023,Third-Party Water (Discharge - Key Water-Stressed Sites),50078,Megaliters,,,,,,,
Environmental - Water,DOW,2022,Third-Party Water (Discharge - Key Water-Stressed Sites),60893,Megaliters,,,,,,,
Social - General Employee & Diversity,DOW,2024,Employees,35944,Number,,,,,,,
Social - General Employee & Diversity,DOW,2023,Employees,35858,Number,,,,,,,
Social - General Employee & Diversity,DOW,2022,Employees,37821,Number,,,,,,,
Social - General Employee & Diversity,DOW,2024,Overall Employee Satisfaction,71%,Percent Favorable,,,,,,,,
Social - General Employee & Diversity,DOW,2023,Overall Employee Satisfaction,69%,Percent Favorable,,,,,,,,
Social - General Employee & Diversity,DOW,2022,Overall Employee Satisfaction,73%,Percent Favorable,,,,,,,,
Social - General Employee & Diversity,DOW,2024,Employee Resource Groups Participation,61.40%,Percent,,,,,,,,
Social - General Employee & Diversity,DOW,2023,Employee Resource Groups Participation,60.80%,Percent,,,,,,,,
Social - General Employee & Diversity,DOW,2022,Employee Resource Groups Participation,57.30%,Percent,,,,,,,,
Social - General Employee & Diversity,DOW,2024,People Leader Participation in Employee Resource Groups,97.00%,Percent,,,,,,,,
Social - General Employee & Diversity,DOW,2023,People Leader Participation in Employee Resource Groups,98.10%,Percent,,,,,,,,
Social - General Employee & Diversity,DOW,2022,People Leader Participation in Employee Resource Groups,98.30%,Percent,,,,,,,,
Social - General Employee & Diversity,DOW,2024,Employee Resource Groups,10,Number,,,,,,,,
Social - General Employee & Diversity,DOW,2023,Employee Resource Groups,10,Number,,,,,,,,
Social - General Employee & Diversity,DOW,2022,Employee Resource Groups,10,Number,,,,,,,,
Social - General Employee & Diversity,DOW,2024,Average Training Hours per Employee,52.8,Number of Hours,,,,,,,,
Social - General Employee & Diversity,DOW,2023,Average Training Hours per Employee,46.3,Number of Hours,,,,,,,,
Social - General Employee & Diversity,DOW,2022,Average Training Hours per Employee,56.9,Number of Hours,,,,,,,,
Social - General Employee & Diversity,DOW,2024,Employees Eligible to Receive Performance Reviews,96.00%,Percent,,,,,,,,
Social - General Employee & Diversity,DOW,2023,Employees Eligible to Receive Performance Reviews,96.30%,Percent,,,,,,,,
Social - General Employee & Diversity,DOW,2022,Employees Eligible to Receive Performance Reviews,97.00%,Percent,,,,,,,,
Social - General Employee & Diversity,DOW,2024,Active Employees Who Received a Documented Annual Performance Review,97.00%,Percent,,,,,,,,
Social - General Employee & Diversity,DOW,2023,Active Employees Who Received a Documented Annual Performance Review,92.90%,Percent,,,,,,,,
Social - General Employee & Diversity,DOW,2022,Active Employees Who Received a Documented Annual Performance Review,95.60%,Percent,,,,,,,,
Social - General Employee & Diversity,DOW,2024,Board Diversity - Women,38.50%,Percent,,,,,,,,
Social - General Employee & Diversity,DOW,2023,Board Diversity - Women,33.30%,Percent,,,,,,,,
Social - General Employee & Diversity,DOW,2022,Board Diversity - Women,33.30%,Percent,,,,,,,,
Social - General Employee & Diversity,DOW,2024,Board Diversity - U.S. Ethnic Minority,30.80%,Percent,,,,,,,,
Social - General Employee & Diversity,DOW,2023,Board Diversity - U.S. Ethnic Minority,33.30%,Percent,,,,,,,,
Social - General Employee & Diversity,DOW,2022,Board Diversity - U.S. Ethnic Minority,33.30%,Percent,,,,,,,,
Social - General Employee & Diversity,DOW,2024,Employee Diversity - Women,30.00%,Percent,,,,,,,,
Social - General Employee & Diversity,DOW,2023,Employee Diversity - Women,29.80%,Percent,,,,,,,,
Social - General Employee & Diversity,DOW,2022,Employee Diversity - Women,29.50%,Percent,,,,,,,,
Social - General Employee & Diversity,DOW,2024,New Employee Hires – Women,31.00%,Percent,,,,,,,,
Social - General Employee & Diversity,DOW,2023,New Employee Hires – Women,34.00%,Percent,,,,,,,,
Social - General Employee & Diversity,DOW,2022,New Employee Hires – Women,33.20%,Percent,,,,,,,,
Social - General Employee & Diversity,DOW,2024,Employee Diversity - U.S. Ethnic Minority,29.40%,Percent,,,,,,,,
Social - General Employee & Diversity,DOW,2023,Employee Diversity - U.S. Ethnic Minority,28.10%,Percent,,,,,,,,
Social - General Employee & Diversity,DOW,2022,Employee Diversity - U.S. Ethnic Minority,27.50%,Percent,,,,,,,,
Social - General Employee & Diversity,DOW,2024,New Employee Hires – U.S. Ethnic Minority,41.90%,Percent,,,,,,,,
Social - General Employee & Diversity,DOW,2023,New Employee Hires – U.S. Ethnic Minority,41.90%,Percent,,,,,,,,
Social - General Employee & Diversity,DOW,2022,New Employee Hires – U.S. Ethnic Minority,39.00%,Percent,,,,,,,,
Social - General Employee & Diversity,DOW,2024,Global Women to Men Pay Ratio,1.00:1.00,Ratio,,,,,,,,
Social - General Employee & Diversity,DOW,2023,Global Women to Men Pay Ratio,0.99:1.00,Ratio,,,,,,,,
Social - General Employee & Diversity,DOW,2022,Global Women to Men Pay Ratio,0.98:1.00,Ratio,,,,,,,,
Social - General Employee & Diversity,DOW,2024,U.S. Ethnic Minority to Non-Minority Pay Ratio,0.97:1.00,Ratio,,,,,,,,
Social - General Employee & Diversity,DOW,2023,U.S. Ethnic Minority to Non-Minority Pay Ratio,0.98:1.00,Ratio,,,,,,,,
Social - General Employee & Diversity,DOW,2022,U.S. Ethnic Minority to Non-Minority Pay Ratio,0.97:1.00,Ratio,,,,,,,,
Social - Compensation & Community,DOW,2024,Annual Total Compensation (CEO pay/median employee compensation),213:01:00,Ratio,,,,,,,,
Social - Compensation & Community,DOW,2023,Annual Total Compensation (CEO pay/median employee compensation),220:01:00,Ratio,,,,,,,,
Social - Compensation & Community,DOW,2022,Annual Total Compensation (CEO pay/median employee compensation),220:01:00,Ratio,,,,,,,,
Social - Compensation & Community,DOW,2024,"CEO Direct Compensation Change, Year on Year",5.70%,Percent,,,,,,,,
Social - Compensation & Community,DOW,2023,"CEO Direct Compensation Change, Year on Year",3.20%,Percent,,,,,,,,
Social - Compensation & Community,DOW,2022,"CEO Direct Compensation Change, Year on Year",5.20%,Percent,,,,,,,,
Social - Compensation & Community,DOW,2024,Total Charitable Cash and In-Kind Donations,33.7,$ (in MM),,,,,,,,
Social - Compensation & Community,DOW,2023,Total Charitable Cash and In-Kind Donations,34.1,$ (in MM),,,,,,,,
Social - Compensation & Community,DOW,2022,Total Charitable Cash and In-Kind Donations,37.3,$ (in MM),,,,,,,,
Social - Health and Safety,DOW,2024,Global Dow Health Clinics,58,Number,,,,,,,,
Social - Health and Safety,DOW,2023,Global Dow Health Clinics,58,Number,,,,,,,,
Social - Health and Safety,DOW,2022,Global Dow Health Clinics,58,Number,,,,,,,,
Social - Health and Safety,DOW,2024,Large Manufacturing Sites Participating in External Safety Audits (total of nine sites),5,Number,,,,,,,,
Social - Health and Safety,DOW,2023,Large Manufacturing Sites Participating in External Safety Audits (total of nine sites),5,Number,,,,,,,,
Social - Health and Safety,DOW,2022,Large Manufacturing Sites Participating in External Safety Audits (total of nine sites),7,Number,,,,,,,,
Social - Health and Safety,DOW,2024,Fatalities – Employees,0,Number,,,,,,,,
Social - Health and Safety,DOW,2023,Fatalities – Employees,0,Number,,,,,,,,
Social - Health and Safety,DOW,2022,Fatalities – Employees,0,Number,,,,,,,,
Social - Health and Safety,DOW,2024,Fatalities – Contractors,0,Number,,,,,,,,
Social - Health and Safety,DOW,2023,Fatalities – Contractors,0,Number,,,,,,,,
Social - Health and Safety,DOW,2022,Fatalities – Contractors,0,Number,,,,,,,,
Social - Health and Safety,DOW,2024,Fatalities – Employees and Contractors,0,Number,,,,,,,,
Social - Health and Safety,DOW,2023,Fatalities – Employees and Contractors,0,Number,,,,,,,,
Social - Health and Safety,DOW,2022,Fatalities – Employees and Contractors,0,Number,,,,,,,,
Social - Health and Safety,DOW,2024,High-Consequences Work-Related Injuries Incident Count (excl. fatalities) – Employees,0,Number,,,,,,,,
Social - Health and Safety,DOW,2023,High-Consequences Work-Related Injuries Incident Count (excl. fatalities) – Employees,0,Number,,,,,,,,
Social - Health and Safety,DOW,2022,High-Consequences Work-Related Injuries Incident Count (excl. fatalities) – Employees,0,Number,,,,,,,,
Social - Health and Safety,DOW,2024,High-Consequences Work-Related Injuries Incident Count (excl. fatalities) – Contractors,0,Number,,,,,,,,
Social - Health and Safety,DOW,2023,High-Consequences Work-Related Injuries Incident Count (excl. fatalities) – Contractors,1,Number,,,,,,,,
Social - Health and Safety,DOW,2022,High-Consequences Work-Related Injuries Incident Count (excl. fatalities) – Contractors,0,Number,,,,,,,,
Social - Health and Safety,DOW,2024,High-Consequences Work-Related Injuries Incident Count (excl. fatalities) – Employees & Contractors,0,Number,,,,,,,,
Social - Health and Safety,DOW,2023,High-Consequences Work-Related Injuries Incident Count (excl. fatalities) – Employees & Contractors,1,Number,,,,,,,,
Social - Health and Safety,DOW,2022,High-Consequences Work-Related Injuries Incident Count (excl. fatalities) – Employees & Contractors,0,Number,,,,,,,,
Social - Health and Safety,DOW,2024,High-Consequences Work-Related Injuries Incident Rate (excl. fatalities) – Employees,0,Rate,,,,,,,,
Social - Health and Safety,DOW,2023,High-Consequences Work-Related Injuries Incident Rate (excl. fatalities) – Employees,0,Rate,,,,,,,,
Social - Health and Safety,DOW,2022,High-Consequences Work-Related Injuries Incident Rate (excl. fatalities) – Employees,0,Rate,,,,,,,,
Social - Health and Safety,DOW,2024,High-Consequences Work-Related Injuries Incident Rate (excl. fatalities) – Contractors,0,Rate,,,,,,,,
Social - Health and Safety,DOW,2023,High-Consequences Work-Related Injuries Incident Rate (excl. fatalities) – Contractors,0.0033,Rate,,,,,,,,
Social - Health and Safety,DOW,2022,High-Consequences Work-Related Injuries Incident Rate (excl. fatalities) – Contractors,0,Rate,,,,,,,,
Social - Health and Safety,DOW,2024,High-Consequences Work-Related Injuries Incident Rate (excl. fatalities) – Employees & Contractors,0,Rate,,,,,,,,
Social - Health and Safety,DOW,2023,High-Consequences Work-Related Injuries Incident Rate (excl. fatalities) – Employees & Contractors,0.001,Rate,,,,,,,,
Social - Health and Safety,DOW,2022,High-Consequences Work-Related Injuries Incident Rate (excl. fatalities) – Employees & Contractors,0,Rate,,,,,,,,
Social - Health and Safety,DOW,2024,Recordable Work-Related Injuries Incident Count – Employees,71,Number,"1. For comparability, historical values for 2023 and 2022 were updated to reflect identified data error corrections that are immaterial to the INtersections Report as a whole.",,,,,,,
Social - Health and Safety,DOW,2023,Recordable Work-Related Injuries Incident Count – Employees,77,Number,"1. For comparability, historical values for 2023 and 2022 were updated to reflect identified data error corrections that are immaterial to the INtersections Report as a whole.",,,,,,,
Social - Health and Safety,DOW,2022,Recordable Work-Related Injuries Incident Count – Employees,70,Number,"1. For comparability, historical values for 2023 and 2022 were updated to reflect identified data error corrections that are immaterial to the INtersections Report as a whole.",,,,,,,
Social - Health and Safety,DOW,2024,Recordable Work-Related Injuries Incident Count – Contractors,59,Number,,,,,,,,
Social - Health and Safety,DOW,2023,Recordable Work-Related Injuries Incident Count – Contractors,55,Number,,,,,,,,
Social - Health and Safety,DOW,2022,Recordable Work-Related Injuries Incident Count – Contractors,54,Number,,,,,,,,
Social - Health and Safety,DOW,2024,Recordable Work-Related Injuries Incident Count – Combined Employees & Contractors,130,Number,,,,,,,,
Social - Health and Safety,DOW,2023,Recordable Work-Related Injuries Incident Count – Combined Employees & Contractors,132,Number,,,,,,,,
Social - Health and Safety,DOW,2022,Recordable Work-Related Injuries Incident Count – Combined Employees & Contractors,124,Number,,,,,,,,
Social - Health and Safety,DOW,2024,Recordable Work-Related Injuries Incident Rate – Employees,0.18,Rate,"1. For comparability, historical values for 2023 and 2022 were updated to reflect identified data error corrections that are immaterial to the INtersections Report as a whole.",,,,,,,
Social - Health and Safety,DOW,2023,Recordable Work-Related Injuries Incident Rate – Employees,0.19,Rate,"1. For comparability, historical values for 2023 and 2022 were updated to reflect identified data error corrections that are immaterial to the INtersections Report as a whole.",,,,,,,
Social - Health and Safety,DOW,2022,Recordable Work-Related Injuries Incident Rate – Employees,0.18,Rate,"1. For comparability, historical values for 2023 and 2022 were updated to reflect identified data error corrections that are immaterial to the INtersections Report as a whole.",,,,,,,
Social - Health and Safety,DOW,2024,Recordable Work-Related Injuries Incident Rate – Contractors,0.18,Rate,,,,,,,,
Social - Health and Safety,DOW,2023,Recordable Work-Related Injuries Incident Rate – Contractors,0.18,Rate,,,,,,,,
Social - Health and Safety,DOW,2022,Recordable Work-Related Injuries Incident Rate – Contractors,0.16,Rate,,,,,,,,
Social - Health and Safety,DOW,2024,Recordable Work-Related Injuries Incident Rate – Combined Employees & Contractors,0.18,Rate,,,,,,,,
Social - Health and Safety,DOW,2023,Recordable Work-Related Injuries Incident Rate – Combined Employees & Contractors,0.19,Rate,,,,,,,,
Social - Health and Safety,DOW,2022,Recordable Work-Related Injuries Incident Rate – Combined Employees & Contractors,0.17,Rate,,,,,,,,
Social - Health and Safety,DOW,2024,Total Recordables (Illness) – Employees,10,Number,"1. For comparability, historical values for 2023 and 2022 were updated to reflect identified data error corrections that are immaterial to the INtersections Report as a whole.",,,,,,,
Social - Health and Safety,DOW,2023,Total Recordables (Illness) – Employees,21,Number,"1. For comparability, historical values for 2023 and 2022 were updated to reflect identified data error corrections that are immaterial to the INtersections Report as a whole.",,,,,,,
Social - Health and Safety,DOW,2022,Total Recordables (Illness) – Employees,17,Number,"1. For comparability, historical values for 2023 and 2022 were updated to reflect identified data error corrections that are immaterial to the INtersections Report as a whole.",,,,,,,
Social - Health and Safety,DOW,2024,Total Recordables (Illness) – Contractors,7,Number,,,,,,,,
Social - Health and Safety,DOW,2023,Total Recordables (Illness) – Contractors,0,Number,,,,,,,,
Social - Health and Safety,DOW,2022,Total Recordables (Illness) – Contractors,0,Number,,,,,,,,
Social - Health and Safety,DOW,2024,Total Recordables (Illness) – Employees & Contractors,17,Number,,,,,,,,
Social - Health and Safety,DOW,2023,Total Recordables (Illness) – Employees & Contractors,21,Number,,,,,,,,
Social - Health and Safety,DOW,2022,Total Recordables (Illness) – Employees & Contractors,17,Number,,,,,,,,
Social - Health and Safety,DOW,2024,PSCE (Tier 1),9,Number,,,,,,,,
Social - Health and Safety,DOW,2023,PSCE (Tier 1),9,Number,,,,,,,,
Social - Health and Safety,DOW,2022,PSCE (Tier 1),11,Number,,,,,,,,
Social - Health and Safety,DOW,2024,PSCE (Tier 1) Per Million Hours Worked,0.08,Rate,,,,,,,,
Social - Health and Safety,DOW,2023,PSCE (Tier 1) Per Million Hours Worked,0.082,Rate,,,,,,,,
Social - Health and Safety,DOW,2022,PSCE (Tier 1) Per Million Hours Worked,0.096,Rate,,,,,,,,
GHG Emissions,Hitachi Group,2023,Total Scope 1,2, and 3 Emissions,214.38,MtCO2e,Percentage: 100.0%,,,,,
GHG Emissions,Hitachi Group,2023,Total Scope 1 and 2 Emissions,0.68,MtCO2e,Percentage: 0.3%,,,,,,,
GHG Emissions,Hitachi Group,2023,Scope 1 Direct Emissions,0.4,MtCO2e,"Aggregate of categories A, B, and C (excluding non-manufacturing sites for category C). Percentage: 0.2%",,,,,,,
GHG Emissions,Hitachi Group,2023,Scope 1 Direct Emissions (Category A only),0.28,MtCO2e,Aggregated for category A only.,,,,,,,
GHG Emissions,Hitachi Group,2023,Scope 2 Energy-related Indirect Emissions,0.28,MtCO2e,"Aggregate of categories A, B, and C (excluding non-manufacturing sites for category C). Percentage: 0.1%",,,,,,,
GHG Emissions,Hitachi Group,2023,Scope 2 Energy-related Indirect Emissions (Category A only),0.2,MtCO2e,Aggregated for category A only.,,,,,,,
GHG Emissions,Hitachi Group,2023,Total Scope 3 Emissions,213.7,MtCO2e,Percentage: 99.7%,,,,,,,
Scope 3 Upstream,Hitachi Group,2023,Scope 3 Category 1: Purchased Goods and Services,21.8,MtCO2e,Percentage: 10.2%,,,,,,,
Scope 3 Upstream,Hitachi Group,2023,Scope 3 Category 2: Capital Goods,1.11,MtCO2e,Percentage: 0.5%,,,,,,,
Scope 3 Upstream,Hitachi Group,2023,Scope 3 Category 3: Fuel- and Energy-related Activities not included in Scope 1 and 2,0.05,MtCO2e,Percentage: 0.0%,,,,,,,
Scope 3 Upstream,Hitachi Group,2023,Scope 3 Category 4: Upstream Transportation and Distribution,0.02,MtCO2e,Percentage: 0.0%,,,,,,,
Scope 3 Upstream,Hitachi Group,2023,Scope 3 Category 5: Waste Generated in Operations,0.01,MtCO2e,Percentage: 0.0%,,,,,,,
Scope 3 Upstream,Hitachi Group,2023,Scope 3 Category 6: Business Travel,0.04,MtCO2e,Percentage: 0.0%,,,,,,,
Scope 3 Upstream,Hitachi Group,2023,Scope 3 Category 7: Employee Commuting,0.05,MtCO2e,Percentage: 0.0%,,,,,,,
Scope 3 Upstream,Hitachi Group,2023,Scope 3 Category 8: Upstream Leased Assets,Included in Scope 1 and 2,MtCO2e,"Emissions from the operation of assets leased by the company, excluding those counted in Scope 1 and 2.",,,,,,,
Scope 3 Downstream,Hitachi Group,2023,Scope 3 Category 9: Downstream Transportation and Distribution,0.07,MtCO2e,Percentage: 0.0%,,,,,,,
Scope 3 Downstream,Hitachi Group,2023,Scope 3 Category 10: Processing of Sold Products,N/A,MtCO2e,Cannot be determined due to insufficient information about the processing.,,,,,,,
Scope 3 Downstream,Hitachi Group,2023,Scope 3 Category 11: Use of Sold Products,190.2,MtCO2e,Percentage: 88.7%,,,,,,,
Scope 3 Downstream,Hitachi Group,2023,Scope 3 Category 12: End-of-life Treatment of Sold Products,0.19,MtCO2e,Percentage: 0.1%,,,,,,,
Scope 3 Downstream,Hitachi Group,2023,Scope 3 Category 13: Downstream Leased Assets,0.02,MtCO2e,Percentage: 0.0%,,,,,,,
Scope 3 Downstream,Hitachi Group,2023,Scope 3 Category 14: Franchises,N/A,MtCO2e,Not available.,,,,,,,
Scope 3 Downstream,Hitachi Group,2023,Scope 3 Category 15: Investments,0.15,MtCO2e,Percentage: 0.1%,,,,,,,
Energy Inputs,Hitachi Group,2019,Energy Inputs,12427,GWh,,,,,,,,
Energy Inputs,Hitachi Group,2020,Energy Inputs,9674,GWh,,,,,,,,
Energy Inputs,Hitachi Group,2021,Energy Inputs,9957,GWh,,,,,,,,
Energy Inputs,Hitachi Group,2022,Energy Inputs,5387,GWh,,,,,,,,
Energy Inputs,Hitachi Group,2023,Energy Inputs,3291,GWh,,,,,,,,
Energy Inputs,Hitachi Group,2019,Renewable Energy Electricity Total,18,GWh,,,,,,,,
Energy Inputs,Hitachi Group,2020,Renewable Energy Electricity Total,138,GWh,,,,,,,,
Energy Inputs,Hitachi Group,2021,Renewable Energy Electricity Total,193,GWh,,,,,,,,
Energy Inputs,Hitachi Group,2022,Renewable Energy Electricity Total,706,GWh,,,,,,,,
Energy Inputs,Hitachi Group,2023,Renewable Energy Electricity Total,769,GWh,,,,,,,,
Energy Inputs,Hitachi Group,2019,Renewable Energy Electricity (Self-generated amount),18,GWh,,,,,,,,
Energy Inputs,Hitachi Group,2020,Renewable Energy Electricity (Self-generated amount),22,GWh,,,,,,,,
Energy Inputs,Hitachi Group,2021,Renewable Energy Electricity (Self-generated amount),34,GWh,,,,,,,,
Energy Inputs,Hitachi Group,2022,Renewable Energy Electricity (Self-generated amount),25,GWh,,,,,,,,
Energy Inputs,Hitachi Group,2023,Renewable Energy Electricity (Self-generated amount),29,GWh,,,,,,,,
Energy Inputs,Hitachi Group,2019,Renewable Energy Electricity (Purchases: Includes non-fossil certificates),,GWh,,,,,,,,
Energy Inputs,Hitachi Group,2020,Renewable Energy Electricity (Purchases: Includes non-fossil certificates),116,GWh,,,,,,,,
Energy Inputs,Hitachi Group,2021,Renewable Energy Electricity (Purchases: Includes non-fossil certificates),159,GWh,,,,,,,,
Energy Inputs,Hitachi Group,2022,Renewable Energy Electricity (Purchases: Includes non-fossil certificates),681,GWh,,,,,,,,
Energy Inputs,Hitachi Group,2023,Renewable Energy Electricity (Purchases: Includes non-fossil certificates),741,GWh,,,,,,,,
Energy Inputs,Hitachi Group,2019,Nonrenewable Energy Electricity,5992,GWh,,,,,,,,
Energy Inputs,Hitachi Group,2020,Nonrenewable Energy Electricity,4498,GWh,,,,,,,,
Energy Inputs,Hitachi Group,2021,Nonrenewable Energy Electricity,4584,GWh,,,,,,,,
Energy Inputs,Hitachi Group,2022,Nonrenewable Energy Electricity,2218,GWh,,,,,,,,
Energy Inputs,Hitachi Group,2023,Nonrenewable Energy Electricity,715,GWh,,,,,,,,
Energy Inputs,Hitachi Group,2019,Fuel and heat: City gas,1933,GWh,,,,,,,,
Energy Inputs,Hitachi Group,2020,Fuel and heat: City gas,1339,GWh,,,,,,,,
Energy Inputs,Hitachi Group,2021,Fuel and heat: City gas,1373,GWh,,,,,,,,
Energy Inputs,Hitachi Group,2022,Fuel and heat: City gas,767,GWh,,,,,,,,
Energy Inputs,Hitachi Group,2023,Fuel and heat: City gas,665,GWh,,,,,,,,
Energy Inputs,Hitachi Group,2019,Fuel and heat: City gas,0.15,billion m3,,,,,,,,
Energy Inputs,Hitachi Group,2020,Fuel and heat: City gas,0.11,billion m3,,,,,,,,
Energy Inputs,Hitachi Group,2021,Fuel and heat: City gas,0.11,billion m3,,,,,,,,
Energy Inputs,Hitachi Group,2022,Fuel and heat: City gas,0.06,billion m3,,,,,,,,
Energy Inputs,Hitachi Group,2023,Fuel and heat: City gas,0.06,billion m3,,,,,,,,
Energy Inputs,Hitachi Group,2019,Fuel and heat: LPG、LNG,2015,GWh,,,,,,,,
Energy Inputs,Hitachi Group,2020,Fuel and heat: LPG、LNG,1646,GWh,,,,,,,,
Energy Inputs,Hitachi Group,2021,Fuel and heat: LPG、LNG,1705,GWh,,,,,,,,
Energy Inputs,Hitachi Group,2022,Fuel and heat: LPG、LNG,1217,GWh,,,,,,,,
Energy Inputs,Hitachi Group,2023,Fuel and heat: LPG、LNG,989,GWh,,,,,,,,
Energy Inputs,Hitachi Group,2019,Fuel and heat: LPG、LNG,150,kt,,,,,,,,
Energy Inputs,Hitachi Group,2020,Fuel and heat: LPG、LNG,111,kt,,,,,,,,
Energy Inputs,Hitachi Group,2021,Fuel and heat: LPG、LNG,118,kt,,,,,,,,
Energy Inputs,Hitachi Group,2022,Fuel and heat: LPG、LNG,82,kt,,,,,,,,
Energy Inputs,Hitachi Group,2023,Fuel and heat: LPG、LNG,65,kt,,,,,,,,
Energy Inputs,Hitachi Group,2019,Fuel and heat: Other natural gas,258,GWh,,,,,,,,
Energy Inputs,Hitachi Group,2020,Fuel and heat: Other natural gas,276,GWh,,,,,,,,
Energy Inputs,Hitachi Group,2021,Fuel and heat: Other natural gas,319,GWh,,,,,,,,
Energy Inputs,Hitachi Group,2022,Fuel and heat: Other natural gas,261,GWh,,,,,,,,
Energy Inputs,Hitachi Group,2023,Fuel and heat: Other natural gas,46,GWh,,,,,,,,
Energy Inputs,Hitachi Group,2019,Fuel and heat: Other natural gas,0.02,billion m3,,,,,,,,
Energy Inputs,Hitachi Group,2020,Fuel and heat: Other natural gas,0.02,billion m3,,,,,,,,
Energy Inputs,Hitachi Group,2021,Fuel and heat: Other natural gas,0.03,billion m3,,,,,,,,
Energy Inputs,Hitachi Group,2022,Fuel and heat: Other natural gas,0.02,billion m3,,,,,,,,
Energy Inputs,Hitachi Group,2023,Fuel and heat: Other natural gas,0.004,billion m3,,,,,,,,
Energy Inputs,Hitachi Group,2019,Fuel and heat: Fuel oil (heavy oil, kerosene, etc.),792,GWh,,,,,,
Energy Inputs,Hitachi Group,2020,Fuel and heat: Fuel oil (heavy oil, kerosene, etc.),653,GWh,,,,,,
Energy Inputs,Hitachi Group,2021,Fuel and heat: Fuel oil (heavy oil, kerosene, etc.),495,GWh,,,,,,
Energy Inputs,Hitachi Group,2022,Fuel and heat: Fuel oil (heavy oil, kerosene, etc.),197,GWh,,,,,,
Energy Inputs,Hitachi Group,2023,Fuel and heat: Fuel oil (heavy oil, kerosene, etc.),95,GWh,,,,,,
Energy Inputs,Hitachi Group,2019,Fuel and heat: Fuel oil (heavy oil, kerosene, etc.),75,ML,,,,,,
Energy Inputs,Hitachi Group,2020,Fuel and heat: Fuel oil (heavy oil, kerosene, etc.),61,ML,,,,,,
Energy Inputs,Hitachi Group,2021,Fuel and heat: Fuel oil (heavy oil, kerosene, etc.),47,ML,,,,,,
Energy Inputs,Hitachi Group,2022,Fuel and heat: Fuel oil (heavy oil, kerosene, etc.),19,ML,,,,,,
Energy Inputs,Hitachi Group,2023,Fuel and heat: Fuel oil (heavy oil, kerosene, etc.),9,ML,,,,,,
Energy Inputs,Hitachi Group,2019,Fuel and heat: Solid fuel (coke),1333,GWh,,,,,,,,
Energy Inputs,Hitachi Group,2020,Fuel and heat: Solid fuel (coke),1111,GWh,,,,,,,,
Energy Inputs,Hitachi Group,2021,Fuel and heat: Solid fuel (coke),1278,GWh,,,,,,,,
Energy Inputs,Hitachi Group,2022,Fuel and heat: Solid fuel (coke),,GWh,,,,,,,,
Energy Inputs,Hitachi Group,2023,Fuel and heat: Solid fuel (coke),,GWh,,,,,,,,
Energy Inputs,Hitachi Group,2019,Fuel and heat: Solid fuel (coke),162,kt,,,,,,,,
Energy Inputs,Hitachi Group,2020,Fuel and heat: Solid fuel (coke),137,kt,,,,,,,,
Energy Inputs,Hitachi Group,2021,Fuel and heat: Solid fuel (coke),156,kt,,,,,,,,
Energy Inputs,Hitachi Group,2022,Fuel and heat: Solid fuel (coke),,kt,,,,,,,,
Energy Inputs,Hitachi Group,2023,Fuel and heat: Solid fuel (coke),,kt,,,,,,,,
Energy Inputs,Hitachi Group,2019,Fuel and heat: Steam hot water and cold water,86,GWh,,,,,,,
Energy Inputs,Hitachi Group,2020,Fuel and heat: Steam hot water and cold water,13,GWh,,,,,,,
Energy Inputs,Hitachi Group,2021,Fuel and heat: Steam hot water and cold water,10,GWh,,,,,,,
Energy Inputs,Hitachi Group,2022,Fuel and heat: Steam hot water and cold water,21,GWh,,,,,,,
Energy Inputs,Hitachi Group,2023,Fuel and heat: Steam hot water and cold water,12,GWh,,,,,,,
Energy Inputs,Hitachi Group,2019,Fuel and heat: Steam hot water and cold water,0.31,PJ,,,,,,,
Energy Inputs,Hitachi Group,2020,Fuel and heat: Steam hot water and cold water,0.05,PJ,,,,,,,
Energy Inputs,Hitachi Group,2021,Fuel and heat: Steam hot water and cold water,0.04,PJ,,,,,,,
Energy Inputs,Hitachi Group,2022,Fuel and heat: Steam hot water and cold water,0.08,PJ,,,,,,,
Energy Inputs,Hitachi Group,2023,Fuel and heat: Steam hot water and cold water,0.04,PJ,,,,,,,
Greenhouse Gases Emitted,Hitachi Group,2019,Total Greenhouse Gases,4415,ktCO2e,Total GHGs: Scope 1 and 2 total,,,,,,,
Greenhouse Gases Emitted,Hitachi Group,2020,Total Greenhouse Gases,3313,ktCO2e,Total GHGs: Scope 1 and 2 total,,,,,,,
Greenhouse Gases Emitted,Hitachi Group,2021,Total Greenhouse Gases,3412,ktCO2e,Total GHGs: Scope 1 and 2 total,,,,,,,
Greenhouse Gases Emitted,Hitachi Group,2022,Total Greenhouse Gases,1565,ktCO2e,Total GHGs: Scope 1 and 2 total,,,,,,,
Greenhouse Gases Emitted,Hitachi Group,2023,Total Greenhouse Gases,676,ktCO2e,Total GHGs: Scope 1 and 2 total,,,,,,,
Greenhouse Gases Emitted,Hitachi Group,2019,Energy-related Total CO2 Emissions Total,4374,kt-CO2,,,,,,,,
Greenhouse Gases Emitted,Hitachi Group,2020,Energy-related Total CO2 Emissions Total,3296,kt-CO2,,,,,,,,
Greenhouse Gases Emitted,Hitachi Group,2021,Energy-related Total CO2 Emissions Total,3384,kt-CO2,,,,,,,,
Greenhouse Gases Emitted,Hitachi Group,2022,Energy-related Total CO2 Emissions Total,1538,kt-CO2,,,,,,,,
Greenhouse Gases Emitted,Hitachi Group,2023,Energy-related Total CO2 Emissions Total,618,kt-CO2,,,,,,,,
Greenhouse Gases Emitted,Hitachi Group,2019,Energy-related Total CO2 Emissions (Direct emissions),1489,kt-CO2,,,,,,,,
Greenhouse Gases Emitted,Hitachi Group,2020,Energy-related Total CO2 Emissions (Direct emissions),1202,kt-CO2,,,,,,,,
Greenhouse Gases Emitted,Hitachi Group,2021,Energy-related Total CO2 Emissions (Direct emissions),1245,kt-CO2,,,,,,,,
Greenhouse Gases Emitted,Hitachi Group,2022,Energy-related Total CO2 Emissions (Direct emissions),459,kt-CO2,,,,,,,,
Greenhouse Gases Emitted,Hitachi Group,2023,Energy-related Total CO2 Emissions (Direct emissions),339,kt-CO2,,,,,,,,
Greenhouse Gases Emitted,Hitachi Group,2019,Energy-related Total CO2 Emissions (Indirect emissions),2885,kt-CO2,,,,,,,,
Greenhouse Gases Emitted,Hitachi Group,2020,Energy-related Total CO2 Emissions (Indirect emissions),2094,kt-CO2,,,,,,,,
Greenhouse Gases Emitted,Hitachi Group,2021,Energy-related Total CO2 Emissions (Indirect emissions),2139,kt-CO2,,,,,,,,
Greenhouse Gases Emitted,Hitachi Group,2022,Energy-related Total CO2 Emissions (Indirect emissions),1079,kt-CO2,,,,,,,,
Greenhouse Gases Emitted,Hitachi Group,2023,Energy-related Total CO2 Emissions (Indirect emissions),279,kt-CO2,,,,,,,,
Greenhouse Gases Emitted,Hitachi Group,2019,Total other than Energy-related CO2 Greenhouse gas Emissions,41,ktCO2e,,,,,,,,
Greenhouse Gases Emitted,Hitachi Group,2020,Total other than Energy-related CO2 Greenhouse gas Emissions,17,ktCO2e,,,,,,,,
Greenhouse Gases Emitted,Hitachi Group,2021,Total other than Energy-related CO2 Greenhouse gas Emissions,28,ktCO2e,,,,,,,,
Greenhouse Gases Emitted,Hitachi Group,2022,Total other than Energy-related CO2 Greenhouse gas Emissions,26.7,ktCO2e,,,,,,,,
Greenhouse Gases Emitted,Hitachi Group,2023,Total other than Energy-related CO2 Greenhouse gas Emissions,58.6,ktCO2e,,,,,,,,
Greenhouse Gases Emitted,Hitachi Group,2019,Sulfur hexafluoride (SF6),24,ktCO2e,,,,,,,,
Greenhouse Gases Emitted,Hitachi Group,2020,Sulfur hexafluoride (SF6),11,ktCO2e,,,,,,,,
Greenhouse Gases Emitted,Hitachi Group,2021,Sulfur hexafluoride (SF6),20,ktCO2e,,,,,,,,
Greenhouse Gases Emitted,Hitachi Group,2022,Sulfur hexafluoride (SF6),22,ktCO2e,,,,,,,,
Greenhouse Gases Emitted,Hitachi Group,2023,Sulfur hexafluoride (SF6),33.2,ktCO2e,,,,,,,,
Greenhouse Gases Emitted,Hitachi Group,2019,Perfluorocarbons (PFC),4,ktCO2e,,,,,,,,
Greenhouse Gases Emitted,Hitachi Group,2020,Perfluorocarbons (PFC),0,ktCO2e,,,,,,,,
Greenhouse Gases Emitted,Hitachi Group,2021,Perfluorocarbons (PFC),2,ktCO2e,,,,,,,,
Greenhouse Gases Emitted,Hitachi Group,2022,Perfluorocarbons (PFC),1.3,ktCO2e,,,,,,,,
Greenhouse Gases Emitted,Hitachi Group,2023,Perfluorocarbons (PFC),0.9,ktCO2e,,,,,,,,
Greenhouse Gases Emitted,Hitachi Group,2019,Hydrofluorocarbons (HFC),3,ktCO2e,,,,,,,,
Greenhouse Gases Emitted,Hitachi Group,2020,Hydrofluorocarbons (HFC),1,ktCO2e,,,,,,,,
Greenhouse Gases Emitted,Hitachi Group,2021,Hydrofluorocarbons (HFC),3,ktCO2e,,,,,,,,
Greenhouse Gases Emitted,Hitachi Group,2022,Hydrofluorocarbons (HFC),2.4,ktCO2e,,,,,,,,
Greenhouse Gases Emitted,Hitachi Group,2023,Hydrofluorocarbons (HFC),22.5,ktCO2e,,,,,,,,
Greenhouse Gases Emitted,Hitachi Group,2019,Dinitrogen monoxide, nitrogen trifluoride, methane (N2O, NF3, CH4),2,ktCO2e,,,,
Greenhouse Gases Emitted,Hitachi Group,2020,Dinitrogen monoxide, nitrogen trifluoride, methane (N2O, NF3, CH4),2,ktCO2e,,,,
Greenhouse Gases Emitted,Hitachi Group,2021,Dinitrogen monoxide, nitrogen trifluoride, methane (N2O, NF3, CH4),3,ktCO2e,,,,
Greenhouse Gases Emitted,Hitachi Group,2022,Dinitrogen monoxide, nitrogen trifluoride, methane (N2O, NF3, CH4),0.9,ktCO2e,,,,
Greenhouse Gases Emitted,Hitachi Group,2023,Dinitrogen monoxide, nitrogen trifluoride, methane (N2O, NF3, CH4),1.9,ktCO2e,,,,
Greenhouse Gases Emitted,Hitachi Group,2019,CO2 from non-energy sources,8,ktCO2e,,,,,,,,
Greenhouse Gases Emitted,Hitachi Group,2020,CO2 from non-energy sources,3,ktCO2e,,,,,,,,
Greenhouse Gases Emitted,Hitachi Group,2021,CO2 from non-energy sources,0,ktCO2e,,,,,,,,
Greenhouse Gases Emitted,Hitachi Group,2022,CO2 from non-energy sources,0.2,ktCO2e,,,,,,,,
Greenhouse Gases Emitted,Hitachi Group,2023,CO2 from non-energy sources,0.2,ktCO2e,,,,,,,,
Raw Material Inputs,Hitachi Group,2019,Total Amount of Raw Materials,3776,kt,,,,,,,,
Raw Material Inputs,Hitachi Group,2020,Total Amount of Raw Materials,3066,kt,,,,,,,,
Raw Material Inputs,Hitachi Group,2021,Total Amount of Raw Materials,3235,kt,,,,,,,,
Raw Material Inputs,Hitachi Group,2022,Total Amount of Raw Materials,788,kt,,,,,,,,
Raw Material Inputs,Hitachi Group,2023,Total Amount of Raw Materials,3345,kt,,,,,,,,
Raw Material Inputs,Hitachi Group,2019,Metals: Total metals,3454,kt,,,,,,,,
Raw Material Inputs,Hitachi Group,2020,Metals: Total metals,2861,kt,,,,,,,,
Raw Material Inputs,Hitachi Group,2021,Metals: Total metals,3083,kt,,,,,,,,
Raw Material Inputs,Hitachi Group,2022,Metals: Total metals,685,kt,,,,,,,,
Raw Material Inputs,Hitachi Group,2023,Metals: Total metals,2430,kt,,,,,,,,
Raw Material Inputs,Hitachi Group,2019,Metals: New materials,1372,kt,,,,,,,,
Raw Material Inputs,Hitachi Group,2020,Metals: New materials,1075,kt,,,,,,,,
Raw Material Inputs,Hitachi Group,2021,Metals: New materials,909,kt,,,,,,,,
Raw Material Inputs,Hitachi Group,2022,Metals: New materials,614,kt,,,,,,,,
Raw Material Inputs,Hitachi Group,2023,Metals: New materials,2428,kt,,,,,,,,
Raw Material Inputs,Hitachi Group,2019,Metals: Recycled materials etc.,2082,kt,,,,,,,
Raw Material Inputs,Hitachi Group,2020,Metals: Recycled materials etc.,1786,kt,,,,,,,
Raw Material Inputs,Hitachi Group,2021,Metals: Recycled materials etc.,2175,kt,,,,,,,
Raw Material Inputs,Hitachi Group,2022,Metals: Recycled materials etc.,71,kt,,,,,,,
Raw Material Inputs,Hitachi Group,2023,Metals: Recycled materials etc.,2,kt,,,,,,,
Raw Material Inputs,Hitachi Group,2019,Plastics: Total plastics,147,kt,,,,,,,,
Raw Material Inputs,Hitachi Group,2020,Plastics: Total plastics,115,kt,,,,,,,,
Raw Material Inputs,Hitachi Group,2021,Plastics: Total plastics,74,kt,,,,,,,,
Raw Material Inputs,Hitachi Group,2022,Plastics: Total plastics,43,kt,,,,,,,,
Raw Material Inputs,Hitachi Group,2023,Plastics: Total plastics,148,kt,,,,,,,,
Raw Material Inputs,Hitachi Group,2019,Plastics: New materials,143,kt,,,,,,,,
Raw Material Inputs,Hitachi Group,2020,Plastics: New materials,113,kt,,,,,,,,
Raw Material Inputs,Hitachi Group,2021,Plastics: New materials,72,kt,,,,,,,,
Raw Material Inputs,Hitachi Group,2022,Plastics: New materials,40,kt,,,,,,,,
Raw Material Inputs,Hitachi Group,2023,Plastics: New materials,146,kt,,,,,,,,
Raw Material Inputs,Hitachi Group,2019,Plastics: Recycled materials etc.,4,kt,,,,,,,
Raw Material Inputs,Hitachi Group,2020,Plastics: Recycled materials etc.,2,kt,,,,,,,
Raw Material Inputs,Hitachi Group,2021,Plastics: Recycled materials etc.,2,kt,,,,,,,
Raw Material Inputs,Hitachi Group,2022,Plastics: Recycled materials etc.,3,kt,,,,,,,
Raw Material Inputs,Hitachi Group,2023,Plastics: Recycled materials etc.,2,kt,,,,,,,
Raw Material Inputs,Hitachi Group,2019,Other materials: Total other materials,175,kt,,,,,,,,
Raw Material Inputs,Hitachi Group,2020,Other materials: Total other materials,90,kt,,,,,,,,
Raw Material Inputs,Hitachi Group,2021,Other materials: Total other materials,77,kt,,,,,,,,
Raw Material Inputs,Hitachi Group,2022,Other materials: Total other materials,61,kt,,,,,,,,
Raw Material Inputs,Hitachi Group,2023,Other materials: Total other materials,767,kt,,,,,,,,
Raw Material Inputs,Hitachi Group,2019,Other materials: New materials,173,kt,,,,,,,,
Raw Material Inputs,Hitachi Group,2020,Other materials: New materials,89,kt,,,,,,,,
Raw Material Inputs,Hitachi Group,2021,Other materials: New materials,76,kt,,,,,,,,
Raw Material Inputs,Hitachi Group,2022,Other materials: New materials,54,kt,,,,,,,,
Raw Material Inputs,Hitachi Group,2023,Other materials: New materials,766,kt,,,,,,,,
Raw Material Inputs,Hitachi Group,2019,Other materials: Recycled materials etc.,2,kt,,,,,,,
Raw Material Inputs,Hitachi Group,2020,Other materials: Recycled materials etc.,1,kt,,,,,,,
Raw Material Inputs,Hitachi Group,2021,Other materials: Recycled materials etc.,1,kt,,,,,,,
Raw Material Inputs,Hitachi Group,2022,Other materials: Recycled materials etc.,7,kt,,,,,,,
Raw Material Inputs,Hitachi Group,2023,Other materials: Recycled materials etc.,0.1,kt,,,,,,,
Waste and Valuables Generated,Hitachi Group,2019,Total Waste and Valuables Generated Total,1302,kt,,,,,,,,
Waste and Valuables Generated,Hitachi Group,2020,Total Waste and Valuables Generated Total,1061,kt,,,,,,,,
Waste and Valuables Generated,Hitachi Group,2021,Total Waste and Valuables Generated Total,1111,kt,,,,,,,,
Waste and Valuables Generated,Hitachi Group,2022,Total Waste and Valuables Generated Total,356,kt,,,,,,,,
Waste and Valuables Generated,Hitachi Group,2023,Total Waste and Valuables Generated Total,164,kt,,,,,,,,
Waste and Valuables Generated,Hitachi Group,2019,Total Waste and Valuables Generated (hazardous),56,kt,,,,,,,,
Waste and Valuables Generated,Hitachi Group,2020,Total Waste and Valuables Generated (hazardous),49,kt,,,,,,,,
Waste and Valuables Generated,Hitachi Group,2021,Total Waste and Valuables Generated (hazardous),61,kt,,,,,,,,
Waste and Valuables Generated,Hitachi Group,2022,Total Waste and Valuables Generated (hazardous),57,kt,,,,,,,,
Waste and Valuables Generated,Hitachi Group,2023,Total Waste and Valuables Generated (hazardous),13,kt,,,,,,,,
Waste and Valuables Generated,Hitachi Group,2019,Waste Reduction,101,kt,,,,,,,,
Waste and Valuables Generated,Hitachi Group,2020,Waste Reduction,75,kt,,,,,,,,
Waste and Valuables Generated,Hitachi Group,2021,Waste Reduction,74,kt,,,,,,,,
Waste and Valuables Generated,Hitachi Group,2022,Waste Reduction,47,kt,,,,,,,,
Waste and Valuables Generated,Hitachi Group,2023,Waste Reduction,11,kt,,,,,,,,
Waste and Valuables Generated,Hitachi Group,2019,Waste Reduction (hazardous),17.5,kt,,,,,,,,
Waste and Valuables Generated,Hitachi Group,2020,Waste Reduction (hazardous),9.8,kt,,,,,,,,
Waste and Valuables Generated,Hitachi Group,2021,Waste Reduction (hazardous),10.5,kt,,,,,,,,
Waste and Valuables Generated,Hitachi Group,2022,Waste Reduction (hazardous),23.1,kt,,,,,,,,
Waste and Valuables Generated,Hitachi Group,2023,Waste Reduction (hazardous),4.4,kt,,,,,,,,
Waste and Valuables Generated,Hitachi Group,2019,Recycle: Reuse,5,kt,,,,,,,,
Waste and Valuables Generated,Hitachi Group,2020,Recycle: Reuse,35,kt,,,,,,,,
Waste and Valuables Generated,Hitachi Group,2021,Recycle: Reuse,36,kt,,,,,,,,
Waste and Valuables Generated,Hitachi Group,2022,Recycle: Reuse,18,kt,,,,,,,,
Waste and Valuables Generated,Hitachi Group,2023,Recycle: Reuse,7,kt,,,,,,,,
Waste and Valuables Generated,Hitachi Group,2019,Recycle: Reuse (hazardous),2.2,kt,,,,,,,,
Waste and Valuables Generated,Hitachi Group,2020,Recycle: Reuse (hazardous),11.4,kt,,,,,,,,
Waste and Valuables Generated,Hitachi Group,2021,Recycle: Reuse (hazardous),18.7,kt,,,,,,,,
Waste and Valuables Generated,Hitachi Group,2022,Recycle: Reuse (hazardous),6.2,kt,,,,,,,,
Waste and Valuables Generated,Hitachi Group,2023,Recycle: Reuse (hazardous),0.3,kt,,,,,,,,
Waste and Valuables Generated,Hitachi Group,2019,Recycle: Materials recycled,919,kt,,,,,,,,
Waste and Valuables Generated,Hitachi Group,2020,Recycle: Materials recycled,740,kt,,,,,,,,
Waste and Valuables Generated,Hitachi Group,2021,Recycle: Materials recycled,784,kt,,,,,,,,
Waste and Valuables Generated,Hitachi Group,2022,Recycle: Materials recycled,256,kt,,,,,,,,
Waste and Valuables Generated,Hitachi Group,2023,Recycle: Materials recycled,131,kt,,,,,,,,
Waste and Valuables Generated,Hitachi Group,2019,Recycle: Materials recycled (hazardous),25.3,kt,,,,,,,,
Waste and Valuables Generated,Hitachi Group,2020,Recycle: Materials recycled (hazardous),17.6,kt,,,,,,,,
Waste and Valuables Generated,Hitachi Group,2021,Recycle: Materials recycled (hazardous),19.3,kt,,,,,,,,
Waste and Valuables Generated,Hitachi Group,2022,Recycle: Materials recycled (hazardous),16.7,kt,,,,,,,,
Waste and Valuables Generated,Hitachi Group,2023,Recycle: Materials recycled (hazardous),6,kt,,,,,,,,
Waste and Valuables Generated,Hitachi Group,2019,Recycle: Thermal recovery,21,kt,,,,,,,,
Waste and Valuables Generated,Hitachi Group,2020,Recycle: Thermal recovery,11,kt,,,,,,,,
Waste and Valuables Generated,Hitachi Group,2021,Recycle: Thermal recovery,13,kt,,,,,,,,
Waste and Valuables Generated,Hitachi Group,2022,Recycle: Thermal recovery,16,kt,,,,,,,,
Waste and Valuables Generated,Hitachi Group,2023,Recycle: Thermal recovery,11,kt,,,,,,,,
Waste and Valuables Generated,Hitachi Group,2019,Recycle: Thermal recovery (hazardous),4.9,kt,,,,,,,,
Waste and Valuables Generated,Hitachi Group,2020,Recycle: Thermal recovery (hazardous),5.4,kt,,,,,,,,
Waste and Valuables Generated,Hitachi Group,2021,Recycle: Thermal recovery (hazardous),6.5,kt,,,,,,,,
Waste and Valuables Generated,Hitachi Group,2022,Recycle: Thermal recovery (hazardous),4.6,kt,,,,,,,,
Waste and Valuables Generated,Hitachi Group,2023,Recycle: Thermal recovery (hazardous),1.6,kt,,,,,,,,
Waste and Valuables Generated,Hitachi Group,2019,Landfill,256,kt,,,,,,,,
Waste and Valuables Generated,Hitachi Group,2020,Landfill,200,kt,,,,,,,,
Waste and Valuables Generated,Hitachi Group,2021,Landfill,204,kt,,,,,,,,
Waste and Valuables Generated,Hitachi Group,2022,Landfill,20,kt,,,,,,,,
Waste and Valuables Generated,Hitachi Group,2023,Landfill,4,kt,,,,,,,,
Waste and Valuables Generated,Hitachi Group,2019,Landfill (hazardous),6.1,kt,,,,,,,,
Waste and Valuables Generated,Hitachi Group,2020,Landfill (hazardous),4.9,kt,,,,,,,,
Waste and Valuables Generated,Hitachi Group,2021,Landfill (hazardous),5.7,kt,,,,,,,,
Waste and Valuables Generated,Hitachi Group,2022,Landfill (hazardous),6.5,kt,,,,,,,,
Waste and Valuables Generated,Hitachi Group,2023,Landfill (hazardous),0.6,kt,,,,,,,,
Water Inputs,Hitachi Group,2019,Total Water Withdrawal,36.41,Million m3,,,,,,,,
Water Inputs,Hitachi Group,2020,Total Water Withdrawal,26.35,Million m3,,,,,,,,
Water Inputs,Hitachi Group,2021,Total Water Withdrawal,26.03,Million m3,,,,,,,,
Water Inputs,Hitachi Group,2022,Total Water Withdrawal,14.23,Million m3,,,,,,,,
Water Inputs,Hitachi Group,2023,Total Water Withdrawal,10.59,Million m3,,,,,,,,
Water Inputs,Hitachi Group,2019,Surface Water: Tap water (water for drinking and other household uses),7.95,Million m3,,,,,,,,
Water Inputs,Hitachi Group,2020,Surface Water: Tap water (water for drinking and other household uses),5.1,Million m3,,,,,,,,
Water Inputs,Hitachi Group,2021,Surface Water: Tap water (water for drinking and other household uses),5.23,Million m3,,,,,,,,
Water Inputs,Hitachi Group,2022,Surface Water: Tap water (water for drinking and other household uses),5.53,Million m3,,,,,,,,
Water Inputs,Hitachi Group,2023,Surface Water: Tap water (water for drinking and other household uses),2.37,Million m3,,,,,,,,
Water Inputs,Hitachi Group,2019,Surface Water: Industrial water river water,15.58,Million m3,,,,,,,
Water Inputs,Hitachi Group,2020,Surface Water: Industrial water river water,12.62,Million m3,,,,,,,
Water Inputs,Hitachi Group,2021,Surface Water: Industrial water river water,12.47,Million m3,,,,,,,
Water Inputs,Hitachi Group,2022,Surface Water: Industrial water river water,5.17,Million m3,,,,,,,
Water Inputs,Hitachi Group,2023,Surface Water: Industrial water river water,5.28,Million m3,,,,,,,
Water Inputs,Hitachi Group,2019,Surface Water: Rain water,0.02,Million m3,,,,,,,,
Water Inputs,Hitachi Group,2020,Surface Water: Rain water,0.01,Million m3,,,,,,,,
Water Inputs,Hitachi Group,2021,Surface Water: Rain water,0.01,Million m3,,,,,,,,
Water Inputs,Hitachi Group,2022,Surface Water: Rain water,0.01,Million m3,,,,,,,,
Water Inputs,Hitachi Group,2023,Surface Water: Rain water,0.01,Million m3,,,,,,,,
Water Inputs,Hitachi Group,2019,Groundwater,12.84,Million m3,,,,,,,,
Water Inputs,Hitachi Group,2020,Groundwater,8.6,Million m3,,,,,,,,
Water Inputs,Hitachi Group,2021,Groundwater,8.32,Million m3,,,,,,,,
Water Inputs,Hitachi Group,2022,Groundwater,3.52,Million m3,,,,,,,,
Water Inputs,Hitachi Group,2023,Groundwater,2.93,Million m3,,,,,,,,
Water Inputs,Hitachi Group,2019,Recycled Water (Recycled from the Wastewater of other Organizations),0.02,Million m3,,,,,,,,
Water Inputs,Hitachi Group,2020,Recycled Water (Recycled from the Wastewater of other Organizations),0.01,Million m3,,,,,,,,
Water Inputs,Hitachi Group,2021,Recycled Water (Recycled from the Wastewater of other Organizations),0.01,Million m3,,,,,,,,
Water Inputs,Hitachi Group,2022,Recycled Water (Recycled from the Wastewater of other Organizations),0,Million m3,,,,,,,,
Water Inputs,Hitachi Group,2023,Recycled Water (Recycled from the Wastewater of other Organizations),0,Million m3,,,,,,,,
Water Effluents Discharged,Hitachi Group,2019,Total Water Effluents Discharged,31.09,Million m3,,,,,,,,
Water Effluents Discharged,Hitachi Group,2020,Total Water Effluents Discharged,21.24,Million m3,,,,,,,,
Water Effluents Discharged,Hitachi Group,2021,Total Water Effluents Discharged,21.25,Million m3,,,,,,,,
Water Effluents Discharged,Hitachi Group,2022,Total Water Effluents Discharged,12.15,Million m3,,,,,,,,
Water Effluents Discharged,Hitachi Group,2023,Total Water Effluents Discharged,9.14,Million m3,,,,,,,,
Water Effluents Discharged,Hitachi Group,2019,Public Water,22.46,Million m3,,,,,,,,
Water Effluents Discharged,Hitachi Group,2020,Public Water,15.28,Million m3,,,,,,,,
Water Effluents Discharged,Hitachi Group,2021,Public Water,15.4,Million m3,,,,,,,,
Water Effluents Discharged,Hitachi Group,2022,Public Water,8.26,Million m3,,,,,,,,
Water Effluents Discharged,Hitachi Group,2023,Public Water,6.3,Million m3,,,,,,,,
Water Effluents Discharged,Hitachi Group,2019,Sewerage,7.74,Million m3,,,,,,,,
Water Effluents Discharged,Hitachi Group,2020,Sewerage,5.44,Million m3,,,,,,,,
Water Effluents Discharged,Hitachi Group,2021,Sewerage,5.31,Million m3,,,,,,,,
Water Effluents Discharged,Hitachi Group,2022,Sewerage,3.76,Million m3,,,,,,,,
Water Effluents Discharged,Hitachi Group,2023,Sewerage,2.75,Million m3,,,,,,,,
Water Effluents Discharged,Hitachi Group,2019,Groundwater,0.89,Million m3,,,,,,,,
Water Effluents Discharged,Hitachi Group,2020,Groundwater,0.52,Million m3,,,,,,,,
Water Effluents Discharged,Hitachi Group,2021,Groundwater,0.54,Million m3,,,,,,,,
Water Effluents Discharged,Hitachi Group,2022,Groundwater,0.12,Million m3,,,,,,,,
Water Effluents Discharged,Hitachi Group,2023,Groundwater,0.09,Million m3,,,,,,,,
Water Effluents Discharged,Hitachi Group,2019,Water Quality: BOD (biochemical oxygen demand),232,t,,,,,,,,
Water Effluents Discharged,Hitachi Group,2020,Water Quality: BOD (biochemical oxygen demand),204,t,,,,,,,,
Water Effluents Discharged,Hitachi Group,2021,Water Quality: BOD (biochemical oxygen demand),156,t,,,,,,,,
Water Effluents Discharged,Hitachi Group,2022,Water Quality: BOD (biochemical oxygen demand),77,t,,,,,,,,
Water Effluents Discharged,Hitachi Group,2023,Water Quality: BOD (biochemical oxygen demand),9,t,,,,,,,,
Water Effluents Discharged,Hitachi Group,2019,Water Quality: COD (chemical oxygen demand),400,t,,,,,,,,
Water Effluents Discharged,Hitachi Group,2020,Water Quality: COD (chemical oxygen demand),406,t,,,,,,,,
Water Effluents Discharged,Hitachi Group,2021,Water Quality: COD (chemical oxygen demand),301,t,,,,,,,,
Water Effluents Discharged,Hitachi Group,2022,Water Quality: COD (chemical oxygen demand),137,t,,,,,,,,
Water Effluents Discharged,Hitachi Group,2023,Water Quality: COD (chemical oxygen demand),2,t,,,,,,,,
Water Consumption,Hitachi Group,2019,Total Consumption,5.32,Million m3,,,,,,,,
Water Consumption,Hitachi Group,2020,Total Consumption,5.11,Million m3,,,,,,,,
Water Consumption,Hitachi Group,2021,Total Consumption,4.78,Million m3,,,,,,,,
Water Consumption,Hitachi Group,2022,Total Consumption,2.08,Million m3,,,,,,,,
Water Consumption,Hitachi Group,2023,Total Consumption,1.45,Million m3,,,,,,,,
Water Consumption,Hitachi Group,2019,Contained in Products,0.07,Million m3,,,,,,,,
Water Consumption,Hitachi Group,2020,Contained in Products,0.14,Million m3,,,,,,,,
Water Consumption,Hitachi Group,2021,Contained in Products,0,Million m3,,,,,,,,
Water Consumption,Hitachi Group,2022,Contained in Products,0,Million m3,,,,,,,,
Water Consumption,Hitachi Group,2023,Contained in Products,0,Million m3,,,,,,,,
Water Consumption,Hitachi Group,2019,Contained in Waste,0.05,Million m3,,,,,,,,
Water Consumption,Hitachi Group,2020,Contained in Waste,0.01,Million m3,,,,,,,,
Water Consumption,Hitachi Group,2021,Contained in Waste,0.01,Million m3,,,,,,,,
Water Consumption,Hitachi Group,2022,Contained in Waste,0,Million m3,,,,,,,,
Water Consumption,Hitachi Group,2023,Contained in Waste,0,Million m3,,,,,,,,
Water Consumption,Hitachi Group,2019,Evaporation etc.,5.2,Million m3,,,,,,,
Water Consumption,Hitachi Group,2020,Evaporation etc.,4.96,Million m3,,,,,,,
Water Consumption,Hitachi Group,2021,Evaporation etc.,4.77,Million m3,,,,,,,
Water Consumption,Hitachi Group,2022,Evaporation etc.,2.08,Million m3,,,,,,,
Water Consumption,Hitachi Group,2023,Evaporation etc.,1.45,Million m3,,,,,,,
Chemical Substances Handled,Hitachi Group,2019,Total Chemical Substances Handled,83.68,kt,,,,,,,,
Chemical Substances Handled,Hitachi Group,2020,Total Chemical Substances Handled,47.49,kt,,,,,,,,
Chemical Substances Handled,Hitachi Group,2021,Total Chemical Substances Handled,26.2,kt,,,,,,,,
Chemical Substances Handled,Hitachi Group,2022,Total Chemical Substances Handled,1.7,kt,,,,,,,,
Chemical Substances Handled,Hitachi Group,2023,Total Chemical Substances Handled,0.97,kt,,,,,,,,
Chemical Substances Discharged,Hitachi Group,2019,Total Chemical Substances Discharged,4.98,kt,,,,,,,,
Chemical Substances Discharged,Hitachi Group,2020,Total Chemical Substances Discharged,3.27,kt,,,,,,,,
Chemical Substances Discharged,Hitachi Group,2021,Total Chemical Substances Discharged,3.5,kt,,,,,,,,
Chemical Substances Discharged,Hitachi Group,2022,Total Chemical Substances Discharged,1.39,kt,,,,,,,,
Chemical Substances Discharged,Hitachi Group,2023,Total Chemical Substances Discharged,0.65,kt,,,,,,,,
Chemical Substances Discharged,Hitachi Group,2019,Chemical substances discharged (VOC etc.),3.88,kt,,,,,,,
Chemical Substances Discharged,Hitachi Group,2020,Chemical substances discharged (VOC etc.),2.37,kt,,,,,,,
Chemical Substances Discharged,Hitachi Group,2021,Chemical substances discharged (VOC etc.),2.5,kt,,,,,,,
Chemical Substances Discharged,Hitachi Group,2022,Chemical substances discharged (VOC etc.),1.09,kt,,,,,,,
Chemical Substances Discharged,Hitachi Group,2023,Chemical substances discharged (VOC etc.),0.62,kt,,,,,,,
Chemical Substances Discharged,Hitachi Group,2019,SOx (sulfur oxides),0.3,kt,,,,,,,,
Chemical Substances Discharged,Hitachi Group,2020,SOx (sulfur oxides),0.2,kt,,,,,,,,
Chemical Substances Discharged,Hitachi Group,2021,SOx (sulfur oxides),0.2,kt,,,,,,,,
Chemical Substances Discharged,Hitachi Group,2022,SOx (sulfur oxides),0.01,kt,,,,,,,,
Chemical Substances Discharged,Hitachi Group,2023,SOx (sulfur oxides),0,kt,,,,,,,,
Chemical Substances Discharged,Hitachi Group,2019,NOx (nitrogen oxides),0.8,kt,,,,,,,,
Chemical Substances Discharged,Hitachi Group,2020,NOx (nitrogen oxides),0.7,kt,,,,,,,,
Chemical Substances Discharged,Hitachi Group,2021,NOx (nitrogen oxides),0.8,kt,,,,,,,,
Chemical Substances Discharged,Hitachi Group,2022,NOx (nitrogen oxides),0.29,kt,,,,,,,,
Chemical Substances Discharged,Hitachi Group,2023,NOx (nitrogen oxides),0.03,kt,,,,,,,,
Human Capital - Employee Data,Hitachi Group,2019,Total Number of employees (by region),301056,People,,,,,,,,
Human Capital - Employee Data,Hitachi Group,2020,Total Number of employees (by region),350864,People,,,,,,,,
Human Capital - Employee Data,Hitachi Group,2021,Total Number of employees (by region),368247,People,,,,,,,,
Human Capital - Employee Data,Hitachi Group,2022,Total Number of employees (by region),322525,People,,,,,,,,
Human Capital - Employee Data,Hitachi Group,2023,Total Number of employees (by region),268655,People,,,,,,,,
Human Capital - Employee Data,Hitachi Group,2019,Total Number of employees,244962,People,,,,,,,,
Human Capital - Employee Data,Hitachi Group,2020,Total Number of employees,279659,People,,,,,,,,
Human Capital - Employee Data,Hitachi Group,2021,Total Number of employees,283020,People,,,,,,,,
Human Capital - Employee Data,Hitachi Group,2022,Total Number of employees,294746,People,,,,,,,,
Human Capital - Employee Data,Hitachi Group,2023,Total Number of employees,237160,People,,,,,,,,
Human Capital - Employee Data,Hitachi Group,2019,Number of employees (Men),199603,People,,,,,,,,
Human Capital - Employee Data,Hitachi Group,2020,Number of employees (Men),228278,People,,,,,,,,
Human Capital - Employee Data,Hitachi Group,2021,Number of employees (Men),227652,People,,,,,,,,
Human Capital - Employee Data,Hitachi Group,2022,Number of employees (Men),230947,People,,,,,,,,
Human Capital - Employee Data,Hitachi Group,2023,Number of employees (Men),185607,People,,,,,,,,
Human Capital - Employee Data,Hitachi Group,2019,Number of employees (Women),45359,People,,,,,,,,
Human Capital - Employee Data,Hitachi Group,2020,Number of employees (Women),51381,People,,,,,,,,
Human Capital - Employee Data,Hitachi Group,2021,Number of employees (Women),55368,People,,,,,,,,
Human Capital - Employee Data,Hitachi Group,2022,Number of employees (Women),63799,People,,,,,,,,
Human Capital - Employee Data,Hitachi Group,2023,Number of employees (Women),51553,People,,,,,,,,
Human Capital - Employee Data,Hitachi Group,2019,Number of employees (15–19 years old),0.5,%,Affected total: 244,"962 people""",,,,,,
Human Capital - Employee Data,Hitachi Group,2020,Number of employees (15–19 years old),0.5,%,Affected total: 279,"659 people""",,,,,,
Human Capital - Employee Data,Hitachi Group,2021,Number of employees (15–19 years old),0.4,%,Affected total: 283,"020 people""",,,,,,
Human Capital - Employee Data,Hitachi Group,2022,Number of employees (15–19 years old),0.5,%,Affected total: 294,"746 people""",,,,,,
Human Capital - Employee Data,Hitachi Group,2023,Number of employees (15–19 years old),0.4,%,Affected total: 237,"160 people""",,,,,,
Human Capital - Employee Data,Hitachi Group,2019,Number of employees (20–29 years old),15.7,%,Affected total: 244,"962 people""",,,,,,
Human Capital - Employee Data,Hitachi Group,2020,Number of employees (20–29 years old),14.9,%,Affected total: 279,"659 people""",,,,,,
Human Capital - Employee Data,Hitachi Group,2021,Number of employees (20–29 years old),15.2,%,Affected total: 283,"020 people""",,,,,,
Human Capital - Employee Data,Hitachi Group,2022,Number of employees (20–29 years old),19,%,Affected total: 294,"746 people""",,,,,,
Human Capital - Employee Data,Hitachi Group,2023,Number of employees (20–29 years old),19.9,%,Affected total: 237,"160 people""",,,,,,
Human Capital - Employee Data,Hitachi Group,2019,Number of employees (30–39 years old),26.8,%,Affected total: 244,"962 people""",,,,,,
Human Capital - Employee Data,Hitachi Group,2020,Number of employees (30–39 years old),27.5,%,Affected total: 279,"659 people""",,,,,,
Human Capital - Employee Data,Hitachi Group,2021,Number of employees (30–39 years old),27.8,%,Affected total: 283,"020 people""",,,,,,
Human Capital - Employee Data,Hitachi Group,2022,Number of employees (30–39 years old),29.5,%,Affected total: 294,"746 people""",,,,,,
Human Capital - Employee Data,Hitachi Group,2023,Number of employees (30–39 years old),28.1,%,Affected total: 237,"160 people""",,,,,,
Human Capital - Employee Data,Hitachi Group,2019,Number of employees (40–49 years old),30.4,%,Affected total: 244,"962 people""",,,,,,
Human Capital - Employee Data,Hitachi Group,2020,Number of employees (40–49 years old),29.1,%,Affected total: 279,"659 people""",,,,,,
Human Capital - Employee Data,Hitachi Group,2021,Number of employees (40–49 years old),28.5,%,Affected total: 283,"020 people""",,,,,,
Human Capital - Employee Data,Hitachi Group,2022,Number of employees (40–49 years old),26.2,%,Affected total: 294,"746 people""",,,,,,
Human Capital - Employee Data,Hitachi Group,2023,Number of employees (40–49 years old),25.1,%,Affected total: 237,"160 people""",,,,,,
Human Capital - Employee Data,Hitachi Group,2019,Number of employees (50–59 years old),25.1,%,Affected total: 244,"962 people""",,,,,,
Human Capital - Employee Data,Hitachi Group,2020,Number of employees (50–59 years old),25.6,%,Affected total: 279,"659 people""",,,,,,
Human Capital - Employee Data,Hitachi Group,2021,Number of employees (50–59 years old),25.6,%,Affected total: 283,"020 people""",,,,,,
Human Capital - Employee Data,Hitachi Group,2022,Number of employees (50–59 years old),22.6,%,Affected total: 294,"746 people""",,,,,,
Human Capital - Employee Data,Hitachi Group,2023,Number of employees (50–59 years old),23.9,%,Affected total: 237,"160 people""",,,,,,
Human Capital - Employee Data,Hitachi Group,2019,Number of employees (60–69 years old),1.6,%,Affected total: 244,"962 people""",,,,,,
Human Capital - Employee Data,Hitachi Group,2020,Number of employees (60–69 years old),2.4,%,Affected total: 279,"659 people""",,,,,,
Human Capital - Employee Data,Hitachi Group,2021,Number of employees (60–69 years old),2.4,%,Affected total: 283,"020 people""",,,,,,
Human Capital - Employee Data,Hitachi Group,2022,Number of employees (60–69 years old),2.2,%,Affected total: 294,"746 people""",,,,,,
Human Capital - Employee Data,Hitachi Group,2023,Number of employees (60–69 years old),2.6,%,Affected total: 237,"160 people""",,,,,,
Human Capital - Employee Data,Hitachi Group,2019,Number of employees (Over 70 years old),0,%,Affected total: 244,"962 people""",,,,,,
Human Capital - Employee Data,Hitachi Group,2020,Number of employees (Over 70 years old),0.1,%,Affected total: 279,"659 people""",,,,,,
Human Capital - Employee Data,Hitachi Group,2021,Number of employees (Over 70 years old),0.1,%,Affected total: 283,"020 people""",,,,,,
Human Capital - Employee Data,Hitachi Group,2022,Number of employees (Over 70 years old),0.1,%,Affected total: 294,"746 people""",,,,,,
Human Capital - Employee Data,Hitachi Group,2023,Number of employees (Over 70 years old),0.1,%,Affected total: 237,"160 people""",,,,,,
Human Capital - Employee Data,Hitachi Group,2019,Average age (Total),41.5,Age,,,,,,,,
Human Capital - Employee Data,Hitachi Group,2020,Average age (Total),41.8,Age,,,,,,,,
Human Capital - Employee Data,Hitachi Group,2021,Average age (Total),41.7,Age,,,,,,,,
Human Capital - Employee Data,Hitachi Group,2022,Average age (Total),41.2,Age,,,,,,,,
Human Capital - Employee Data,Hitachi Group,2023,Average age (Total),41.4,Age,,,,,,,,
Human Capital - Employee Data,Hitachi Group,2019,Average age (Men),41.9,Age,,,,,,,,
Human Capital - Employee Data,Hitachi Group,2020,Average age (Men),42.2,Age,,,,,,,,
Human Capital - Employee Data,Hitachi Group,2021,Average age (Men),42.1,Age,,,,,,,,
Human Capital - Employee Data,Hitachi Group,2022,Average age (Men),41.7,Age,,,,,,,,
Human Capital - Employee Data,Hitachi Group,2023,Average age (Men),41.9,Age,,,,,,,,
Human Capital - Employee Data,Hitachi Group,2019,Average age (Women),39.4,Age,,,,,,,,
Human Capital - Employee Data,Hitachi Group,2020,Average age (Women),40.1,Age,,,,,,,,
Human Capital - Employee Data,Hitachi Group,2021,Average age (Women),40.2,Age,,,,,,,,
Human Capital - Employee Data,Hitachi Group,2022,Average age (Women),39.6,Age,,,,,,,,
Human Capital - Employee Data,Hitachi Group,2023,Average age (Women),40,Age,,,,,,,,
Human Capital - Employee Data,Hitachi Group,2019,Average service (Total),15,Years,,,,,,,,
Human Capital - Employee Data,Hitachi Group,2020,Average service (Total),13.6,Years,,,,,,,,
Human Capital - Employee Data,Hitachi Group,2021,Average service (Total),13.5,Years,,,,,,,,
Human Capital - Employee Data,Hitachi Group,2022,Average service (Total),12.6,Years,,,,,,,,
Human Capital - Employee Data,Hitachi Group,2023,Average service (Total),12.9,Years,,,,,,,,
Human Capital - Employee Data,Hitachi Group,2019,Average service (Men),15.7,Years,,,,,,,,
Human Capital - Employee Data,Hitachi Group,2020,Average service (Men),14.2,Years,,,,,,,,
Human Capital - Employee Data,Hitachi Group,2021,Average service (Men),13.8,Years,,,,,,,,
Human Capital - Employee Data,Hitachi Group,2022,Average service (Men),13.4,Years,,,,,,,,
Human Capital - Employee Data,Hitachi Group,2023,Average service (Men),13.7,Years,,,,,,,,
Human Capital - Employee Data,Hitachi Group,2019,Average service (Women),11.8,Years,,,,,,,,
Human Capital - Employee Data,Hitachi Group,2020,Average service (Women),11,Years,,,,,,,,
Human Capital - Employee Data,Hitachi Group,2021,Average service (Women),10.9,Years,,,,,,,,
Human Capital - Employee Data,Hitachi Group,2022,Average service (Women),10.1,Years,,,,,,,,
Human Capital - Employee Data,Hitachi Group,2023,Average service (Women),10.1,Years,,,,,,,,
Human Capital - Employee Data,Hitachi Group,2019,Turnover rate (Total),5.2,%,"Figures include only voluntary resignations.""",,,,,,,
Human Capital - Employee Data,Hitachi Group,2020,Turnover rate (Total),4.3,%,"Figures include only voluntary resignations.""",,,,,,,
Human Capital - Employee Data,Hitachi Group,2021,Turnover rate (Total),7.5,%,"Figures include only voluntary resignations.""",,,,,,,
Human Capital - Employee Data,Hitachi Group,2022,Turnover rate (Total),8.5,%,"Figures include only voluntary resignations.""",,,,,,,
Human Capital - Employee Data,Hitachi Group,2023,Turnover rate (Total),6.3,%,"Figures include only voluntary resignations.""",,,,,,,
Human Capital - Employee Data,Hitachi Group,2019,Turnover rate (Men),4.8,%,"Figures include only voluntary resignations.""",,,,,,,
Human Capital - Employee Data,Hitachi Group,2020,Turnover rate (Men),4.1,%,"Figures include only voluntary resignations.""",,,,,,,
Human Capital - Employee Data,Hitachi Group,2021,Turnover rate (Men),7.1,%,"Figures include only voluntary resignations.""",,,,,,,
Human Capital - Employee Data,Hitachi Group,2022,Turnover rate (Men),7.8,%,"Figures include only voluntary resignations.""",,,,,,,
Human Capital - Employee Data,Hitachi Group,2023,Turnover rate (Men),6.1,%,"Figures include only voluntary resignations.""",,,,,,,
Human Capital - Employee Data,Hitachi Group,2019,Turnover rate (Women),7.2,%,"Figures include only voluntary resignations.""",,,,,,,
Human Capital - Employee Data,Hitachi Group,2020,Turnover rate (Women),5.2,%,"Figures include only voluntary resignations.""",,,,,,,
Human Capital - Employee Data,Hitachi Group,2021,Turnover rate (Women),8.9,%,"Figures include only voluntary resignations.""",,,,,,,
Human Capital - Employee Data,Hitachi Group,2022,Turnover rate (Women),10.8,%,"Figures include only voluntary resignations.""",,,,,,,
Human Capital - Employee Data,Hitachi Group,2023,Turnover rate (Women),6.9,%,"Figures include only voluntary resignations.""",,,,,,,
Human Capital - Employee Data,Hitachi,2019,Total Number of employees,31442,People,,,,,,,,
Human Capital - Employee Data,Hitachi,2020,Total Number of employees,29850,People,,,,,,,,
Human Capital - Employee Data,Hitachi,2021,Total Number of employees,29485,People,,,,,,,,
Human Capital - Employee Data,Hitachi,2022,Total Number of employees,28672,People,,,,,,,,
Human Capital - Employee Data,Hitachi,2023,Total Number of employees,28111,People,,,,,,,,
Human Capital - Employee Data,Hitachi,2019,Number of employees (Men),25628,People,,,,,,,,
Human Capital - Employee Data,Hitachi,2020,Number of employees (Men),24100,People,,,,,,,,
Human Capital - Employee Data,Hitachi,2021,Number of employees (Men),23749,People,,,,,,,,
Human Capital - Employee Data,Hitachi,2022,Number of employees (Men),22939,People,,,,,,,,
Human Capital - Employee Data,Hitachi,2023,Number of employees (Men),22375,People,,,,,,,,
Human Capital - Employee Data,Hitachi,2019,Number of employees (Women),5814,People,,,,,,,,
Human Capital - Employee Data,Hitachi,2020,Number of employees (Women),5750,People,,,,,,,,
Human Capital - Employee Data,Hitachi,2021,Number of employees (Women),5736,People,,,,,,,,
Human Capital - Employee Data,Hitachi,2022,Number of employees (Women),5733,People,,,,,,,,
Human Capital - Employee Data,Hitachi,2023,Number of employees (Women),5736,People,,,,,,,,
Human Capital - Employee Data,Hitachi,2019,Average age (Total),42.4,Age,,,,,,,,
Human Capital - Employee Data,Hitachi,2020,Average age (Total),43,Age,,,,,,,,
Human Capital - Employee Data,Hitachi,2021,Average age (Total),43.3,Age,,,,,,,,
Human Capital - Employee Data,Hitachi,2022,Average age (Total),43.4,Age,,,,,,,,
Human Capital - Employee Data,Hitachi,2023,Average age (Total),43.4,Age,,,,,,,,
Human Capital - Employee Data,Hitachi,2019,Average age (Men),43,Age,,,,,,,,
Human Capital - Employee Data,Hitachi,2020,Average age (Men),43.5,Age,,,,,,,,
Human Capital - Employee Data,Hitachi,2021,Average age (Men),43.8,Age,,,,,,,,
Human Capital - Employee Data,Hitachi,2022,Average age (Men),43.9,Age,,,,,,,,
Human Capital - Employee Data,Hitachi,2023,Average age (Men),43.9,Age,,,,,,,,
Human Capital - Employee Data,Hitachi,2019,Average age (Women),40.1,Age,,,,,,,,
Human Capital - Employee Data,Hitachi,2020,Average age (Women),40.8,Age,,,,,,,,
Human Capital - Employee Data,Hitachi,2021,Average age (Women),41.1,Age,,,,,,,,
Human Capital - Employee Data,Hitachi,2022,Average age (Women),41.2,Age,,,,,,,,
Human Capital - Employee Data,Hitachi,2023,Average age (Women),41.3,Age,,,,,,,,
Human Capital - Employee Data,Hitachi,2019,Average service (Total),17.9,Years,,,,,,,,
Human Capital - Employee Data,Hitachi,2020,Average service (Total),18.3,Years,,,,,,,,
Human Capital - Employee Data,Hitachi,2021,Average service (Total),18.5,Years,,,,,,,,
Human Capital - Employee Data,Hitachi,2022,Average service (Total),18.6,Years,,,,,,,,
Human Capital - Employee Data,Hitachi,2023,Average service (Total),18.5,Years,,,,,,,,
Human Capital - Employee Data,Hitachi,2019,Average service (Men),18.5,Years,,,,,,,,
Human Capital - Employee Data,Hitachi,2020,Average service (Men),18.8,Years,,,,,,,,
Human Capital - Employee Data,Hitachi,2021,Average service (Men),19,Years,,,,,,,,
Human Capital - Employee Data,Hitachi,2022,Average service (Men),19.2,Years,,,,,,,,
Human Capital - Employee Data,Hitachi,2023,Average service (Men),19.1,Years,,,,,,,,
Human Capital - Employee Data,Hitachi,2019,Average service (Women),15.6,Years,,,,,,,,
Human Capital - Employee Data,Hitachi,2020,Average service (Women),16,Years,,,,,,,,
Human Capital - Employee Data,Hitachi,2021,Average service (Women),16.2,Years,,,,,,,,
Human Capital - Employee Data,Hitachi,2022,Average service (Women),16.3,Years,,,,,,,,
Human Capital - Employee Data,Hitachi,2023,Average service (Women),16.4,Years,,,,,,,,
Human Capital - Employee Data,Hitachi,2019,Turnover rate (Total),1.7,%,"Figures include only voluntary resignations.""",,,,,,,
Human Capital - Employee Data,Hitachi,2020,Turnover rate (Total),1.4,%,"Figures include only voluntary resignations.""",,,,,,,
Human Capital - Employee Data,Hitachi,2021,Turnover rate (Total),1.8,%,"Figures include only voluntary resignations.""",,,,,,,
Human Capital - Employee Data,Hitachi,2022,Turnover rate (Total),2,%,"Figures include only voluntary resignations.""",,,,,,,
Human Capital - Employee Data,Hitachi,2023,Turnover rate (Total),2.1,%,"Figures include only voluntary resignations.""",,,,,,,
Human Capital - Employee Data,Hitachi,2019,Turnover rate (Men),1.5,%,"Figures include only voluntary resignations.""",,,,,,,
Human Capital - Employee Data,Hitachi,2020,Turnover rate (Men),1.3,%,"Figures include only voluntary resignations.""",,,,,,,
Human Capital - Employee Data,Hitachi,2021,Turnover rate (Men),1.7,%,"Figures include only voluntary resignations.""",,,,,,,
Human Capital - Employee Data,Hitachi,2022,Turnover rate (Men),1.8,%,"Figures include only voluntary resignations.""",,,,,,,
Human Capital - Employee Data,Hitachi,2023,Turnover rate (Men),2.1,%,"Figures include only voluntary resignations.""",,,,,,,
Human Capital - Employee Data,Hitachi,2019,Turnover rate (Women),2.8,%,"Figures include only voluntary resignations.""",,,,,,,
Human Capital - Employee Data,Hitachi,2020,Turnover rate (Women),2.1,%,"Figures include only voluntary resignations.""",,,,,,,
Human Capital - Employee Data,Hitachi,2021,Turnover rate (Women),2.3,%,"Figures include only voluntary resignations.""",,,,,,,
Human Capital - Employee Data,Hitachi,2022,Turnover rate (Women),2.8,%,"Figures include only voluntary resignations.""",,,,,,,
Human Capital - Employee Data,Hitachi,2023,Turnover rate (Women),2.6,%,"Figures include only voluntary resignations.""",,,,,,,
Human Capital - Talent Development,Hitachi Group,2019,Number of participants of management training programs (For management leaders),90,People,,,,,,,,
Human Capital - Talent Development,Hitachi Group,2020,Number of participants of management training programs (For management leaders),78,People,,,,,,,,
Human Capital - Talent Development,Hitachi Group,2021,Number of participants of management training programs (For management leaders),76,People,,,,,,,,
Human Capital - Talent Development,Hitachi Group,2022,Number of participants of management training programs (For management leaders),87,People,,,,,,,,
Human Capital - Talent Development,Hitachi Group,2023,Number of participants of management training programs (For management leaders),72,People,,,,,,,,
Human Capital - Talent Development,Hitachi Group,2019,Number of participants of management training programs (For managers),3973,People,,,,,,,,
Human Capital - Talent Development,Hitachi Group,2020,Number of participants of management training programs (For managers),3481,People,,,,,,,,
Human Capital - Talent Development,Hitachi Group,2021,Number of participants of management training programs (For managers),3900,People,,,,,,,,
Human Capital - Talent Development,Hitachi Group,2022,Number of participants of management training programs (For managers),4191,People,,,,,,,,
Human Capital - Talent Development,Hitachi Group,2023,Number of participants of management training programs (For managers),3871,People,,,,,,,,
Human Capital - Talent Development,Hitachi Group,2019,Training hours per employee,,Hours,,,,,,,,
Human Capital - Talent Development,Hitachi Group,2020,Training hours per employee,,Hours,,,,,,,,
Human Capital - Talent Development,Hitachi Group,2021,Training hours per employee,25.9,Hours,,,,,,,,
Human Capital - Talent Development,Hitachi Group,2022,Training hours per employee,27.9,Hours,,,,,,,,
Human Capital - Talent Development,Hitachi Group,2023,Training hours per employee,30.3,Hours,,,,,,,,
Human Capital - Talent Development,Hitachi Group,2019,Average amount invested in training per employee,,Yen,Scope of data was changed from the Hitachi Group companies in Japan to the Hitachi Group from fiscal 2020.,,,,,,,
Human Capital - Talent Development,Hitachi Group,2020,Average amount invested in training per employee,61700,Yen,Scope of data was changed from the Hitachi Group companies in Japan to the Hitachi Group from fiscal 2020.,,,,,,,
Human Capital - Talent Development,Hitachi Group,2021,Average amount invested in training per employee,58300,Yen,Scope of data was changed from the Hitachi Group companies in Japan to the Hitachi Group from fiscal 2020.,,,,,,,
Human Capital - Talent Development,Hitachi Group,2022,Average amount invested in training per employee,77400,Yen,Scope of data was changed from the Hitachi Group companies in Japan to the Hitachi Group from fiscal 2020.,,,,,,,
Human Capital - Talent Development,Hitachi Group,2023,Average amount invested in training per employee,86950,Yen,Scope of data was changed from the Hitachi Group companies in Japan to the Hitachi Group from fiscal 2020.,,,,,,,
Human Capital - Talent Development,Hitachi Group,2019,Average amount invested in training per employee (Hitachi Group companies in Japan),128000,Yen,,,,,,,,
Human Capital - Talent Development,Hitachi Group,2020,Average amount invested in training per employee (Hitachi Group companies in Japan),,Yen,,,,,,,,
Human Capital - Talent Development,Hitachi Group,2021,Average amount invested in training per employee (Hitachi Group companies in Japan),,Yen,,,,,,,,
Human Capital - Talent Development,Hitachi Group,2022,Average amount invested in training per employee (Hitachi Group companies in Japan),,Yen,,,,,,,,
Human Capital - Talent Development,Hitachi Group,2023,Average amount invested in training per employee (Hitachi Group companies in Japan),,Yen,,,,,,,,
Human Capital - Digital Talent,Hitachi Group,2019,Digital talent headcount Total,30000,People,,,,,,,,
Human Capital - Digital Talent,Hitachi Group,2020,Digital talent headcount Total,35000,People,,,,,,,,
Human Capital - Digital Talent,Hitachi Group,2021,Digital talent headcount Total,67000,People,,,,,,,,
Human Capital - Digital Talent,Hitachi Group,2022,Digital talent headcount Total,83000,People,,,,,,,,
Human Capital - Digital Talent,Hitachi Group,2023,Digital talent headcount Total,95000,People,,,,,,,,
Human Capital - Employee Engagement,Hitachi Group,2019,Percentage of positive responses to employee engagement questions Global average,60,%,"Questions change slightly each year. Not adjusted for changes.""",,,,,,,
Human Capital - Employee Engagement,Hitachi Group,2020,Percentage of positive responses to employee engagement questions Global average,62,%,"Questions change slightly each year. Not adjusted for changes.""",,,,,,,
Human Capital - Employee Engagement,Hitachi Group,2021,Percentage of positive responses to employee engagement questions Global average,65,%,"Questions change slightly each year. Not adjusted for changes.""",,,,,,,
Human Capital - Employee Engagement,Hitachi Group,2022,Percentage of positive responses to employee engagement questions Global average,69.5,%,"Questions change slightly each year. Not adjusted for changes.""",,,,,,,
Human Capital - Employee Engagement,Hitachi Group,2023,Percentage of positive responses to employee engagement questions Global average,68.6,%,"Questions change slightly each year. Not adjusted for changes.""",,,,,,,
Human Capital - Diversity,Hitachi Group,2019,Total number of registered employees,251016,People,,,,,,,,
Human Capital - Diversity,Hitachi Group,2020,Total number of registered employees,285857,People,,,,,,,,
Human Capital - Diversity,Hitachi Group,2021,Total number of registered employees,291028,People,,,,,,,,
Human Capital - Diversity,Hitachi Group,2022,Total number of registered employees,301320,People,,,,,,,,
Human Capital - Diversity,Hitachi Group,2023,Total number of registered employees,241504,People,,,,,,,,
Human Capital - Diversity,Hitachi Group,2019,Number of women employees,48665,People,,,,,,,,
Human Capital - Diversity,Hitachi Group,2020,Number of women employees,54719,People,,,,,,,,
Human Capital - Diversity,Hitachi Group,2021,Number of women employees,58830,People,,,,,,,,
Human Capital - Diversity,Hitachi Group,2022,Number of women employees,67224,People,,,,,,,,
Human Capital - Diversity,Hitachi Group,2023,Number of women employees,54315,People,,,,,,,,
Human Capital - Diversity,Hitachi Group,2019,Ratio of women employees,19.4,%,Affected total: 251,,"016 people""",,,,,
Human Capital - Diversity,Hitachi Group,2020,Ratio of women employees,19.1,%,Affected total: 285,,"857 people""",,,,,
Human Capital - Diversity,Hitachi Group,2021,Ratio of women employees,20.2,%,Affected total: 291,,"028 people""",,,,,
Human Capital - Diversity,Hitachi Group,2022,Ratio of women employees,22.3,%,Affected total: 301,,"320 people""",,,,,
Human Capital - Diversity,Hitachi Group,2023,Ratio of women employees,22.5,%,Affected total: 241,,"504 people""",,,,,
Human Capital - Diversity,Hitachi Group,2019,Total number of managers,48336,People,,,,,,,,
Human Capital - Diversity,Hitachi Group,2020,Total number of managers,48712,People,,,,,,,,
Human Capital - Diversity,Hitachi Group,2021,Total number of managers,48690,People,,,,,,,,
Human Capital - Diversity,Hitachi Group,2022,Total number of managers,65171,People,,,,,,,,
Human Capital - Diversity,Hitachi Group,2023,Total number of managers,61291,People,,,,,,,,
Human Capital - Diversity,Hitachi Group,2019,Number of women managers,4302,People,,,,,,,,
Human Capital - Diversity,Hitachi Group,2020,Number of women managers,4641,People,,,,,,,,
Human Capital - Diversity,Hitachi Group,2021,Number of women managers,4762,People,,,,,,,,
Human Capital - Diversity,Hitachi Group,2022,Number of women managers,8461,People,,,,,,,,
Human Capital - Diversity,Hitachi Group,2023,Number of women managers,8639,People,,,,,,,,
Human Capital - Diversity,Hitachi Group,2019,Ratio of women managers,8.9,%,Affected total: 48,,"336 people""",,,,,
Human Capital - Diversity,Hitachi Group,2020,Ratio of women managers,9.5,%,Affected total: 48,,"712 people""",,,,,
Human Capital - Diversity,Hitachi Group,2021,Ratio of women managers,9.8,%,Affected total: 48,,"690 people""",,,,,
Human Capital - Diversity,Hitachi Group,2022,Ratio of women managers,13,%,Affected total: 65,,"171 people""",,,,,
Human Capital - Diversity,Hitachi Group,2023,Ratio of women managers,14.1,%,Affected total: 61,,"291 people""",,,,,
Human Capital - Diversity,Hitachi Group,2023,Wage ratio of women to men All employees,80.1,%,"Based on registered employees.""",,,,,,,
Human Capital - Diversity,Hitachi Group,2023,Wage ratio of women to men Permanent and full-time employees,80.6,%,"Based on registered employees.""",,,,,,,
Human Capital - Diversity,Hitachi Group,2023,Wage ratio of women to men Managerial level,92.3,%,"Based on registered employees.""",,,,,,,
Human Capital - Diversity,Hitachi Group,2023,Wage ratio of women to men Non-Managerial level,86.2,%,"Based on registered employees.""",,,,,,,
Human Capital - Diversity,Hitachi Group,2023,Wage ratio of women to men Part-time or fixed-term employees,74,%,"Based on registered employees.""",,,,,,,
Human Capital - Diversity,Hitachi Group,2019,Total number of new employees hired,14997,People,,,,,,,,
Human Capital - Diversity,Hitachi Group,2020,Total number of new employees hired,17963,People,,,,,,,,
Human Capital - Diversity,Hitachi Group,2021,Total number of new employees hired,29539,People,,,,,,,,
Human Capital - Diversity,Hitachi Group,2022,Total number of new employees hired,32733,People,,,,,,,,
Human Capital - Diversity,Hitachi Group,2023,Total number of new employees hired,25696,People,,,,,,,,
Human Capital - Diversity,Hitachi Group,2019,Number of new women employees hired,3943,People,,,,,,,,
Human Capital - Diversity,Hitachi Group,2020,Number of new women employees hired,4269,People,,,,,,,,
Human Capital - Diversity,Hitachi Group,2021,Number of new women employees hired,6489,People,,,,,,,,
Human Capital - Diversity,Hitachi Group,2022,Number of new women employees hired,9593,People,,,,,,,,
Human Capital - Diversity,Hitachi Group,2023,Number of new women employees hired,7003,People,,,,,,,,
Human Capital - Diversity,Hitachi Group,2019,Ratio of new women employees hired,26.3,%,Affected total: 14997 people""",,,,,
Human Capital - Diversity,,Hitachi Group,2020,Ratio of new women employees hired,23.8,%,Affected total: 17963 people""",,,,,
Human Capital - Diversity,Hitachi Group,,2021,Ratio of new women employees hired,22,%,Affected total: 29539 people,,,,,,
Human Capital - Diversity Equity and Inclusion,Hitachi Group,2022,Ratio of new women employees hired,29.3,%,Affected total: 32733 people,,,,,
Human Capital - Diversity Equity and Inclusion,Hitachi Group,2023,Ratio of new women employees hired,27.3,%,Affected total: 25696 people,,,,,
Corporate Governance - Leadership Demographics,Hitachi Ltd.,2024,Directors Total,12,People,"As of June 2024. 10 Men, 2 Women, 7 Japanese, 5 Non-Japanese",,,,,,
Corporate Governance - Leadership Demographics,Hitachi Ltd.,2024,Executive officers Total,35,People,"As of June 2024. 33 Men, 2 Women, 27 Japanese, 8 Non-Japanese",,,,,,
Corporate Governance - Leadership Demographics,Hitachi Ltd.,2024,Executive officers and corporate officers Total,76,People,"As of June 2024. 67 Men, 9 Women, 57 Japanese, 19 Non-Japanese",,,,,,
Corporate Governance - Leadership Demographics,Hitachi Ltd.,2024,Ratios of women executive officers and corporate officers,11.8,%,"As of June 2024.""",,,,,,
Corporate Governance - Leadership Demographics,Hitachi Ltd.,2024,Ratios of non-Japanese executive officers and corporate officers,25,%,"As of June 2024.""",,,,,,
Governance - Business Ethics and Compliance,Hitachi Group,2019,Number of participants of business ethics and compliance training,,People,,,,,,,,
Governance - Business Ethics and Compliance,Hitachi Group,2020,Number of participants of business ethics and compliance training,,People,,,,,,,,
Governance - Business Ethics and Compliance,Hitachi Group,2021,Number of participants of business ethics and compliance training,341888,People,,,,,,,,
Governance - Business Ethics and Compliance,Hitachi Group,2022,Number of participants of business ethics and compliance training,331525,People,,,,,,,,
Governance - Business Ethics and Compliance,Hitachi Group,2023,Number of participants of business ethics and compliance training,293985,People,,,,,,,,
Governance - Business Ethics and Compliance,Hitachi Group,2019,Participation rate of business ethics and compliance training,,%,"Affected total: - people""",,,,,,,
Governance - Business Ethics and Compliance,Hitachi Group,2020,Participation rate of business ethics and compliance training,,%,"Affected total: - people""",,,,,,,
Governance - Business Ethics and Compliance,Hitachi Group,2021,Participation rate of business ethics and compliance training,99.1,%,Affected total: 341,"888 people""",,,,,,
Governance - Business Ethics and Compliance,Hitachi Group,2022,Participation rate of business ethics and compliance training,95.1,%,Affected total: 331,"525 people""",,,,,,
Governance - Business Ethics and Compliance,Hitachi Group,2023,Participation rate of business ethics and compliance training,79.2,%,Affected total: 293,"985 people""",,,,,,
Governance - Whistleblower System,Hitachi Group,2019,Number of compliance reports Total,459,Cases,,,,,,,,
Governance - Whistleblower System,Hitachi Group,2020,Number of compliance reports Total,639,Cases,,,,,,,,
Governance - Whistleblower System,Hitachi Group,2021,Number of compliance reports Total,1023,Cases,,,,,,,,
Governance - Whistleblower System,Hitachi Group,2022,Number of compliance reports Total,1276,Cases,,,,,,,,
Governance - Whistleblower System,Hitachi Group,2023,Number of compliance reports Total,1619,Cases,,,,,,,,
Governance - Whistleblower System,Hitachi Group,2019,Number of compliance reports (HR issues),,Cases,,,,,,,,
Governance - Whistleblower System,Hitachi Group,2020,Number of compliance reports (HR issues),,Cases,,,,,,,,
Governance - Whistleblower System,Hitachi Group,2021,Number of compliance reports (HR issues),226,Cases,,,,,,,,
Governance - Whistleblower System,Hitachi Group,2022,Number of compliance reports (HR issues),294,Cases,,,,,,,,
Governance - Whistleblower System,Hitachi Group,2023,Number of compliance reports (HR issues),265,Cases,,,,,,,,
Governance - Whistleblower System,Hitachi Group,2019,Number of compliance reports (Harassment),,Cases,,,,,,,,
Governance - Whistleblower System,Hitachi Group,2020,Number of compliance reports (Harassment),,Cases,,,,,,,,
Governance - Whistleblower System,Hitachi Group,2021,Number of compliance reports (Harassment),341,Cases,,,,,,,,
Governance - Whistleblower System,Hitachi Group,2022,Number of compliance reports (Harassment),457,Cases,,,,,,,,
Governance - Whistleblower System,Hitachi Group,2023,Number of compliance reports (Harassment),673,Cases,,,,,,,,
Governance - Whistleblower System,Hitachi Group,2019,Number of compliance reports (Financial),,Cases,,,,,,,,
Governance - Whistleblower System,Hitachi Group,2020,Number of compliance reports (Financial),,Cases,,,,,,,,
Governance - Whistleblower System,Hitachi Group,2021,Number of compliance reports (Financial),27,Cases,,,,,,,,
Governance - Whistleblower System,Hitachi Group,2022,Number of compliance reports (Financial),34,Cases,,,,,,,,
Governance - Whistleblower System,Hitachi Group,2023,Number of compliance reports (Financial),69,Cases,,,,,,,,
Governance - Whistleblower System,Hitachi Group,2019,Number of compliance reports (Procurement),,Cases,,,,,,,,
Governance - Whistleblower System,Hitachi Group,2020,Number of compliance reports (Procurement),,Cases,,,,,,,,
Governance - Whistleblower System,Hitachi Group,2021,Number of compliance reports (Procurement),26,Cases,,,,,,,,
Governance - Whistleblower System,Hitachi Group,2022,Number of compliance reports (Procurement),29,Cases,,,,,,,,
Governance - Whistleblower System,Hitachi Group,2023,Number of compliance reports (Procurement),8,Cases,,,,,,,,
Governance - Whistleblower System,Hitachi Group,2019,Number of compliance reports (Competition law),,Cases,,,,,,,,
Governance - Whistleblower System,Hitachi Group,2020,Number of compliance reports (Competition law),,Cases,,,,,,,,
Governance - Whistleblower System,Hitachi Group,2021,Number of compliance reports (Competition law),3,Cases,,,,,,,,
Governance - Whistleblower System,Hitachi Group,2022,Number of compliance reports (Competition law),2,Cases,,,,,,,,
Governance - Whistleblower System,Hitachi Group,2023,Number of compliance reports (Competition law),6,Cases,,,,,,,,
Governance - Whistleblower System,Hitachi Group,2019,Number of compliance reports (Bribery),,Cases,,,,,,,,
Governance - Whistleblower System,Hitachi Group,2020,Number of compliance reports (Bribery),,Cases,,,,,,,,
Governance - Whistleblower System,Hitachi Group,2021,Number of compliance reports (Bribery),30,Cases,,,,,,,,
Governance - Whistleblower System,Hitachi Group,2022,Number of compliance reports (Bribery),31,Cases,,,,,,,,
Governance - Whistleblower System,Hitachi Group,2023,Number of compliance reports (Bribery),46,Cases,,,,,,,,
Governance - Whistleblower System,Hitachi Group,2019,Number of compliance reports (Others),,Cases,,,,,,,,
Governance - Whistleblower System,Hitachi Group,2020,Number of compliance reports (Others),,Cases,,,,,,,,
Governance - Whistleblower System,Hitachi Group,2021,Number of compliance reports (Others),370,Cases,,,,,,,,
Governance - Whistleblower System,Hitachi Group,2022,Number of compliance reports (Others),429,Cases,,,,,,,,
Governance - Whistleblower System,Hitachi Group,2023,Number of compliance reports (Others),552,Cases,,,,,,,,
General,Netflix,2019,Members (as of the end of the calendar year),167,millions,,,,,,,,
General,Netflix,2020,Members (as of the end of the calendar year),204,millions,,,,,,,,
General,Netflix,2021,Members (as of the end of the calendar year),222,millions,,,,,,,,
General,Netflix,2022,Members (as of the end of the calendar year),231,millions,,,,,,,,
General,Netflix,2023,Members (as of the end of the calendar year),260,millions,,,,,,,,
General,Netflix,2024,Members (as of the end of the calendar year),302,millions,,,,,,,,
General,Netflix,2019,Employees,8600,,,,,,,,,
General,Netflix,2020,Employees,9400,,,,,,,,,
General,Netflix,2021,Employees,11300,,,,,,,,,
General,Netflix,2022,Employees,12800,,,,,,,,,
General,Netflix,2023,Employees,13000,,,,,,,,,
General,Netflix,2024,Employees,14000,,,,,,,,,
General,Netflix,2019,Revenue,20156,millions,USD,,,,,,,
General,Netflix,2020,Revenue,24996,millions,USD,,,,,,,
General,Netflix,2021,Revenue,29698,millions,USD,,,,,,,
General,Netflix,2022,Revenue,31616,millions,USD,,,,,,,
General,Netflix,2023,Revenue,33723,millions,USD,,,,,,,
General,Netflix,2024,Revenue,39001,millions,USD,,,,,,,
General,Netflix,2019,Value Added49,7716,millions,USD,,,,,,,
General,Netflix,2020,Value Added49,9720,millions,USD,,,,,,,
General,Netflix,2021,Value Added49,12365,millions,USD,,,,,,,
General,Netflix,2022,Value Added49,12447,millions,USD,,,,,,,
General,Netflix,2023,Value Added49,14008,millions,USD,,,,,,,
General,Netflix,2024,Value Added49,17963,millions,USD,,,,,,,
Environment,Netflix,2019,Purchased Grid Electricity,81136,MWh,,,,,,,,
Environment,Netflix,2020,Purchased Grid Electricity,94285,MWh,,,,,,,,
Environment,Netflix,2021,Purchased Grid Electricity,156555,MWh,,,,,,,,
Environment,Netflix,2022,Purchased Grid Electricity,156967,MWh,,,,,,,,
Environment,Netflix,2023,Purchased Grid Electricity,113754,MWh,,,,,,,,
Environment,Netflix,2024,Purchased Grid Electricity,158039,MWh,,,,,,,,
Environment,Netflix,2019,Global Renewable Electricity,100,%,,,,,,,,
Environment,Netflix,2020,Global Renewable Electricity,100,%,,,,,,,,
Environment,Netflix,2021,Global Renewable Electricity,100,%,,,,,,,,
Environment,Netflix,2022,Global Renewable Electricity,100,%,,,,,,,,
Environment,Netflix,2023,Global Renewable Electricity,100,%,,,,,,,,
Environment,Netflix,2024,Global Renewable Electricity,100,%,,,,,,,,
Environment,Netflix,2019,Scope 1 Emissions,51487,Metrics Tons CO2e,,,,,,,,
Environment,Netflix,2020,Scope 1 Emissions,30883,Metrics Tons CO2e,,,,,,,,
Environment,Netflix,2021,Scope 1 Emissions,62815,Metrics Tons CO2e,,,,,,,,
Environment,Netflix,2022,Scope 1 Emissions,59388,Metrics Tons CO2e,,,,,,,,
Environment,Netflix,2023,Scope 1 Emissions,25790,Metrics Tons CO2e,,,,,,,,
Environment,Netflix,2024,Scope 1 Emissions,50488,Metrics Tons CO2e,,,,,,,,
Environment,Netflix,2019,Scope 1 Emissions,51487,Metrics Tons CO2e,Target-Based,,,,,,,
Environment,Netflix,2020,Scope 1 Emissions,30883,Metrics Tons CO2e,Target-Based,,,,,,,
Environment,Netflix,2021,Scope 1 Emissions,62815,Metrics Tons CO2e,Target-Based,,,,,,,
Environment,Netflix,2022,Scope 1 Emissions,59388,Metrics Tons CO2e,Target-Based,,,,,,,
Environment,Netflix,2023,Scope 1 Emissions,25790,Metrics Tons CO2e,Target-Based,,,,,,,
Environment,Netflix,2024,Scope 1 Emissions,49647,Metrics Tons CO2e,Target-Based,,,,,,,
Environment,Netflix,2019,Scope 2 Emissions,565,Metrics Tons CO2e,Market-Based,,,,,,,
Environment,Netflix,2020,Scope 2 Emissions,141,Metrics Tons CO2e,Market-Based,,,,,,,
Environment,Netflix,2021,Scope 2 Emissions,0,Metrics Tons CO2e,Market-Based,,,,,,,
Environment,Netflix,2022,Scope 2 Emissions,0,Metrics Tons CO2e,Market-Based,,,,,,,
Environment,Netflix,2023,Scope 2 Emissions,0,Metrics Tons CO2e,Market-Based,,,,,,,
Environment,Netflix,2024,Scope 2 Emissions,0,Metrics Tons CO2e,Market-Based,,,,,,,
Environment,Netflix,2019,Scope 2 Emissions,26594,Metrics Tons CO2e,Location-Based,,,,,,,
Environment,Netflix,2020,Scope 2 Emissions,28585,Metrics Tons CO2e,Location-Based,,,,,,,
Environment,Netflix,2021,Scope 2 Emissions,42291,Metrics Tons CO2e,Location-Based,,,,,,,
Environment,Netflix,2022,Scope 2 Emissions,41411,Metrics Tons CO2e,Location-Based,,,,,,,
Environment,Netflix,2023,Scope 2 Emissions,30303,Metrics Tons CO2e,Location-Based,,,,,,,
Environment,Netflix,2024,Scope 2 Emissions,40684,Metrics Tons CO2e,Location-Based,,,,,,,
Environment,Netflix,2019,Scope 2 Emissions,26317,Metrics Tons CO2e,Target-Based,,,,,,,
Environment,Netflix,2020,Scope 2 Emissions,29356,Metrics Tons CO2e,Target-Based,,,,,,,
Environment,Netflix,2021,Scope 2 Emissions,31937,Metrics Tons CO2e,Target-Based,,,,,,,
Environment,Netflix,2022,Scope 2 Emissions,23622,Metrics Tons CO2e,Target-Based,,,,,,,
Environment,Netflix,2023,Scope 2 Emissions,15281,Metrics Tons CO2e,Target-Based,,,,,,,
Environment,Netflix,2024,Scope 2 Emissions,25353,Metrics Tons CO2e,Target-Based,,,,,,,
Environment,Netflix,2019,Scope 3 Emissions,1192659,Metrics Tons CO2e,Market-Based,,,,,,,
Environment,Netflix,2020,Scope 3 Emissions,1020541,Metrics Tons CO2e,Market-Based,,,,,,,
Environment,Netflix,2021,Scope 3 Emissions,1466497,Metrics Tons CO2e,Market-Based,,,,,,,
Environment,Netflix,2022,Scope 3 Emissions,1086833,Metrics Tons CO2e,Market-Based,,,,,,,
Environment,Netflix,2023,Scope 3 Emissions,817317,Metrics Tons CO2e,Market-Based,,,,,,,
Environment,Netflix,2024,Scope 3 Emissions,986738,Metrics Tons CO2e,Market-Based,,,,,,,
Environment,Netflix,2022,Category 1: Purchased Goods & Services,841060,Metrics Tons CO2e,,,,,,,,
Environment,Netflix,2023,Category 1: Purchased Goods & Services,618537,Metrics Tons CO2e,,,,,,,,
Environment,Netflix,2024,Category 1: Purchased Goods & Services,689044,Metrics Tons CO2e,,,,,,,,
Environment,Netflix,2022,Category 2: Capital Goods,64229,Metrics Tons CO2e,,,,,,,,
Environment,Netflix,2023,Category 2: Capital Goods,58048,Metrics Tons CO2e,,,,,,,,
Environment,Netflix,2024,Category 2: Capital Goods,92339,Metrics Tons CO2e,,,,,,,,
Environment,Netflix,2024,Category 3: Upstream Energy Losses,22137,Metrics Tons CO2e,,,,,,,,
Environment,Netflix,2024,Category 4: Upstream Transportation and Distribution,25718,Metrics Tons CO2e,,,,,,,,
Environment,Netflix,2024,Category 5: Waste from Operations,4864,Metrics Tons CO2e,,,,,,,,
Environment,Netflix,2022,Category 6: Business Travel,105756,Metrics Tons CO2e,,,,,,,,
Environment,Netflix,2023,Category 6: Business Travel,94259,Metrics Tons CO2e,,,,,,,,
Environment,Netflix,2024,Category 6: Business Travel,136259,Metrics Tons CO2e,,,,,,,,
Environment,Netflix,2024,Category 7: Employee Commuting and WFH,13827,Metrics Tons CO2e,,,,,,,,
Environment,Netflix,2024,Category 8: Upstream Leased Assets,85,Metrics Tons CO2e,,,,,,,,
Environment,Netflix,2024,Category 11: Use of Sold Products,2386,Metrics Tons CO2e,,,,,,,,
Environment,Netflix,2024,Category 13: Downstream Leased Assets,79,Metrics Tons CO2e,,,,,,,,
Environment,Netflix,2019,Scope 3 Emissions,1234936,Metrics Tons CO2e,Location-Based,,,,,,,
Environment,Netflix,2020,Scope 3 Emissions,1067778,Metrics Tons CO2e,Location-Based,,,,,,,
Environment,Netflix,2021,Scope 3 Emissions,1471243,Metrics Tons CO2e,Location-Based,,,,,,,
Environment,Netflix,2022,Scope 3 Emissions,1110989,Metrics Tons CO2e,Location-Based,,,,,,,
Environment,Netflix,2023,Scope 3 Emissions,840778,Metrics Tons CO2e,Location-Based,,,,,,,
Environment,Netflix,2024,Scope 3 Emissions,1037952,Metrics Tons CO2e,Location-Based,,,,,,,
Environment,Netflix,2019,Scope 3 emissions,867804,Metrics Tons CO2e,Target-Based (SBTi Boundary),,,,,,,
Environment,Netflix,2020,Scope 3 emissions,745436,Metrics Tons CO2e,Target-Based (SBTi Boundary),,,,,,,
Environment,Netflix,2021,Scope 3 emissions,1043612,Metrics Tons CO2e,Target-Based (SBTi Boundary),,,,,,,
Environment,Netflix,2022,Scope 3 emissions,805704,Metrics Tons CO2e,Target-Based (SBTi Boundary),,,,,,,
Environment,Netflix,2023,Scope 3 emissions,646848,Metrics Tons CO2e,Target-Based (SBTi Boundary),,,,,,,
Environment,Netflix,2024,Scope 3 emissions,862884,Metrics Tons CO2e,Target-Based (SBTi Boundary),,,,,,,
Environment,Netflix,2019,Scope 3 Target-Based Intensity,112,Metric Tons CO2e per $ value added,,,,,,,,
Environment,Netflix,2020,Scope 3 Target-Based Intensity,77,Metric Tons CO2e per $ value added,,,,,,,,
Environment,Netflix,2021,Scope 3 Target-Based Intensity,84,Metric Tons CO2e per $ value added,,,,,,,,
Environment,Netflix,2022,Scope 3 Target-Based Intensity,65,Metric Tons CO2e per $ value added,,,,,,,,
Environment,Netflix,2023,Scope 3 Target-Based Intensity,46,Metric Tons CO2e per $ value added,,,,,,,,
Environment,Netflix,2024,Scope 3 Target-Based Intensity,48,Metric Tons CO2e per $ value added,,,,,,,,
Environment,Netflix,2019,Total GHG Emissions,1244711,Metric Tons CO2e,Market-Based,,,,,,,
Environment,Netflix,2020,Total GHG Emissions,1051565,Metric Tons CO2e,Market-Based,,,,,,,
Environment,Netflix,2021,Total GHG Emissions,1529312,Metric Tons CO2e,Market-Based,,,,,,,
Environment,Netflix,2022,Total GHG Emissions,1146221,Metric Tons CO2e,Market-Based,,,,,,,
Environment,Netflix,2023,Total GHG Emissions,843107,Metric Tons CO2e,Market-Based,,,,,,,
Environment,Netflix,2024,Total GHG Emissions,1037226,Metric Tons CO2e,Market-Based,,,,,,,
Environment,Netflix,2019,Total GHG Emissions,1313017,Metric Tons CO2e,Location-Based,,,,,,,
Environment,Netflix,2020,Total GHG Emissions,1127246,Metric Tons CO2e,Location-Based,,,,,,,
Environment,Netflix,2021,Total GHG Emissions,1576349,Metric Tons CO2e,Location-Based,,,,,,,
Environment,Netflix,2022,Total GHG Emissions,1211788,Metric Tons CO2e,Location-Based,,,,,,,
Environment,Netflix,2023,Total GHG Emissions,896871,Metric Tons CO2e,Location-Based,,,,,,,
Environment,Netflix,2024,Total GHG Emissions,1129124,Metric Tons CO2e,Location-Based,,,,,,,
Environment,Netflix,2019,Carbon Credits,-36506,Metric Tons CO2e,,,,,,,,
Environment,Netflix,2020,Carbon Credits,-54107,Metric Tons CO2e,,,,,,,,
Environment,Netflix,2021,Carbon Credits,-1529312,Metric Tons CO2e,,,,,,,,
Environment,Netflix,2022,Carbon Credits,-1146221,Metric Tons CO2e,,,,,,,,
Environment,Netflix,2023,Carbon Credits,-843107,Metric Tons CO2e,,,,,,,,
Environment,Netflix,2024,Carbon Credits,-1036176,Metric Tons CO2e,,,,,,,,
Environment,Netflix,2019,Sustainable Aviation Fuel Certificates (SAFc),0,Metric Tons CO2e,,,,,,,,
Environment,Netflix,2020,Sustainable Aviation Fuel Certificates (SAFc),0,Metric Tons CO2e,,,,,,,,
Environment,Netflix,2021,Sustainable Aviation Fuel Certificates (SAFc),0,Metric Tons CO2e,,,,,,,,
Environment,Netflix,2022,Sustainable Aviation Fuel Certificates (SAFc),0,Metric Tons CO2e,,,,,,,,
Environment,Netflix,2023,Sustainable Aviation Fuel Certificates (SAFc),0,Metric Tons CO2e,,,,,,,,
Environment,Netflix,2024,Sustainable Aviation Fuel Certificates (SAFc),-1050,Metric Tons CO2e,,,,,,,,
Environment,Netflix,2019,Biogenic Emissions,0,Metric tons CO2e,,,,,,,,
Environment,Netflix,2020,Biogenic Emissions,0,Metric tons CO2e,,,,,,,,
Environment,Netflix,2021,Biogenic Emissions,1007,Metric tons CO2e,,,,,,,,
Environment,Netflix,2022,Biogenic Emissions,2033,Metric tons CO2e,,,,,,,,
Environment,Netflix,2023,Biogenic Emissions,1647,Metric tons CO2e,,,,,,,,
Environment,Netflix,2024,Biogenic Emissions,2222,Metric tons CO2e,,,,,,,,
Social,Netflix,2020,Representation Data: All Job Levels - Global Gender Identity % Women,48.7,%,,,,,,,
Social,Netflix,2021,Representation Data: All Job Levels - Global Gender Identity % Women,51.7,%,,,,,,,
Social,Netflix,2022,Representation Data: All Job Levels - Global Gender Identity % Women,49.6,%,,,,,,,
Social,Netflix,2023,Representation Data: All Job Levels - Global Gender Identity % Women,51.5,%,,,,,,,
Social,Netflix,2024,Representation Data: All Job Levels - Global Gender Identity % Women,51,%,,,,,,,
Social,Netflix,2020,Representation Data: All Job Levels - Global Gender Identity % Men,51.3,%,,,,,,,
Social,Netflix,2021,Representation Data: All Job Levels - Global Gender Identity % Men,45.7,%,,,,,,,
Social,Netflix,2022,Representation Data: All Job Levels - Global Gender Identity % Men,45,%,,,,,,,
Social,Netflix,2023,Representation Data: All Job Levels - Global Gender Identity % Men,46,%,,,,,,,
Social,Netflix,2024,Representation Data: All Job Levels - Global Gender Identity % Men,46.5,%,,,,,,,
Social,Netflix,2021,Representation Data: All Job Levels - Global Gender Identity % Additional Gender Identities,1.3,%,Gender Identity options that allow employees to self-identify from non-binary categories were added in 2021.,,,,,,
Social,Netflix,2022,Representation Data: All Job Levels - Global Gender Identity % Additional Gender Identities,1.3,%,Gender Identity options that allow employees to self-identify from non-binary categories were added in 2021.,,,,,,
Social,Netflix,2023,Representation Data: All Job Levels - Global Gender Identity % Additional Gender Identities,1.4,%,Gender Identity options that allow employees to self-identify from non-binary categories were added in 2021.,,,,,,
Social,Netflix,2024,Representation Data: All Job Levels - Global Gender Identity % Additional Gender Identities,1.4,%,Gender Identity options that allow employees to self-identify from non-binary categories were added in 2021.,,,,,,
Social,Netflix,2020,Representation Data: All Job Levels - US Race Ethnicity % Asian,24,%,,,,,,,
Social,Netflix,2021,Representation Data: All Job Levels - US Race Ethnicity % Asian,25.8,%,,,,,,,
Social,Netflix,2022,Representation Data: All Job Levels - US Race Ethnicity % Asian,27.2,%,,,,,,,
Social,Netflix,2023,Representation Data: All Job Levels - US Race Ethnicity % Asian,28.7,%,,,,,,,
Social,Netflix,2024,Representation Data: All Job Levels - US Race Ethnicity % Asian,29.8,%,,,,,,,
Social,Netflix,2020,Representation Data: All Job Levels - US Race Ethnicity % Black,8.6,%,,,,,,,
Social,Netflix,2021,Representation Data: All Job Levels - US Race Ethnicity % Black,11.7,%,,,,,,,
Social,Netflix,2022,Representation Data: All Job Levels - US Race Ethnicity % Black,10.8,%,,,,,,,
Social,Netflix,2023,Representation Data: All Job Levels - US Race Ethnicity % Black,10.6,%,,,,,,,
Social,Netflix,2024,Representation Data: All Job Levels - US Race Ethnicity % Black,10.2,%,,,,,,,
Social,Netflix,2020,Representation Data: All Job Levels - US Race Ethnicity % Hispanic/Latino/A/X,7.9,%,,,,,,,
Social,Netflix,2021,Representation Data: All Job Levels - US Race Ethnicity % Hispanic/Latino/A/X,11.2,%,,,,,,,
Social,Netflix,2022,Representation Data: All Job Levels - US Race Ethnicity % Hispanic/Latino/A/X,11.9,%,,,,,,,
Social,Netflix,2023,Representation Data: All Job Levels - US Race Ethnicity % Hispanic/Latino/A/X,12.2,%,,,,,,,
Social,Netflix,2024,Representation Data: All Job Levels - US Race Ethnicity % Hispanic/Latino/A/X,12.2,%,,,,,,,
Social,Netflix,2020,Representation Data: All Job Levels - US Race Ethnicity % Middle Eastern/North African,0.8,%,,,,,,,
Social,Netflix,2021,Representation Data: All Job Levels - US Race Ethnicity % Middle Eastern/North African,2.2,%,,,,,,,
Social,Netflix,2022,Representation Data: All Job Levels - US Race Ethnicity % Middle Eastern/North African,2.6,%,,,,,,,
Social,Netflix,2023,Representation Data: All Job Levels - US Race Ethnicity % Middle Eastern/North African,2.8,%,,,,,,,
Social,Netflix,2024,Representation Data: All Job Levels - US Race Ethnicity % Middle Eastern/North African,2.6,%,,,,,,,
Social,Netflix,2020,Representation Data: All Job Levels - US Race Ethnicity % Native American/Alaskan Native,0.3,%,,,,,,,
Social,Netflix,2021,Representation Data: All Job Levels - US Race Ethnicity % Native American/Alaskan Native,0.6,%,,,,,,,
Social,Netflix,2022,Representation Data: All Job Levels - US Race Ethnicity % Native American/Alaskan Native,0.7,%,,,,,,,
Social,Netflix,2023,Representation Data: All Job Levels - US Race Ethnicity % Native American/Alaskan Native,0.7,%,,,,,,,
Social,Netflix,2024,Representation Data: All Job Levels - US Race Ethnicity % Native American/Alaskan Native,0.6,%,,,,,,,
Social,Netflix,2020,Representation Data: All Job Levels - US Race Ethnicity % Native Hawaiian/Other Pacific Islander,0.5,%,,,,,,,
Social,Netflix,2021,Representation Data: All Job Levels - US Race Ethnicity % Native Hawaiian/Other Pacific Islander,0.8,%,,,,,,,
Social,Netflix,2022,Representation Data: All Job Levels - US Race Ethnicity % Native Hawaiian/Other Pacific Islander,0.9,%,,,,,,,
Social,Netflix,2023,Representation Data: All Job Levels - US Race Ethnicity % Native Hawaiian/Other Pacific Islander,0.9,%,,,,,,,
Social,Netflix,2024,Representation Data: All Job Levels - US Race Ethnicity % Native Hawaiian/Other Pacific Islander,0.8,%,,,,,,,
Social,Netflix,2020,Representation Data: All Job Levels - US Race Ethnicity % White,44.3,%,,,,,,,
Social,Netflix,2021,Representation Data: All Job Levels - US Race Ethnicity % White,46.6,%,,,,,,,
Social,Netflix,2022,Representation Data: All Job Levels - US Race Ethnicity % White,48.2,%,,,,,,,
Social,Netflix,2023,Representation Data: All Job Levels - US Race Ethnicity % White,47.7,%,,,,,,,
Social,Netflix,2024,Representation Data: All Job Levels - US Race Ethnicity % White,47.6,%,,,,,,,
Social,Netflix,2020,Representation Data: All Job Levels - US Race Ethnicity % 2 or more races/ethnicities,4.8,%,,,,,,,
Social,Netflix,2020,Representation Data: Director + Job Levels - Global Gender Identity % Women,47.8,%,,,,,,,
Social,Netflix,2021,Representation Data: Director + Job Levels - Global Gender Identity % Women,51.2,%,,,,,,,
Social,Netflix,2022,Representation Data: Director + Job Levels - Global Gender Identity % Women,51.4,%,,,,,,,
Social,Netflix,2023,Representation Data: Director + Job Levels - Global Gender Identity % Women,52.4,%,,,,,,,
Social,Netflix,2024,Representation Data: Director + Job Levels - Global Gender Identity % Women,51.7,%,,,,,,,
Social,Netflix,2020,Representation Data: Director + Job Levels - Global Gender Identity % Men,52.2,%,,,,,,,
Social,Netflix,2021,Representation Data: Director + Job Levels - Global Gender Identity % Men,47.8,%,,,,,,,
Social,Netflix,2022,Representation Data: Director + Job Levels - Global Gender Identity % Men,45.6,%,,,,,,,
Social,Netflix,2023,Representation Data: Director + Job Levels - Global Gender Identity % Men,46.2,%,,,,,,,
Social,Netflix,2024,Representation Data: Director + Job Levels - Global Gender Identity % Men,46.8,%,,,,,,,
Social,Netflix,2021,Representation Data: Director + Job Levels - Global Gender Identity % Additional Gender Identities,0.3,%,,,,,,,
Social,Netflix,2022,Representation Data: Director + Job Levels - Global Gender Identity % Additional Gender Identities,0.2,%,,,,,,,
Social,Netflix,2023,Representation Data: Director + Job Levels - Global Gender Identity % Additional Gender Identities,0.2,%,,,,,,,
Social,Netflix,2024,Representation Data: Director + Job Levels - Global Gender Identity % Additional Gender Identities,0.2,%,,,,,,,
Social,Netflix,2020,Representation Data: Director + Job Levels - US Race Ethnicity % Asian,15.3,%,,,,,,,
Social,Netflix,2021,Representation Data: Director + Job Levels - US Race Ethnicity % Asian,18.6,%,,,,,,,
Social,Netflix,2022,Representation Data: Director + Job Levels - US Race Ethnicity % Asian,19.4,%,,,,,,,
Social,Netflix,2023,Representation Data: Director + Job Levels - US Race Ethnicity % Asian,19.2,%,,,,,,,
Social,Netflix,2024,Representation Data: Director + Job Levels - US Race Ethnicity % Asian,19.5,%,,,,,,,
Social,Netflix,2020,Representation Data: Director + Job Levels - US Race Ethnicity % Black,10.9,%,,,,,,,
Social,Netflix,2021,Representation Data: Director + Job Levels - US Race Ethnicity % Black,13.6,%,,,,,,,
Social,Netflix,2022,Representation Data: Director + Job Levels - US Race Ethnicity % Black,12.8,%,,,,,,,
Social,Netflix,2023,Representation Data: Director + Job Levels - US Race Ethnicity % Black,12.5,%,,,,,,,
Social,Netflix,2024,Representation Data: Director + Job Levels - US Race Ethnicity % Black,11.7,%,,,,,,,
Social,Netflix,2020,Representation Data: Director + Job Levels - US Race Ethnicity % Hispanic/Latino/A/X,4.3,%,,,,,,,
Social,Netflix,2021,Representation Data: Director + Job Levels - US Race Ethnicity % Hispanic/Latino/A/X,6.8,%,,,,,,,
Social,Netflix,2022,Representation Data: Director + Job Levels - US Race Ethnicity % Hispanic/Latino/A/X,7.6,%,,,,,,,
Social,Netflix,2023,Representation Data: Director + Job Levels - US Race Ethnicity % Hispanic/Latino/A/X,7.5,%,,,,,,,
Social,Netflix,2024,Representation Data: Director + Job Levels - US Race Ethnicity % Hispanic/Latino/A/X,7.3,%,,,,,,,
Social,Netflix,2020,Representation Data: Director + Job Levels - US Race Ethnicity % Middle Eastern/North African,0.3,%,,,,,,,
Social,Netflix,2021,Representation Data: Director + Job Levels - US Race Ethnicity % Middle Eastern/North African,2,%,,,,,,,
Social,Netflix,2022,Representation Data: Director + Job Levels - US Race Ethnicity % Middle Eastern/North African,2.6,%,,,,,,,
Social,Netflix,2023,Representation Data: Director + Job Levels - US Race Ethnicity % Middle Eastern/North African,2.7,%,,,,,,,
Social,Netflix,2024,Representation Data: Director + Job Levels - US Race Ethnicity % Middle Eastern/North African,2.3,%,,,,,,,
Social,Netflix,2020,Representation Data: Director + Job Levels - US Race Ethnicity % Native American/Alaskan Native,0,%,,,,,,,
Social,Netflix,2021,Representation Data: Director + Job Levels - US Race Ethnicity % Native American/Alaskan Native,0.4,%,,,,,,,
Social,Netflix,2022,Representation Data: Director + Job Levels - US Race Ethnicity % Native American/Alaskan Native,0.7,%,,,,,,,
Social,Netflix,2023,Representation Data: Director + Job Levels - US Race Ethnicity % Native American/Alaskan Native,0.7,%,,,,,,,
Social,Netflix,2024,Representation Data: Director + Job Levels - US Race Ethnicity % Native American/Alaskan Native,0.7,%,,,,,,,
Social,Netflix,2020,Representation Data: Director + Job Levels - US Race Ethnicity % Native Hawaiian/Other Pacific Islander,0.6,%,,,,,,,
Social,Netflix,2021,Representation Data: Director + Job Levels - US Race Ethnicity % Native Hawaiian/Other Pacific Islander,0.8,%,,,,,,,
Social,Netflix,2022,Representation Data: Director + Job Levels - US Race Ethnicity % Native Hawaiian/Other Pacific Islander,0.9,%,,,,,,,
Social,Netflix,2023,Representation Data: Director + Job Levels - US Race Ethnicity % Native Hawaiian/Other Pacific Islander,1.1,%,,,,,,,
Social,Netflix,2024,Representation Data: Director + Job Levels - US Race Ethnicity % Native Hawaiian/Other Pacific Islander,1,%,,,,,,,
Social,Netflix,2020,Representation Data: Director + Job Levels - US Race Ethnicity % White,56.6,%,,,,,,,
Social,Netflix,2021,Representation Data: Director + Job Levels - US Race Ethnicity % White,59,%,,,,,,,
Social,Netflix,2022,Representation Data: Director + Job Levels - US Race Ethnicity % White,59.3,%,,,,,,,
Social,Netflix,2023,Representation Data: Director + Job Levels - US Race Ethnicity % White,59.7,%,,,,,,,
Social,Netflix,2024,Representation Data: Director + Job Levels - US Race Ethnicity % White,61.1,%,,,,,,,
Social,Netflix,2020,Representation Data: Director + Job Levels - US Race Ethnicity % 2 or more races/ethnicities,4.2,%,,,,,,,
Social,Netflix,2023,Pay Equity,0.99,USD per $1 earned by Men,Gender (Women and Additional Gender Earnings),,,,,,,
Social,Netflix,2024,Pay Equity,0.99,USD per $1 earned by Men,Gender (Women and Additional Gender Earnings),,,,,,,
Social,Netflix,2023,Pay Equity,0.99,USD per $1 earned by White employees,Race Ethnicity (Employees from historically underrepresented ethnic and/or racial background earnings),,,,,,,
Social,Netflix,2024,Pay Equity,1,USD per $1 earned by White employees,Race Ethnicity (Employees from historically underrepresented ethnic and/or racial background earnings),,,,,,,
Social,Netflix,2024,Number of Employee Resource Groups (ERGs),18,,,,,,,,,
Social,Netflix,2021,Number of ERG Chapters,60,,,,,,,,,
Social,Netflix,2022,Number of ERG Chapters,84,,,,,,,,,
Social,Netflix,2023,Number of ERG Chapters,83,,,,,,,,,
Social,Netflix,2024,Number of ERG Chapters,82,,,,,,,,,
Social,Netflix,2021,Employee Giving Program Total Donations,31,millions,USD,,,,,,,
Social,Netflix,2022,Employee Giving Program Total Donations,34,millions,USD,,,,,,,
Social,Netflix,2023,Employee Giving Program Total Donations,35.7,millions,USD,,,,,,,
Social,Netflix,2024,Employee Giving Program Total Donations,40,millions,USD,,,,,,,
Social,Netflix,2020,Number of Government Requests to Remove Content,4,,,,,,,,,
Social,Netflix,2021,Number of Government Requests to Remove Content,7,,,,,,,,,
Social,Netflix,2022,Number of Government Requests to Remove Content,3,,,,,,,,,
Social,Netflix,2023,Number of Government Requests to Remove Content,3,,,,,,,,,
Social,Netflix,2024,Number of Government Requests to Remove Content,5,,,,,,,,,
Social,Netflix,2022,Supplier diversity spend,700,millions,USD,,,,,,,
Social,Netflix,2023,Supplier diversity spend,600,millions,USD,,,,,,,
Social,Netflix,2024,Supplier diversity spend,570,millions,USD,,,,,,,
Governance,Netflix,2020,Board of Directors,11,,number of Directors,,,,,,,
Governance,Netflix,2021,Board of Directors,12,,number of Directors,,,,,,,
Governance,Netflix,2022,Board of Directors,12,,number of Directors,,,,,,,
Governance,Netflix,2023,Board of Directors,13,,number of Directors,,,,,,,
Governance,Netflix,2024,Board of Directors,13,,number of Directors,,,,,,,
Governance,Netflix,2020,Board of Directors,10,,number of Independent Directors,,,,,,,
Governance,Netflix,2021,Board of Directors,10,,number of Independent Directors,,,,,,,
Governance,Netflix,2022,Board of Directors,10,,number of Independent Directors,,,,,,,
Governance,Netflix,2023,Board of Directors,10,,number of Independent Directors,,,,,,,
Governance,Netflix,2024,Board of Directors,10,,number of Independent Directors,,,,,,,
Governance,Netflix,2022,Gender representation on Board of Directors (number of women directors),3,,,,,,,,,
Governance,Netflix,2023,Gender representation on Board of Directors (number of women directors),4,,,,,,,,,
Governance,Netflix,2024,Gender representation on Board of Directors (number of women directors),4,,,,,,,,,
Governance,Netflix,2022,Race/Ethnicity representation on Board of Directors (number of directors from historically excluded ethnic and/or racial background),1,,,,,,,,,
Governance,Netflix,2023,Race/Ethnicity representation on Board of Directors (number of directors from historically excluded ethnic and/or racial background),2,,,,,,,,,
Governance,Netflix,2024,Race/Ethnicity representation on Board of Directors (number of directors from historically excluded ethnic and/or racial background),2,,,,,,,,,
